2026-04-20 13:12:02,715 INFO [main] o.a.j.u.JMeterUtils: Setting Locale to en_EN
2026-04-20 13:12:02,729 INFO [main] o.a.j.JMeter: Loading user properties from: /home/vlad/Installs/apache-jmeter-5.6.3/bin/user.properties
2026-04-20 13:12:02,729 INFO [main] o.a.j.JMeter: Loading system properties from: /home/vlad/Installs/apache-jmeter-5.6.3/bin/system.properties
2026-04-20 13:12:02,729 INFO [main] o.a.j.JMeter: Setting JMeter property: testDataDir=/home/vlad/diia/projects/perf-testing-methodology/test-data
2026-04-20 13:12:02,729 INFO [main] o.a.j.JMeter: Setting JMeter property: errorLogPath=/home/vlad/diia/projects/perf-testing-methodology/build/results/NestedEntity/errors.xml
2026-04-20 13:12:02,733 INFO [main] o.a.j.JMeter: Copyright (c) 1998-2024 The Apache Software Foundation
2026-04-20 13:12:02,733 INFO [main] o.a.j.JMeter: Version 5.6.3
2026-04-20 13:12:02,733 INFO [main] o.a.j.JMeter: java.version=17.0.10
2026-04-20 13:12:02,733 INFO [main] o.a.j.JMeter: java.vm.name=Java HotSpot(TM) 64-Bit Server VM
2026-04-20 13:12:02,733 INFO [main] o.a.j.JMeter: os.name=Linux
2026-04-20 13:12:02,733 INFO [main] o.a.j.JMeter: os.arch=amd64
2026-04-20 13:12:02,733 INFO [main] o.a.j.JMeter: os.version=6.8.0-110-generic
2026-04-20 13:12:02,733 INFO [main] o.a.j.JMeter: file.encoding=UTF-8
2026-04-20 13:12:02,733 INFO [main] o.a.j.JMeter: java.awt.headless=true
2026-04-20 13:12:02,734 INFO [main] o.a.j.JMeter: Max memory     =1073741824
2026-04-20 13:12:02,734 INFO [main] o.a.j.JMeter: Available Processors =8
2026-04-20 13:12:02,740 INFO [main] o.a.j.JMeter: Default Locale=English (EN)
2026-04-20 13:12:02,740 INFO [main] o.a.j.JMeter: JMeter  Locale=English (EN)
2026-04-20 13:12:02,740 INFO [main] o.a.j.JMeter: JMeterHome=/home/vlad/Installs/apache-jmeter-5.6.3
2026-04-20 13:12:02,740 INFO [main] o.a.j.JMeter: user.dir  =/home/vlad/diia/projects/perf-testing-methodology
2026-04-20 13:12:02,740 INFO [main] o.a.j.JMeter: PWD       =/home/vlad/diia/projects/perf-testing-methodology
2026-04-20 13:12:02,740 INFO [main] o.a.j.JMeter: IP: 127.0.1.1 Name: ubuntu-pc FullName: ubuntu-pc
2026-04-20 13:12:02,748 INFO [main] o.a.j.JMeter: Setting property 'jmeter.reportgenerator.outputdir' to:'/home/vlad/diia/projects/perf-testing-methodology/html-report/NestedEntity'
2026-04-20 13:12:02,750 INFO [main] o.a.j.s.FileServer: Default base='/home/vlad/diia/projects/perf-testing-methodology'
2026-04-20 13:12:02,750 INFO [main] o.a.j.s.FileServer: Set new base='/home/vlad/diia/projects/perf-testing-methodology/src/test/jmeter'
2026-04-20 13:12:02,869 INFO [main] o.a.j.s.SaveService: Testplan (JMX) version: 2.2. Testlog (JTL) version: 2.2
2026-04-20 13:12:02,884 INFO [main] o.a.j.s.SaveService: Using SaveService properties version 5.0
2026-04-20 13:12:02,886 INFO [main] o.a.j.s.SaveService: Using SaveService properties file encoding UTF-8
2026-04-20 13:12:02,887 INFO [main] o.a.j.s.SaveService: Loading file: /home/vlad/diia/projects/perf-testing-methodology/src/test/jmeter/feature-nested-entity-test-process.jmx
2026-04-20 13:12:02,923 INFO [main] o.a.j.p.h.c.CookieManager: Settings: Delete null: true Check: true Allow variable: true Save: false Prefix: COOKIE_
2026-04-20 13:12:02,944 INFO [main] o.a.j.p.h.s.HTTPSamplerBase: Parser for text/html is org.apache.jmeter.protocol.http.parser.LagartoBasedHtmlParser
2026-04-20 13:12:02,944 INFO [main] o.a.j.p.h.s.HTTPSamplerBase: Parser for application/xhtml+xml is org.apache.jmeter.protocol.http.parser.LagartoBasedHtmlParser
2026-04-20 13:12:02,944 INFO [main] o.a.j.p.h.s.HTTPSamplerBase: Parser for application/xml is org.apache.jmeter.protocol.http.parser.LagartoBasedHtmlParser
2026-04-20 13:12:02,944 INFO [main] o.a.j.p.h.s.HTTPSamplerBase: Parser for text/xml is org.apache.jmeter.protocol.http.parser.LagartoBasedHtmlParser
2026-04-20 13:12:02,944 INFO [main] o.a.j.p.h.s.HTTPSamplerBase: Parser for text/vnd.wap.wml is org.apache.jmeter.protocol.http.parser.RegexpHTMLParser
2026-04-20 13:12:02,944 INFO [main] o.a.j.p.h.s.HTTPSamplerBase: Parser for text/css is org.apache.jmeter.protocol.http.parser.CssParser
2026-04-20 13:12:03,169 INFO [main] o.a.j.JMeter: Creating summariser <summary>
2026-04-20 13:12:03,171 INFO [main] o.a.j.r.d.ReportGenerator: ReportGenerator will use for Parsing the separator: ','
2026-04-20 13:12:03,171 INFO [main] o.a.j.r.d.ReportGenerator: Will generate report at end of test from  results file: /home/vlad/diia/projects/perf-testing-methodology/build/results/NestedEntity/results.csv
2026-04-20 13:12:03,171 INFO [main] o.a.j.r.d.ReportGenerator: Reading report generator properties from: /home/vlad/Installs/apache-jmeter-5.6.3/bin/reportgenerator.properties
2026-04-20 13:12:03,172 INFO [main] o.a.j.r.d.ReportGenerator: Merging with JMeter properties
2026-04-20 13:12:03,174 INFO [main] o.a.j.r.c.ReportGeneratorConfiguration: Property 'jmeter.reportgenerator.temp_dir' not found, using default value 'temp' instead.
2026-04-20 13:12:03,176 INFO [main] o.a.j.r.c.ReportGeneratorConfiguration: Property 'jmeter.reportgenerator.apdex_per_transaction' not found, using default value 'null' instead.
2026-04-20 13:12:03,176 INFO [main] o.a.j.r.c.ReportGeneratorConfiguration: apdex_per_transaction is empty, not APDEX per transaction customization
2026-04-20 13:12:03,176 INFO [main] o.a.j.r.c.ReportGeneratorConfiguration: Property 'jmeter.reportgenerator.sample_filter' not found, using default value 'null' instead.
2026-04-20 13:12:03,176 INFO [main] o.a.j.r.c.ReportGeneratorConfiguration: Property 'jmeter.reportgenerator.report_title' not found, using default value 'null' instead.
2026-04-20 13:12:03,176 INFO [main] o.a.j.r.c.ReportGeneratorConfiguration: Property 'jmeter.reportgenerator.start_date' not found, using default value 'null' instead.
2026-04-20 13:12:03,176 INFO [main] o.a.j.r.c.ReportGeneratorConfiguration: Property 'jmeter.reportgenerator.end_date' not found, using default value 'null' instead.
2026-04-20 13:12:03,176 INFO [main] o.a.j.r.c.ReportGeneratorConfiguration: Property 'jmeter.reportgenerator.date_format' not found, using default value 'null' instead.
2026-04-20 13:12:03,176 INFO [main] o.a.j.r.c.ReportGeneratorConfiguration: Will use date range start date: null, end date: null
2026-04-20 13:12:03,179 INFO [main] o.a.j.r.c.ReportGeneratorConfiguration: Property 'jmeter.reportgenerator.graph.totalTPS.exclude_controllers' not found, using default value 'false' instead.
2026-04-20 13:12:03,179 INFO [main] o.a.j.r.c.ReportGeneratorConfiguration: Property 'jmeter.reportgenerator.graph.activeThreadsOverTime.exclude_controllers' not found, using default value 'false' instead.
2026-04-20 13:12:03,179 INFO [main] o.a.j.r.c.ReportGeneratorConfiguration: Property 'jmeter.reportgenerator.graph.timeVsThreads.exclude_controllers' not found, using default value 'false' instead.
2026-04-20 13:12:03,179 INFO [main] o.a.j.r.c.ReportGeneratorConfiguration: Property 'jmeter.reportgenerator.graph.responseTimeDistribution.exclude_controllers' not found, using default value 'false' instead.
2026-04-20 13:12:03,179 INFO [main] o.a.j.r.c.ReportGeneratorConfiguration: Property 'jmeter.reportgenerator.graph.transactionsPerSecond.exclude_controllers' not found, using default value 'false' instead.
2026-04-20 13:12:03,179 INFO [main] o.a.j.r.c.ReportGeneratorConfiguration: Property 'jmeter.reportgenerator.graph.responseTimePercentiles.exclude_controllers' not found, using default value 'false' instead.
2026-04-20 13:12:03,179 INFO [main] o.a.j.r.c.ReportGeneratorConfiguration: Property 'jmeter.reportgenerator.graph.responseTimePercentilesOverTime.exclude_controllers' not found, using default value 'false' instead.
2026-04-20 13:12:03,179 INFO [main] o.a.j.r.c.ReportGeneratorConfiguration: Property 'jmeter.reportgenerator.graph.responseTimesOverTime.exclude_controllers' not found, using default value 'false' instead.
2026-04-20 13:12:03,179 INFO [main] o.a.j.r.c.ReportGeneratorConfiguration: Property 'jmeter.reportgenerator.graph.connectTimeOverTime.exclude_controllers' not found, using default value 'false' instead.
2026-04-20 13:12:03,180 INFO [main] o.a.j.r.c.ReportGeneratorConfiguration: Property 'jmeter.reportgenerator.graph.latenciesOverTime.exclude_controllers' not found, using default value 'false' instead.
2026-04-20 13:12:03,180 INFO [main] o.a.j.r.c.ReportGeneratorConfiguration: Property 'jmeter.reportgenerator.exporter.json.filters_only_sample_series' not found, using default value 'true' instead.
2026-04-20 13:12:03,180 INFO [main] o.a.j.r.c.ReportGeneratorConfiguration: Property 'jmeter.reportgenerator.exporter.json.series_filter' not found, using default value '' instead.
2026-04-20 13:12:03,180 INFO [main] o.a.j.r.c.ReportGeneratorConfiguration: Property 'jmeter.reportgenerator.exporter.json.show_controllers_only' not found, using default value 'false' instead.
2026-04-20 13:12:03,181 INFO [main] o.a.j.r.c.ReportGeneratorConfiguration: Property 'jmeter.reportgenerator.exporter.html.filters_only_sample_series' not found, using default value 'true' instead.
2026-04-20 13:12:03,181 INFO [main] o.a.j.r.c.ReportGeneratorConfiguration: Property 'jmeter.reportgenerator.exporter.html.series_filter' not found, using default value '' instead.
2026-04-20 13:12:03,181 INFO [main] o.a.j.r.c.ReportGeneratorConfiguration: Property 'jmeter.reportgenerator.exporter.html.show_controllers_only' not found, using default value 'false' instead.
2026-04-20 13:12:03,190 INFO [StandardJMeterEngine-1] o.a.j.e.StandardJMeterEngine: Running the test!
2026-04-20 13:12:03,191 INFO [StandardJMeterEngine-1] o.a.j.s.SampleEvent: List of sample_variables: []
2026-04-20 13:12:03,191 INFO [StandardJMeterEngine-1] o.a.j.s.SampleEvent: List of sample_variables: []
2026-04-20 13:12:03,194 INFO [StandardJMeterEngine-1] o.a.j.e.u.CompoundVariable: Note: Function class names must contain the string: '.functions.'
2026-04-20 13:12:03,194 INFO [StandardJMeterEngine-1] o.a.j.e.u.CompoundVariable: Note: Function class names must not contain the string: '.gui.'
2026-04-20 13:12:03,218 INFO [StandardJMeterEngine-1] o.a.j.r.ClassFinder: Will scan jar /home/vlad/Installs/apache-jmeter-5.6.3/lib/ext/jmeter-plugins-graphs-basic-2.0.jar with filter ExtendsClassFilter [parents=[interface org.apache.jmeter.functions.Function], inner=false, contains=null, notContains=null]. Consider exposing JMeter plugins via META-INF/services, and add JMeter-Skip-Class-Scanning=true manifest attribute so JMeter can skip classfile scanning
2026-04-20 13:12:03,226 INFO [StandardJMeterEngine-1] o.a.j.r.ClassFinder: Will scan jar /home/vlad/Installs/apache-jmeter-5.6.3/lib/ext/jmeter-plugins-manager-1.12.jar with filter ExtendsClassFilter [parents=[interface org.apache.jmeter.functions.Function], inner=false, contains=null, notContains=null]. Consider exposing JMeter plugins via META-INF/services, and add JMeter-Skip-Class-Scanning=true manifest attribute so JMeter can skip classfile scanning
2026-04-20 13:12:03,273 INFO [StandardJMeterEngine-1] o.a.j.r.ClassFinder: Will scan jar /home/vlad/Installs/apache-jmeter-5.6.3/lib/ext/jmeter-plugins-casutg-3.1.1.jar with filter ExtendsClassFilter [parents=[interface org.apache.jmeter.functions.Function], inner=false, contains=null, notContains=null]. Consider exposing JMeter plugins via META-INF/services, and add JMeter-Skip-Class-Scanning=true manifest attribute so JMeter can skip classfile scanning
2026-04-20 13:12:03,428 INFO [StandardJMeterEngine-1] o.a.j.JMeter: Running test (1776679923428)
2026-04-20 13:12:03,429 INFO [StandardJMeterEngine-1] o.a.j.e.StandardJMeterEngine: Starting setUp thread groups
2026-04-20 13:12:03,429 INFO [StandardJMeterEngine-1] o.a.j.e.StandardJMeterEngine: Starting setUp ThreadGroup: 1 : setUp Thread Group 
2026-04-20 13:12:03,429 INFO [StandardJMeterEngine-1] o.a.j.e.StandardJMeterEngine: Starting 1 threads for group setUp Thread Group.
2026-04-20 13:12:03,429 INFO [StandardJMeterEngine-1] o.a.j.e.StandardJMeterEngine: Thread will continue on error
2026-04-20 13:12:03,429 INFO [StandardJMeterEngine-1] o.a.j.t.ThreadGroup: Starting thread group... number=1 threads=1 ramp-up=1 delayedStart=false
2026-04-20 13:12:03,431 INFO [StandardJMeterEngine-1] o.a.j.t.ThreadGroup: Started thread group number 1
2026-04-20 13:12:03,431 INFO [StandardJMeterEngine-1] o.a.j.e.StandardJMeterEngine: Waiting for all setup thread groups to exit
2026-04-20 13:12:03,436 INFO [setUp Thread Group 1-1] o.a.j.t.JMeterThread: Thread started: setUp Thread Group 1-1
2026-04-20 13:12:03,437 INFO [setUp Thread Group 1-1] o.a.j.s.FileServer: Stored: /home/vlad/diia/projects/perf-testing-methodology/test-data/nested-entity-execution-plan.csv
2026-04-20 13:12:03,445 INFO [setUp Thread Group 1-1] o.a.j.s.SampleResult: Note: Sample TimeStamps are START times
2026-04-20 13:12:03,445 INFO [setUp Thread Group 1-1] o.a.j.s.SampleResult: sampleresult.default.encoding is set to UTF-8
2026-04-20 13:12:03,445 INFO [setUp Thread Group 1-1] o.a.j.s.SampleResult: sampleresult.useNanoTime=true
2026-04-20 13:12:03,445 INFO [setUp Thread Group 1-1] o.a.j.s.SampleResult: sampleresult.nanoThreadSleep=5000
2026-04-20 13:12:03,827 INFO [setUp Thread Group 1-1] o.a.j.t.JMeterThread: Thread is done: setUp Thread Group 1-1
2026-04-20 13:12:03,827 INFO [setUp Thread Group 1-1] o.a.j.t.JMeterThread: Thread finished: setUp Thread Group 1-1
2026-04-20 13:12:03,827 INFO [StandardJMeterEngine-1] o.a.j.e.StandardJMeterEngine: All Setup Threads have ended
2026-04-20 13:12:03,843 INFO [StandardJMeterEngine-1] o.a.j.e.StandardJMeterEngine: Starting ThreadGroup: 1 : TG_Test
2026-04-20 13:12:03,843 INFO [StandardJMeterEngine-1] o.a.j.e.StandardJMeterEngine: Starting 100 threads for group TG_Test.
2026-04-20 13:12:03,843 INFO [StandardJMeterEngine-1] o.a.j.e.StandardJMeterEngine: Thread will start next loop on error
2026-04-20 13:12:03,843 INFO [StandardJMeterEngine-1] o.a.j.t.ThreadGroup: Starting thread group... number=1 threads=100 ramp-up=20 delayedStart=false
2026-04-20 13:12:03,849 INFO [TG_Test 1-1] o.a.j.t.JMeterThread: Thread started: TG_Test 1-1
2026-04-20 13:12:03,859 INFO [TG_Test 1-1] o.a.j.p.h.s.HTTPHCAbstractImpl: Local host = ubuntu-pc
2026-04-20 13:12:03,863 INFO [TG_Test 1-1] o.a.j.p.h.s.HTTPHC4Impl: HTTP request retry count = 0
2026-04-20 13:12:03,912 INFO [TG_Test 1-1] o.a.j.p.h.s.h.LazyLayeredConnectionSocketFactory: Setting up HTTPS TrustAll Socket Factory
2026-04-20 13:12:03,916 INFO [TG_Test 1-1] o.a.j.u.JsseSSLManager: Using default SSL protocol: TLS
2026-04-20 13:12:03,916 INFO [TG_Test 1-1] o.a.j.u.JsseSSLManager: SSL session context: per-thread
2026-04-20 13:12:03,959 INFO [TG_Test 1-1] o.a.j.u.SSLManager: JmeterKeyStore Location:  type JKS
2026-04-20 13:12:03,962 INFO [TG_Test 1-1] o.a.j.u.SSLManager: KeyStore created OK
2026-04-20 13:12:03,962 WARN [TG_Test 1-1] o.a.j.u.SSLManager: Keystore file not found, loading empty keystore
2026-04-20 13:12:03,984 INFO [StandardJMeterEngine-1] o.a.j.t.ThreadGroup: Started thread group number 1
2026-04-20 13:12:03,984 INFO [StandardJMeterEngine-1] o.a.j.e.StandardJMeterEngine: All thread groups have been started
2026-04-20 13:12:04,048 INFO [TG_Test 1-2] o.a.j.t.JMeterThread: Thread started: TG_Test 1-2
2026-04-20 13:12:04,249 INFO [TG_Test 1-3] o.a.j.t.JMeterThread: Thread started: TG_Test 1-3
2026-04-20 13:12:04,263 INFO [TG_Test 1-1] o.a.j.e.J.JSR223 - Decode URI: Decoded Redirect URI: https://officer-portal-ck-198-main.apps.krrt-two.ncr.gov.ua/officer/home
vary: Origin
access-control-allow-credentials: true
set-cookie: 107c5fe8f03719f0a4aa22d4e168e5a7=41ffc97b422dde73deb0dd2acd77cc5d; path=/; HttpOnly; Secure; SameSite=None

2026-04-20 13:12:04,263 INFO [TG_Test 1-2] o.a.j.e.J.JSR223 - Decode URI: Decoded Redirect URI: https://officer-portal-ck-198-main.apps.krrt-two.ncr.gov.ua/officer/home
vary: Origin
access-control-allow-credentials: true
set-cookie: 107c5fe8f03719f0a4aa22d4e168e5a7=41ffc97b422dde73deb0dd2acd77cc5d; path=/; HttpOnly; Secure; SameSite=None

2026-04-20 13:12:04,276 INFO [TG_Test 1-2] o.a.j.e.J.JSR223 - Decode URI: === Збережено куку балансувальника: 107c5fe8f03719f0a4aa22d4e168e5a7=41ffc97b422dde73deb0dd2acd77cc5d
2026-04-20 13:12:04,276 INFO [TG_Test 1-1] o.a.j.e.J.JSR223 - Decode URI: === Збережено куку балансувальника: 107c5fe8f03719f0a4aa22d4e168e5a7=41ffc97b422dde73deb0dd2acd77cc5d
2026-04-20 13:12:04,279 INFO [TG_Test 1-1] o.a.j.r.Summariser: summary +      1 in 00:00:01 =    1.2/s Avg:   201 Min:   201 Max:   201 Err:     0 (0.00%) Active: 3 Started: 3 Finished: 0
2026-04-20 13:12:04,285 INFO [TG_Test 1-3] o.a.j.e.J.JSR223 - Decode URI: Decoded Redirect URI: https://officer-portal-ck-198-main.apps.krrt-two.ncr.gov.ua/officer/home
vary: Origin
access-control-allow-credentials: true
set-cookie: 107c5fe8f03719f0a4aa22d4e168e5a7=41ffc97b422dde73deb0dd2acd77cc5d; path=/; HttpOnly; Secure; SameSite=None

2026-04-20 13:12:04,285 INFO [TG_Test 1-3] o.a.j.e.J.JSR223 - Decode URI: === Збережено куку балансувальника: 107c5fe8f03719f0a4aa22d4e168e5a7=41ffc97b422dde73deb0dd2acd77cc5d
2026-04-20 13:12:04,448 INFO [TG_Test 1-4] o.a.j.t.JMeterThread: Thread started: TG_Test 1-4
2026-04-20 13:12:04,474 INFO [TG_Test 1-4] o.a.j.e.J.JSR223 - Decode URI: Decoded Redirect URI: https://officer-portal-ck-198-main.apps.krrt-two.ncr.gov.ua/officer/home
vary: Origin
access-control-allow-credentials: true
set-cookie: 107c5fe8f03719f0a4aa22d4e168e5a7=41ffc97b422dde73deb0dd2acd77cc5d; path=/; HttpOnly; Secure; SameSite=None

2026-04-20 13:12:04,475 INFO [TG_Test 1-4] o.a.j.e.J.JSR223 - Decode URI: === Збережено куку балансувальника: 107c5fe8f03719f0a4aa22d4e168e5a7=41ffc97b422dde73deb0dd2acd77cc5d
2026-04-20 13:12:04,634 INFO [TG_Test 1-1] o.a.j.e.J.JSR223 PostProcessor: === [COOKIE MANAGER] XSRF-TOKEN додано успішно: 17fcec04-26bb-4e9f-9796-6f80f637f2a2
2026-04-20 13:12:04,634 INFO [TG_Test 1-3] o.a.j.e.J.JSR223 PostProcessor: === [COOKIE MANAGER] XSRF-TOKEN додано успішно: fc8ba45d-504c-489e-ade4-c3202e64a7ef
2026-04-20 13:12:04,647 INFO [TG_Test 1-5] o.a.j.t.JMeterThread: Thread started: TG_Test 1-5
2026-04-20 13:12:04,672 INFO [TG_Test 1-5] o.a.j.e.J.JSR223 - Decode URI: Decoded Redirect URI: https://officer-portal-ck-198-main.apps.krrt-two.ncr.gov.ua/officer/home
vary: Origin
access-control-allow-credentials: true
set-cookie: 107c5fe8f03719f0a4aa22d4e168e5a7=41ffc97b422dde73deb0dd2acd77cc5d; path=/; HttpOnly; Secure; SameSite=None

2026-04-20 13:12:04,672 INFO [TG_Test 1-5] o.a.j.e.J.JSR223 - Decode URI: === Збережено куку балансувальника: 107c5fe8f03719f0a4aa22d4e168e5a7=41ffc97b422dde73deb0dd2acd77cc5d
2026-04-20 13:12:04,686 INFO [TG_Test 1-4] o.a.j.e.J.JSR223 PostProcessor: === [COOKIE MANAGER] XSRF-TOKEN додано успішно: 556e21ca-1285-41af-9bdd-04924af67a88
2026-04-20 13:12:04,736 INFO [TG_Test 1-2] o.a.j.e.J.JSR223 PostProcessor: === [COOKIE MANAGER] XSRF-TOKEN додано успішно: 3dd7c8c6-8393-4b6a-8d30-73b0d82f32b8
2026-04-20 13:12:04,848 INFO [TG_Test 1-6] o.a.j.t.JMeterThread: Thread started: TG_Test 1-6
2026-04-20 13:12:04,865 INFO [TG_Test 1-5] o.a.j.e.J.JSR223 PostProcessor: === [COOKIE MANAGER] XSRF-TOKEN додано успішно: fa125167-e364-4b24-8128-aa1913fadbee
2026-04-20 13:12:04,871 INFO [TG_Test 1-6] o.a.j.e.J.JSR223 - Decode URI: Decoded Redirect URI: https://officer-portal-ck-198-main.apps.krrt-two.ncr.gov.ua/officer/home
vary: Origin
access-control-allow-credentials: true
set-cookie: 107c5fe8f03719f0a4aa22d4e168e5a7=41ffc97b422dde73deb0dd2acd77cc5d; path=/; HttpOnly; Secure; SameSite=None

2026-04-20 13:12:04,871 INFO [TG_Test 1-6] o.a.j.e.J.JSR223 - Decode URI: === Збережено куку балансувальника: 107c5fe8f03719f0a4aa22d4e168e5a7=41ffc97b422dde73deb0dd2acd77cc5d
2026-04-20 13:12:05,047 INFO [TG_Test 1-7] o.a.j.t.JMeterThread: Thread started: TG_Test 1-7
2026-04-20 13:12:05,061 INFO [TG_Test 1-6] o.a.j.e.J.JSR223 PostProcessor: === [COOKIE MANAGER] XSRF-TOKEN додано успішно: 4695f66e-6898-4c1c-9dfe-a0a652115c5e
2026-04-20 13:12:05,069 INFO [TG_Test 1-7] o.a.j.e.J.JSR223 - Decode URI: Decoded Redirect URI: https://officer-portal-ck-198-main.apps.krrt-two.ncr.gov.ua/officer/home
vary: Origin
access-control-allow-credentials: true
set-cookie: 107c5fe8f03719f0a4aa22d4e168e5a7=41ffc97b422dde73deb0dd2acd77cc5d; path=/; HttpOnly; Secure; SameSite=None

2026-04-20 13:12:05,069 INFO [TG_Test 1-7] o.a.j.e.J.JSR223 - Decode URI: === Збережено куку балансувальника: 107c5fe8f03719f0a4aa22d4e168e5a7=41ffc97b422dde73deb0dd2acd77cc5d
2026-04-20 13:12:05,248 INFO [TG_Test 1-8] o.a.j.t.JMeterThread: Thread started: TG_Test 1-8
2026-04-20 13:12:05,248 INFO [TG_Test 1-7] o.a.j.e.J.JSR223 PostProcessor: === [COOKIE MANAGER] XSRF-TOKEN додано успішно: cdc7f482-ed17-4b74-ac40-2f6b94cc10a3
2026-04-20 13:12:05,272 INFO [TG_Test 1-8] o.a.j.e.J.JSR223 - Decode URI: Decoded Redirect URI: https://officer-portal-ck-198-main.apps.krrt-two.ncr.gov.ua/officer/home
vary: Origin
access-control-allow-credentials: true
set-cookie: 107c5fe8f03719f0a4aa22d4e168e5a7=41ffc97b422dde73deb0dd2acd77cc5d; path=/; HttpOnly; Secure; SameSite=None

2026-04-20 13:12:05,272 INFO [TG_Test 1-8] o.a.j.e.J.JSR223 - Decode URI: === Збережено куку балансувальника: 107c5fe8f03719f0a4aa22d4e168e5a7=41ffc97b422dde73deb0dd2acd77cc5d
2026-04-20 13:12:05,447 INFO [TG_Test 1-9] o.a.j.t.JMeterThread: Thread started: TG_Test 1-9
2026-04-20 13:12:05,448 INFO [TG_Test 1-8] o.a.j.e.J.JSR223 PostProcessor: === [COOKIE MANAGER] XSRF-TOKEN додано успішно: 068f5a4a-f09e-41bf-82e7-075f7493d074
2026-04-20 13:12:05,470 INFO [TG_Test 1-9] o.a.j.e.J.JSR223 - Decode URI: Decoded Redirect URI: https://officer-portal-ck-198-main.apps.krrt-two.ncr.gov.ua/officer/home
vary: Origin
access-control-allow-credentials: true
set-cookie: 107c5fe8f03719f0a4aa22d4e168e5a7=41ffc97b422dde73deb0dd2acd77cc5d; path=/; HttpOnly; Secure; SameSite=None

2026-04-20 13:12:05,470 INFO [TG_Test 1-9] o.a.j.e.J.JSR223 - Decode URI: === Збережено куку балансувальника: 107c5fe8f03719f0a4aa22d4e168e5a7=41ffc97b422dde73deb0dd2acd77cc5d
2026-04-20 13:12:05,646 INFO [TG_Test 1-9] o.a.j.e.J.JSR223 PostProcessor: === [COOKIE MANAGER] XSRF-TOKEN додано успішно: 35e67c40-25f9-4433-af3f-c829e13675c4
2026-04-20 13:12:05,647 INFO [TG_Test 1-10] o.a.j.t.JMeterThread: Thread started: TG_Test 1-10
2026-04-20 13:12:05,672 INFO [TG_Test 1-10] o.a.j.e.J.JSR223 - Decode URI: Decoded Redirect URI: https://officer-portal-ck-198-main.apps.krrt-two.ncr.gov.ua/officer/home
vary: Origin
access-control-allow-credentials: true
set-cookie: 107c5fe8f03719f0a4aa22d4e168e5a7=41ffc97b422dde73deb0dd2acd77cc5d; path=/; HttpOnly; Secure; SameSite=None

2026-04-20 13:12:05,672 INFO [TG_Test 1-10] o.a.j.e.J.JSR223 - Decode URI: === Збережено куку балансувальника: 107c5fe8f03719f0a4aa22d4e168e5a7=41ffc97b422dde73deb0dd2acd77cc5d
2026-04-20 13:12:05,848 INFO [TG_Test 1-11] o.a.j.t.JMeterThread: Thread started: TG_Test 1-11
2026-04-20 13:12:05,853 INFO [TG_Test 1-10] o.a.j.e.J.JSR223 PostProcessor: === [COOKIE MANAGER] XSRF-TOKEN додано успішно: 5ed7e789-f00f-4b7e-9d90-2be000d39c33
2026-04-20 13:12:06,048 INFO [TG_Test 1-12] o.a.j.t.JMeterThread: Thread started: TG_Test 1-12
2026-04-20 13:12:06,073 INFO [TG_Test 1-12] o.a.j.e.J.JSR223 - Decode URI: Decoded Redirect URI: https://officer-portal-ck-198-main.apps.krrt-two.ncr.gov.ua/officer/home
vary: Origin
access-control-allow-credentials: true
set-cookie: 107c5fe8f03719f0a4aa22d4e168e5a7=41ffc97b422dde73deb0dd2acd77cc5d; path=/; HttpOnly; Secure; SameSite=None

2026-04-20 13:12:06,073 INFO [TG_Test 1-12] o.a.j.e.J.JSR223 - Decode URI: === Збережено куку балансувальника: 107c5fe8f03719f0a4aa22d4e168e5a7=41ffc97b422dde73deb0dd2acd77cc5d
2026-04-20 13:12:06,080 INFO [TG_Test 1-11] o.a.j.e.J.JSR223 - Decode URI: Decoded Redirect URI: https://officer-portal-ck-198-main.apps.krrt-two.ncr.gov.ua/officer/home
vary: Origin
access-control-allow-credentials: true
set-cookie: 107c5fe8f03719f0a4aa22d4e168e5a7=41ffc97b422dde73deb0dd2acd77cc5d; path=/; HttpOnly; Secure; SameSite=None

2026-04-20 13:12:06,080 INFO [TG_Test 1-11] o.a.j.e.J.JSR223 - Decode URI: === Збережено куку балансувальника: 107c5fe8f03719f0a4aa22d4e168e5a7=41ffc97b422dde73deb0dd2acd77cc5d
2026-04-20 13:12:06,248 INFO [TG_Test 1-13] o.a.j.t.JMeterThread: Thread started: TG_Test 1-13
2026-04-20 13:12:06,257 INFO [TG_Test 1-12] o.a.j.e.J.JSR223 PostProcessor: === [COOKIE MANAGER] XSRF-TOKEN додано успішно: b16bd2d7-9a72-4278-9cb7-f93f61ef8999
2026-04-20 13:12:06,266 INFO [TG_Test 1-11] o.a.j.e.J.JSR223 PostProcessor: === [COOKIE MANAGER] XSRF-TOKEN додано успішно: 7933a5f8-7376-4255-b544-e920fc1d8e83
2026-04-20 13:12:06,269 INFO [TG_Test 1-13] o.a.j.e.J.JSR223 - Decode URI: Decoded Redirect URI: https://officer-portal-ck-198-main.apps.krrt-two.ncr.gov.ua/officer/home
vary: Origin
access-control-allow-credentials: true
set-cookie: 107c5fe8f03719f0a4aa22d4e168e5a7=41ffc97b422dde73deb0dd2acd77cc5d; path=/; HttpOnly; Secure; SameSite=None

2026-04-20 13:12:06,269 INFO [TG_Test 1-13] o.a.j.e.J.JSR223 - Decode URI: === Збережено куку балансувальника: 107c5fe8f03719f0a4aa22d4e168e5a7=41ffc97b422dde73deb0dd2acd77cc5d
2026-04-20 13:12:06,446 INFO [TG_Test 1-14] o.a.j.t.JMeterThread: Thread started: TG_Test 1-14
2026-04-20 13:12:06,456 INFO [TG_Test 1-13] o.a.j.e.J.JSR223 PostProcessor: === [COOKIE MANAGER] XSRF-TOKEN додано успішно: 0c317f07-dc44-4946-94b6-811216bed6c1
2026-04-20 13:12:06,468 INFO [TG_Test 1-14] o.a.j.e.J.JSR223 - Decode URI: Decoded Redirect URI: https://officer-portal-ck-198-main.apps.krrt-two.ncr.gov.ua/officer/home
vary: Origin
access-control-allow-credentials: true
set-cookie: 107c5fe8f03719f0a4aa22d4e168e5a7=41ffc97b422dde73deb0dd2acd77cc5d; path=/; HttpOnly; Secure; SameSite=None

2026-04-20 13:12:06,468 INFO [TG_Test 1-14] o.a.j.e.J.JSR223 - Decode URI: === Збережено куку балансувальника: 107c5fe8f03719f0a4aa22d4e168e5a7=41ffc97b422dde73deb0dd2acd77cc5d
2026-04-20 13:12:06,641 INFO [TG_Test 1-14] o.a.j.e.J.JSR223 PostProcessor: === [COOKIE MANAGER] XSRF-TOKEN додано успішно: de6b8068-6328-482c-b852-73f87f1e8964
2026-04-20 13:12:06,647 INFO [TG_Test 1-15] o.a.j.t.JMeterThread: Thread started: TG_Test 1-15
2026-04-20 13:12:06,671 INFO [TG_Test 1-15] o.a.j.e.J.JSR223 - Decode URI: Decoded Redirect URI: https://officer-portal-ck-198-main.apps.krrt-two.ncr.gov.ua/officer/home
vary: Origin
access-control-allow-credentials: true
set-cookie: 107c5fe8f03719f0a4aa22d4e168e5a7=41ffc97b422dde73deb0dd2acd77cc5d; path=/; HttpOnly; Secure; SameSite=None

2026-04-20 13:12:06,671 INFO [TG_Test 1-15] o.a.j.e.J.JSR223 - Decode URI: === Збережено куку балансувальника: 107c5fe8f03719f0a4aa22d4e168e5a7=41ffc97b422dde73deb0dd2acd77cc5d
2026-04-20 13:12:06,847 INFO [TG_Test 1-16] o.a.j.t.JMeterThread: Thread started: TG_Test 1-16
2026-04-20 13:12:06,849 INFO [TG_Test 1-15] o.a.j.e.J.JSR223 PostProcessor: === [COOKIE MANAGER] XSRF-TOKEN додано успішно: 9cad7fef-841e-4c41-ab98-03fd7d85d3ff
2026-04-20 13:12:06,873 INFO [TG_Test 1-16] o.a.j.e.J.JSR223 - Decode URI: Decoded Redirect URI: https://officer-portal-ck-198-main.apps.krrt-two.ncr.gov.ua/officer/home
vary: Origin
access-control-allow-credentials: true
set-cookie: 107c5fe8f03719f0a4aa22d4e168e5a7=41ffc97b422dde73deb0dd2acd77cc5d; path=/; HttpOnly; Secure; SameSite=None

2026-04-20 13:12:06,873 INFO [TG_Test 1-16] o.a.j.e.J.JSR223 - Decode URI: === Збережено куку балансувальника: 107c5fe8f03719f0a4aa22d4e168e5a7=41ffc97b422dde73deb0dd2acd77cc5d
2026-04-20 13:12:07,047 INFO [TG_Test 1-17] o.a.j.t.JMeterThread: Thread started: TG_Test 1-17
2026-04-20 13:12:07,054 INFO [TG_Test 1-16] o.a.j.e.J.JSR223 PostProcessor: === [COOKIE MANAGER] XSRF-TOKEN додано успішно: 664513ab-b050-4ce7-83aa-ce3a09dbc2e4
2026-04-20 13:12:07,066 INFO [TG_Test 1-17] o.a.j.e.J.JSR223 - Decode URI: Decoded Redirect URI: https://officer-portal-ck-198-main.apps.krrt-two.ncr.gov.ua/officer/home
vary: Origin
access-control-allow-credentials: true
set-cookie: 107c5fe8f03719f0a4aa22d4e168e5a7=41ffc97b422dde73deb0dd2acd77cc5d; path=/; HttpOnly; Secure; SameSite=None

2026-04-20 13:12:07,067 INFO [TG_Test 1-17] o.a.j.e.J.JSR223 - Decode URI: === Збережено куку балансувальника: 107c5fe8f03719f0a4aa22d4e168e5a7=41ffc97b422dde73deb0dd2acd77cc5d
2026-04-20 13:12:07,246 INFO [TG_Test 1-17] o.a.j.e.J.JSR223 PostProcessor: === [COOKIE MANAGER] XSRF-TOKEN додано успішно: 0ea887dd-c4a5-419c-9f49-6c894164789f
2026-04-20 13:12:07,246 INFO [TG_Test 1-18] o.a.j.t.JMeterThread: Thread started: TG_Test 1-18
2026-04-20 13:12:07,268 INFO [TG_Test 1-18] o.a.j.e.J.JSR223 - Decode URI: Decoded Redirect URI: https://officer-portal-ck-198-main.apps.krrt-two.ncr.gov.ua/officer/home
vary: Origin
access-control-allow-credentials: true
set-cookie: 107c5fe8f03719f0a4aa22d4e168e5a7=41ffc97b422dde73deb0dd2acd77cc5d; path=/; HttpOnly; Secure; SameSite=None

2026-04-20 13:12:07,268 INFO [TG_Test 1-18] o.a.j.e.J.JSR223 - Decode URI: === Збережено куку балансувальника: 107c5fe8f03719f0a4aa22d4e168e5a7=41ffc97b422dde73deb0dd2acd77cc5d
2026-04-20 13:12:07,446 INFO [TG_Test 1-18] o.a.j.e.J.JSR223 PostProcessor: === [COOKIE MANAGER] XSRF-TOKEN додано успішно: 4cadd724-8e9d-4b05-a014-4dda2636f851
2026-04-20 13:12:07,447 INFO [TG_Test 1-19] o.a.j.t.JMeterThread: Thread started: TG_Test 1-19
2026-04-20 13:12:07,468 INFO [TG_Test 1-19] o.a.j.e.J.JSR223 - Decode URI: Decoded Redirect URI: https://officer-portal-ck-198-main.apps.krrt-two.ncr.gov.ua/officer/home
vary: Origin
access-control-allow-credentials: true
set-cookie: 107c5fe8f03719f0a4aa22d4e168e5a7=41ffc97b422dde73deb0dd2acd77cc5d; path=/; HttpOnly; Secure; SameSite=None

2026-04-20 13:12:07,468 INFO [TG_Test 1-19] o.a.j.e.J.JSR223 - Decode URI: === Збережено куку балансувальника: 107c5fe8f03719f0a4aa22d4e168e5a7=41ffc97b422dde73deb0dd2acd77cc5d
2026-04-20 13:12:07,646 INFO [TG_Test 1-20] o.a.j.t.JMeterThread: Thread started: TG_Test 1-20
2026-04-20 13:12:07,655 INFO [TG_Test 1-19] o.a.j.e.J.JSR223 PostProcessor: === [COOKIE MANAGER] XSRF-TOKEN додано успішно: ec63f980-0d2b-4b82-9ecc-7121782f5890
2026-04-20 13:12:07,668 INFO [TG_Test 1-20] o.a.j.e.J.JSR223 - Decode URI: Decoded Redirect URI: https://officer-portal-ck-198-main.apps.krrt-two.ncr.gov.ua/officer/home
vary: Origin
access-control-allow-credentials: true
set-cookie: 107c5fe8f03719f0a4aa22d4e168e5a7=41ffc97b422dde73deb0dd2acd77cc5d; path=/; HttpOnly; Secure; SameSite=None

2026-04-20 13:12:07,668 INFO [TG_Test 1-20] o.a.j.e.J.JSR223 - Decode URI: === Збережено куку балансувальника: 107c5fe8f03719f0a4aa22d4e168e5a7=41ffc97b422dde73deb0dd2acd77cc5d
2026-04-20 13:12:07,843 INFO [TG_Test 1-20] o.a.j.e.J.JSR223 PostProcessor: === [COOKIE MANAGER] XSRF-TOKEN додано успішно: 7cededab-fd2c-4421-a20f-69d0e0baf18e
2026-04-20 13:12:07,847 INFO [TG_Test 1-21] o.a.j.t.JMeterThread: Thread started: TG_Test 1-21
2026-04-20 13:12:07,867 INFO [TG_Test 1-21] o.a.j.e.J.JSR223 - Decode URI: Decoded Redirect URI: https://officer-portal-ck-198-main.apps.krrt-two.ncr.gov.ua/officer/home
vary: Origin
access-control-allow-credentials: true
set-cookie: 107c5fe8f03719f0a4aa22d4e168e5a7=41ffc97b422dde73deb0dd2acd77cc5d; path=/; HttpOnly; Secure; SameSite=None

2026-04-20 13:12:07,867 INFO [TG_Test 1-21] o.a.j.e.J.JSR223 - Decode URI: === Збережено куку балансувальника: 107c5fe8f03719f0a4aa22d4e168e5a7=41ffc97b422dde73deb0dd2acd77cc5d
2026-04-20 13:12:08,039 INFO [TG_Test 1-21] o.a.j.e.J.JSR223 PostProcessor: === [COOKIE MANAGER] XSRF-TOKEN додано успішно: 12c4c0ac-8212-4f8f-8e2a-61c0526d7064
2026-04-20 13:12:08,046 INFO [TG_Test 1-22] o.a.j.t.JMeterThread: Thread started: TG_Test 1-22
2026-04-20 13:12:08,067 INFO [TG_Test 1-22] o.a.j.e.J.JSR223 - Decode URI: Decoded Redirect URI: https://officer-portal-ck-198-main.apps.krrt-two.ncr.gov.ua/officer/home
vary: Origin
access-control-allow-credentials: true
set-cookie: 107c5fe8f03719f0a4aa22d4e168e5a7=41ffc97b422dde73deb0dd2acd77cc5d; path=/; HttpOnly; Secure; SameSite=None

2026-04-20 13:12:08,067 INFO [TG_Test 1-22] o.a.j.e.J.JSR223 - Decode URI: === Збережено куку балансувальника: 107c5fe8f03719f0a4aa22d4e168e5a7=41ffc97b422dde73deb0dd2acd77cc5d
2026-04-20 13:12:08,242 INFO [TG_Test 1-22] o.a.j.e.J.JSR223 PostProcessor: === [COOKIE MANAGER] XSRF-TOKEN додано успішно: 379fd7fe-095f-4afd-859b-cfc95a85ec53
2026-04-20 13:12:08,247 INFO [TG_Test 1-23] o.a.j.t.JMeterThread: Thread started: TG_Test 1-23
2026-04-20 13:12:08,270 INFO [TG_Test 1-23] o.a.j.e.J.JSR223 - Decode URI: Decoded Redirect URI: https://officer-portal-ck-198-main.apps.krrt-two.ncr.gov.ua/officer/home
vary: Origin
access-control-allow-credentials: true
set-cookie: 107c5fe8f03719f0a4aa22d4e168e5a7=41ffc97b422dde73deb0dd2acd77cc5d; path=/; HttpOnly; Secure; SameSite=None

2026-04-20 13:12:08,271 INFO [TG_Test 1-23] o.a.j.e.J.JSR223 - Decode URI: === Збережено куку балансувальника: 107c5fe8f03719f0a4aa22d4e168e5a7=41ffc97b422dde73deb0dd2acd77cc5d
2026-04-20 13:12:08,447 INFO [TG_Test 1-24] o.a.j.t.JMeterThread: Thread started: TG_Test 1-24
2026-04-20 13:12:08,449 INFO [TG_Test 1-23] o.a.j.e.J.JSR223 PostProcessor: === [COOKIE MANAGER] XSRF-TOKEN додано успішно: 2cd17a70-55fc-469a-990e-379d39839b2b
2026-04-20 13:12:08,646 INFO [TG_Test 1-25] o.a.j.t.JMeterThread: Thread started: TG_Test 1-25
2026-04-20 13:12:08,672 INFO [TG_Test 1-25] o.a.j.e.J.JSR223 - Decode URI: Decoded Redirect URI: https://officer-portal-ck-198-main.apps.krrt-two.ncr.gov.ua/officer/home
vary: Origin
access-control-allow-credentials: true
set-cookie: 107c5fe8f03719f0a4aa22d4e168e5a7=41ffc97b422dde73deb0dd2acd77cc5d; path=/; HttpOnly; Secure; SameSite=None

2026-04-20 13:12:08,672 INFO [TG_Test 1-25] o.a.j.e.J.JSR223 - Decode URI: === Збережено куку балансувальника: 107c5fe8f03719f0a4aa22d4e168e5a7=41ffc97b422dde73deb0dd2acd77cc5d
2026-04-20 13:12:08,679 INFO [TG_Test 1-24] o.a.j.e.J.JSR223 - Decode URI: Decoded Redirect URI: https://officer-portal-ck-198-main.apps.krrt-two.ncr.gov.ua/officer/home
vary: Origin
access-control-allow-credentials: true
set-cookie: 107c5fe8f03719f0a4aa22d4e168e5a7=41ffc97b422dde73deb0dd2acd77cc5d; path=/; HttpOnly; Secure; SameSite=None

2026-04-20 13:12:08,680 INFO [TG_Test 1-24] o.a.j.e.J.JSR223 - Decode URI: === Збережено куку балансувальника: 107c5fe8f03719f0a4aa22d4e168e5a7=41ffc97b422dde73deb0dd2acd77cc5d
2026-04-20 13:12:08,842 INFO [TG_Test 1-25] o.a.j.e.J.JSR223 PostProcessor: === [COOKIE MANAGER] XSRF-TOKEN додано успішно: f702004d-edf3-43e7-adf1-479fb9afd129
2026-04-20 13:12:08,846 INFO [TG_Test 1-26] o.a.j.t.JMeterThread: Thread started: TG_Test 1-26
2026-04-20 13:12:08,870 INFO [TG_Test 1-26] o.a.j.e.J.JSR223 - Decode URI: Decoded Redirect URI: https://officer-portal-ck-198-main.apps.krrt-two.ncr.gov.ua/officer/home
vary: Origin
access-control-allow-credentials: true
set-cookie: 107c5fe8f03719f0a4aa22d4e168e5a7=41ffc97b422dde73deb0dd2acd77cc5d; path=/; HttpOnly; Secure; SameSite=None

2026-04-20 13:12:08,870 INFO [TG_Test 1-24] o.a.j.e.J.JSR223 PostProcessor: === [COOKIE MANAGER] XSRF-TOKEN додано успішно: 8edeb048-cf44-496b-afcb-3e790cd12ee3
2026-04-20 13:12:08,871 INFO [TG_Test 1-26] o.a.j.e.J.JSR223 - Decode URI: === Збережено куку балансувальника: 107c5fe8f03719f0a4aa22d4e168e5a7=41ffc97b422dde73deb0dd2acd77cc5d
2026-04-20 13:12:09,047 INFO [TG_Test 1-27] o.a.j.t.JMeterThread: Thread started: TG_Test 1-27
2026-04-20 13:12:09,055 INFO [TG_Test 1-26] o.a.j.e.J.JSR223 PostProcessor: === [COOKIE MANAGER] XSRF-TOKEN додано успішно: 436db3f5-74af-46da-9864-6aead670c7aa
2026-04-20 13:12:09,068 INFO [TG_Test 1-27] o.a.j.e.J.JSR223 - Decode URI: Decoded Redirect URI: https://officer-portal-ck-198-main.apps.krrt-two.ncr.gov.ua/officer/home
vary: Origin
access-control-allow-credentials: true
set-cookie: 107c5fe8f03719f0a4aa22d4e168e5a7=41ffc97b422dde73deb0dd2acd77cc5d; path=/; HttpOnly; Secure; SameSite=None

2026-04-20 13:12:09,068 INFO [TG_Test 1-27] o.a.j.e.J.JSR223 - Decode URI: === Збережено куку балансувальника: 107c5fe8f03719f0a4aa22d4e168e5a7=41ffc97b422dde73deb0dd2acd77cc5d
2026-04-20 13:12:09,241 INFO [TG_Test 1-27] o.a.j.e.J.JSR223 PostProcessor: === [COOKIE MANAGER] XSRF-TOKEN додано успішно: 50f8e8a9-84f7-419a-853e-6550e260bbeb
2026-04-20 13:12:09,247 INFO [TG_Test 1-28] o.a.j.t.JMeterThread: Thread started: TG_Test 1-28
2026-04-20 13:12:09,266 INFO [TG_Test 1-28] o.a.j.e.J.JSR223 - Decode URI: Decoded Redirect URI: https://officer-portal-ck-198-main.apps.krrt-two.ncr.gov.ua/officer/home
vary: Origin
access-control-allow-credentials: true
set-cookie: 107c5fe8f03719f0a4aa22d4e168e5a7=41ffc97b422dde73deb0dd2acd77cc5d; path=/; HttpOnly; Secure; SameSite=None

2026-04-20 13:12:09,266 INFO [TG_Test 1-28] o.a.j.e.J.JSR223 - Decode URI: === Збережено куку балансувальника: 107c5fe8f03719f0a4aa22d4e168e5a7=41ffc97b422dde73deb0dd2acd77cc5d
2026-04-20 13:12:09,446 INFO [TG_Test 1-29] o.a.j.t.JMeterThread: Thread started: TG_Test 1-29
2026-04-20 13:12:09,450 INFO [TG_Test 1-28] o.a.j.e.J.JSR223 PostProcessor: === [COOKIE MANAGER] XSRF-TOKEN додано успішно: 44168a66-8b90-47ed-8ec7-0b309cdb3fc2
2026-04-20 13:12:09,471 INFO [TG_Test 1-29] o.a.j.e.J.JSR223 - Decode URI: Decoded Redirect URI: https://officer-portal-ck-198-main.apps.krrt-two.ncr.gov.ua/officer/home
vary: Origin
access-control-allow-credentials: true
set-cookie: 107c5fe8f03719f0a4aa22d4e168e5a7=41ffc97b422dde73deb0dd2acd77cc5d; path=/; HttpOnly; Secure; SameSite=None

2026-04-20 13:12:09,471 INFO [TG_Test 1-29] o.a.j.e.J.JSR223 - Decode URI: === Збережено куку балансувальника: 107c5fe8f03719f0a4aa22d4e168e5a7=41ffc97b422dde73deb0dd2acd77cc5d
2026-04-20 13:12:09,647 INFO [TG_Test 1-30] o.a.j.t.JMeterThread: Thread started: TG_Test 1-30
2026-04-20 13:12:09,650 INFO [TG_Test 1-29] o.a.j.e.J.JSR223 PostProcessor: === [COOKIE MANAGER] XSRF-TOKEN додано успішно: 0dabc322-1b51-46eb-92bd-7479109c73b5
2026-04-20 13:12:09,670 INFO [TG_Test 1-30] o.a.j.e.J.JSR223 - Decode URI: Decoded Redirect URI: https://officer-portal-ck-198-main.apps.krrt-two.ncr.gov.ua/officer/home
vary: Origin
access-control-allow-credentials: true
set-cookie: 107c5fe8f03719f0a4aa22d4e168e5a7=41ffc97b422dde73deb0dd2acd77cc5d; path=/; HttpOnly; Secure; SameSite=None

2026-04-20 13:12:09,670 INFO [TG_Test 1-30] o.a.j.e.J.JSR223 - Decode URI: === Збережено куку балансувальника: 107c5fe8f03719f0a4aa22d4e168e5a7=41ffc97b422dde73deb0dd2acd77cc5d
2026-04-20 13:12:09,846 INFO [TG_Test 1-31] o.a.j.t.JMeterThread: Thread started: TG_Test 1-31
2026-04-20 13:12:09,873 INFO [TG_Test 1-31] o.a.j.e.J.JSR223 - Decode URI: Decoded Redirect URI: https://officer-portal-ck-198-main.apps.krrt-two.ncr.gov.ua/officer/home
vary: Origin
access-control-allow-credentials: true
set-cookie: 107c5fe8f03719f0a4aa22d4e168e5a7=41ffc97b422dde73deb0dd2acd77cc5d; path=/; HttpOnly; Secure; SameSite=None

2026-04-20 13:12:09,873 INFO [TG_Test 1-31] o.a.j.e.J.JSR223 - Decode URI: === Збережено куку балансувальника: 107c5fe8f03719f0a4aa22d4e168e5a7=41ffc97b422dde73deb0dd2acd77cc5d
2026-04-20 13:12:09,969 INFO [TG_Test 1-30] o.a.j.e.J.JSR223 PostProcessor: === [COOKIE MANAGER] XSRF-TOKEN додано успішно: 1f54f1f2-8a0e-4908-8fc1-354f65a36f4f
2026-04-20 13:12:10,047 INFO [TG_Test 1-32] o.a.j.t.JMeterThread: Thread started: TG_Test 1-32
2026-04-20 13:12:10,056 INFO [TG_Test 1-31] o.a.j.e.J.JSR223 PostProcessor: === [COOKIE MANAGER] XSRF-TOKEN додано успішно: 041fcfbb-0da3-43e2-b672-b25d37ee2897
2026-04-20 13:12:10,068 INFO [TG_Test 1-32] o.a.j.e.J.JSR223 - Decode URI: Decoded Redirect URI: https://officer-portal-ck-198-main.apps.krrt-two.ncr.gov.ua/officer/home
vary: Origin
access-control-allow-credentials: true
set-cookie: 107c5fe8f03719f0a4aa22d4e168e5a7=41ffc97b422dde73deb0dd2acd77cc5d; path=/; HttpOnly; Secure; SameSite=None

2026-04-20 13:12:10,068 INFO [TG_Test 1-32] o.a.j.e.J.JSR223 - Decode URI: === Збережено куку балансувальника: 107c5fe8f03719f0a4aa22d4e168e5a7=41ffc97b422dde73deb0dd2acd77cc5d
2026-04-20 13:12:10,245 INFO [TG_Test 1-32] o.a.j.e.J.JSR223 PostProcessor: === [COOKIE MANAGER] XSRF-TOKEN додано успішно: d7ebe378-9471-4fc0-a759-6d09ab6dae1d
2026-04-20 13:12:10,246 INFO [TG_Test 1-33] o.a.j.t.JMeterThread: Thread started: TG_Test 1-33
2026-04-20 13:12:10,269 INFO [TG_Test 1-33] o.a.j.e.J.JSR223 - Decode URI: Decoded Redirect URI: https://officer-portal-ck-198-main.apps.krrt-two.ncr.gov.ua/officer/home
vary: Origin
access-control-allow-credentials: true
set-cookie: 107c5fe8f03719f0a4aa22d4e168e5a7=41ffc97b422dde73deb0dd2acd77cc5d; path=/; HttpOnly; Secure; SameSite=None

2026-04-20 13:12:10,269 INFO [TG_Test 1-33] o.a.j.e.J.JSR223 - Decode URI: === Збережено куку балансувальника: 107c5fe8f03719f0a4aa22d4e168e5a7=41ffc97b422dde73deb0dd2acd77cc5d
2026-04-20 13:12:10,445 INFO [TG_Test 1-34] o.a.j.t.JMeterThread: Thread started: TG_Test 1-34
2026-04-20 13:12:10,449 INFO [TG_Test 1-33] o.a.j.e.J.JSR223 PostProcessor: === [COOKIE MANAGER] XSRF-TOKEN додано успішно: ccdd9e5e-9b6e-445e-acfe-e39b07e2c7f1
2026-04-20 13:12:10,468 INFO [TG_Test 1-34] o.a.j.e.J.JSR223 - Decode URI: Decoded Redirect URI: https://officer-portal-ck-198-main.apps.krrt-two.ncr.gov.ua/officer/home
vary: Origin
access-control-allow-credentials: true
set-cookie: 107c5fe8f03719f0a4aa22d4e168e5a7=41ffc97b422dde73deb0dd2acd77cc5d; path=/; HttpOnly; Secure; SameSite=None

2026-04-20 13:12:10,469 INFO [TG_Test 1-34] o.a.j.e.J.JSR223 - Decode URI: === Збережено куку балансувальника: 107c5fe8f03719f0a4aa22d4e168e5a7=41ffc97b422dde73deb0dd2acd77cc5d
2026-04-20 13:12:10,638 INFO [TG_Test 1-34] o.a.j.e.J.JSR223 PostProcessor: === [COOKIE MANAGER] XSRF-TOKEN додано успішно: d2260499-a4df-4716-a5df-b30767f2dc22
2026-04-20 13:12:10,647 INFO [TG_Test 1-35] o.a.j.t.JMeterThread: Thread started: TG_Test 1-35
2026-04-20 13:12:10,667 INFO [TG_Test 1-35] o.a.j.e.J.JSR223 - Decode URI: Decoded Redirect URI: https://officer-portal-ck-198-main.apps.krrt-two.ncr.gov.ua/officer/home
vary: Origin
access-control-allow-credentials: true
set-cookie: 107c5fe8f03719f0a4aa22d4e168e5a7=41ffc97b422dde73deb0dd2acd77cc5d; path=/; HttpOnly; Secure; SameSite=None

2026-04-20 13:12:10,667 INFO [TG_Test 1-35] o.a.j.e.J.JSR223 - Decode URI: === Збережено куку балансувальника: 107c5fe8f03719f0a4aa22d4e168e5a7=41ffc97b422dde73deb0dd2acd77cc5d
2026-04-20 13:12:10,846 INFO [TG_Test 1-36] o.a.j.t.JMeterThread: Thread started: TG_Test 1-36
2026-04-20 13:12:10,846 INFO [TG_Test 1-35] o.a.j.e.J.JSR223 PostProcessor: === [COOKIE MANAGER] XSRF-TOKEN додано успішно: c922d8f3-1467-4f62-a87d-968e8620df28
2026-04-20 13:12:10,869 INFO [TG_Test 1-36] o.a.j.e.J.JSR223 - Decode URI: Decoded Redirect URI: https://officer-portal-ck-198-main.apps.krrt-two.ncr.gov.ua/officer/home
vary: Origin
access-control-allow-credentials: true
set-cookie: 107c5fe8f03719f0a4aa22d4e168e5a7=41ffc97b422dde73deb0dd2acd77cc5d; path=/; HttpOnly; Secure; SameSite=None

2026-04-20 13:12:10,870 INFO [TG_Test 1-36] o.a.j.e.J.JSR223 - Decode URI: === Збережено куку балансувальника: 107c5fe8f03719f0a4aa22d4e168e5a7=41ffc97b422dde73deb0dd2acd77cc5d
2026-04-20 13:12:11,045 INFO [TG_Test 1-37] o.a.j.t.JMeterThread: Thread started: TG_Test 1-37
2026-04-20 13:12:11,066 INFO [TG_Test 1-37] o.a.j.e.J.JSR223 - Decode URI: Decoded Redirect URI: https://officer-portal-ck-198-main.apps.krrt-two.ncr.gov.ua/officer/home
vary: Origin
access-control-allow-credentials: true
set-cookie: 107c5fe8f03719f0a4aa22d4e168e5a7=41ffc97b422dde73deb0dd2acd77cc5d; path=/; HttpOnly; Secure; SameSite=None

2026-04-20 13:12:11,066 INFO [TG_Test 1-37] o.a.j.e.J.JSR223 - Decode URI: === Збережено куку балансувальника: 107c5fe8f03719f0a4aa22d4e168e5a7=41ffc97b422dde73deb0dd2acd77cc5d
2026-04-20 13:12:11,068 INFO [TG_Test 1-36] o.a.j.e.J.JSR223 PostProcessor: === [COOKIE MANAGER] XSRF-TOKEN додано успішно: a4a3b45a-1089-49a6-a6dd-1e1eb1aecbb6
2026-04-20 13:12:11,247 INFO [TG_Test 1-38] o.a.j.t.JMeterThread: Thread started: TG_Test 1-38
2026-04-20 13:12:11,271 INFO [TG_Test 1-38] o.a.j.e.J.JSR223 - Decode URI: Decoded Redirect URI: https://officer-portal-ck-198-main.apps.krrt-two.ncr.gov.ua/officer/home
vary: Origin
access-control-allow-credentials: true
set-cookie: 107c5fe8f03719f0a4aa22d4e168e5a7=41ffc97b422dde73deb0dd2acd77cc5d; path=/; HttpOnly; Secure; SameSite=None

2026-04-20 13:12:11,271 INFO [TG_Test 1-38] o.a.j.e.J.JSR223 - Decode URI: === Збережено куку балансувальника: 107c5fe8f03719f0a4aa22d4e168e5a7=41ffc97b422dde73deb0dd2acd77cc5d
2026-04-20 13:12:11,439 INFO [TG_Test 1-38] o.a.j.e.J.JSR223 PostProcessor: === [COOKIE MANAGER] XSRF-TOKEN додано успішно: 294e22be-02bd-4b0e-8476-9c3398660dea
2026-04-20 13:12:11,446 INFO [TG_Test 1-39] o.a.j.t.JMeterThread: Thread started: TG_Test 1-39
2026-04-20 13:12:11,449 INFO [TG_Test 1-37] o.a.j.e.J.JSR223 PostProcessor: === [COOKIE MANAGER] XSRF-TOKEN додано успішно: 0d953bd1-b1df-4aa7-a0c4-aad6c9954ef2
2026-04-20 13:12:11,467 INFO [TG_Test 1-39] o.a.j.e.J.JSR223 - Decode URI: Decoded Redirect URI: https://officer-portal-ck-198-main.apps.krrt-two.ncr.gov.ua/officer/home
vary: Origin
access-control-allow-credentials: true
set-cookie: 107c5fe8f03719f0a4aa22d4e168e5a7=41ffc97b422dde73deb0dd2acd77cc5d; path=/; HttpOnly; Secure; SameSite=None

2026-04-20 13:12:11,468 INFO [TG_Test 1-39] o.a.j.e.J.JSR223 - Decode URI: === Збережено куку балансувальника: 107c5fe8f03719f0a4aa22d4e168e5a7=41ffc97b422dde73deb0dd2acd77cc5d
2026-04-20 13:12:11,643 INFO [TG_Test 1-39] o.a.j.e.J.JSR223 PostProcessor: === [COOKIE MANAGER] XSRF-TOKEN додано успішно: f55f86fb-bf8f-4d9a-b31d-01731533989c
2026-04-20 13:12:11,646 INFO [TG_Test 1-40] o.a.j.t.JMeterThread: Thread started: TG_Test 1-40
2026-04-20 13:12:11,667 INFO [TG_Test 1-40] o.a.j.e.J.JSR223 - Decode URI: Decoded Redirect URI: https://officer-portal-ck-198-main.apps.krrt-two.ncr.gov.ua/officer/home
vary: Origin
access-control-allow-credentials: true
set-cookie: 107c5fe8f03719f0a4aa22d4e168e5a7=41ffc97b422dde73deb0dd2acd77cc5d; path=/; HttpOnly; Secure; SameSite=None

2026-04-20 13:12:11,667 INFO [TG_Test 1-40] o.a.j.e.J.JSR223 - Decode URI: === Збережено куку балансувальника: 107c5fe8f03719f0a4aa22d4e168e5a7=41ffc97b422dde73deb0dd2acd77cc5d
2026-04-20 13:12:11,843 INFO [TG_Test 1-40] o.a.j.e.J.JSR223 PostProcessor: === [COOKIE MANAGER] XSRF-TOKEN додано успішно: 87ecf989-f8d4-4da5-ac88-78bf40e34130
2026-04-20 13:12:11,846 INFO [TG_Test 1-41] o.a.j.t.JMeterThread: Thread started: TG_Test 1-41
2026-04-20 13:12:11,867 INFO [TG_Test 1-41] o.a.j.e.J.JSR223 - Decode URI: Decoded Redirect URI: https://officer-portal-ck-198-main.apps.krrt-two.ncr.gov.ua/officer/home
vary: Origin
access-control-allow-credentials: true
set-cookie: 107c5fe8f03719f0a4aa22d4e168e5a7=41ffc97b422dde73deb0dd2acd77cc5d; path=/; HttpOnly; Secure; SameSite=None

2026-04-20 13:12:11,867 INFO [TG_Test 1-41] o.a.j.e.J.JSR223 - Decode URI: === Збережено куку балансувальника: 107c5fe8f03719f0a4aa22d4e168e5a7=41ffc97b422dde73deb0dd2acd77cc5d
2026-04-20 13:12:11,910 INFO [TG_Test 1-5] o.a.j.m.J.JSR223 PreProcessor: === [XSRF SYNC] Оновлено токен із Cookie Manager: fa125167-e364-4b24-8128-aa1913fadbee
2026-04-20 13:12:12,045 INFO [TG_Test 1-42] o.a.j.t.JMeterThread: Thread started: TG_Test 1-42
2026-04-20 13:12:12,049 INFO [TG_Test 1-5] o.a.j.s.FileServer: Stored: /home/vlad/diia/projects/perf-testing-methodology/test-data/doc.pdf
2026-04-20 13:12:12,049 INFO [TG_Test 1-41] o.a.j.e.J.JSR223 PostProcessor: === [COOKIE MANAGER] XSRF-TOKEN додано успішно: 77b8517d-68ff-4ad0-b4f7-441e506106aa
2026-04-20 13:12:12,067 INFO [TG_Test 1-42] o.a.j.e.J.JSR223 - Decode URI: Decoded Redirect URI: https://officer-portal-ck-198-main.apps.krrt-two.ncr.gov.ua/officer/home
vary: Origin
access-control-allow-credentials: true
set-cookie: 107c5fe8f03719f0a4aa22d4e168e5a7=41ffc97b422dde73deb0dd2acd77cc5d; path=/; HttpOnly; Secure; SameSite=None

2026-04-20 13:12:12,067 INFO [TG_Test 1-42] o.a.j.e.J.JSR223 - Decode URI: === Збережено куку балансувальника: 107c5fe8f03719f0a4aa22d4e168e5a7=41ffc97b422dde73deb0dd2acd77cc5d
2026-04-20 13:12:12,148 INFO [TG_Test 1-3] o.a.j.m.J.JSR223 PreProcessor: === [XSRF SYNC] Оновлено токен із Cookie Manager: fc8ba45d-504c-489e-ade4-c3202e64a7ef
2026-04-20 13:12:12,244 INFO [TG_Test 1-42] o.a.j.e.J.JSR223 PostProcessor: === [COOKIE MANAGER] XSRF-TOKEN додано успішно: 5b936853-0984-4084-b961-44d83111ee31
2026-04-20 13:12:12,246 INFO [TG_Test 1-43] o.a.j.t.JMeterThread: Thread started: TG_Test 1-43
2026-04-20 13:12:12,257 INFO [TG_Test 1-1] o.a.j.m.J.JSR223 PreProcessor: === [XSRF SYNC] Оновлено токен із Cookie Manager: 17fcec04-26bb-4e9f-9796-6f80f637f2a2
2026-04-20 13:12:12,268 INFO [TG_Test 1-43] o.a.j.e.J.JSR223 - Decode URI: Decoded Redirect URI: https://officer-portal-ck-198-main.apps.krrt-two.ncr.gov.ua/officer/home
vary: Origin
access-control-allow-credentials: true
set-cookie: 107c5fe8f03719f0a4aa22d4e168e5a7=41ffc97b422dde73deb0dd2acd77cc5d; path=/; HttpOnly; Secure; SameSite=None

2026-04-20 13:12:12,268 INFO [TG_Test 1-43] o.a.j.e.J.JSR223 - Decode URI: === Збережено куку балансувальника: 107c5fe8f03719f0a4aa22d4e168e5a7=41ffc97b422dde73deb0dd2acd77cc5d
2026-04-20 13:12:12,311 INFO [TG_Test 1-5] o.a.j.e.J.Set XSRF Token: === [COOKIE MANAGER] XSRF-TOKEN додано успішно: ab05305a-2b28-4200-b455-f765e1129e7a
2026-04-20 13:12:12,370 INFO [TG_Test 1-5] o.a.j.p.j.s.J.Create payload: Payload={"data":{"first_name":"\u0414\u0430\u043b\u0435\u0441\u043b\u0430\u0432\u0430","last_name":"\u041f\u0440\u044f\u0434\u0443\u043d","second_name":"\u0410\u043d\u0430\u0442\u043e\u043b\u0456\u0457\u0432\u043d\u0430","order_date":"2026-04-20","order_number":"7749","order_type":"DISMISSAL","birthday":"2002-11-17","file":[{"id":"984c19f5-71e1-4524-9d39-949d9a4211ad","checksum":"15e377f79ece4daa09e0de17d9e51284681571c64c12bc7f7049b5deff68b707"}]}}
2026-04-20 13:12:12,377 INFO [TG_Test 1-6] o.a.j.m.J.JSR223 PreProcessor: === [XSRF SYNC] Оновлено токен із Cookie Manager: 4695f66e-6898-4c1c-9dfe-a0a652115c5e
2026-04-20 13:12:12,437 INFO [TG_Test 1-43] o.a.j.e.J.JSR223 PostProcessor: === [COOKIE MANAGER] XSRF-TOKEN додано успішно: 7ace0b5d-b800-4c05-95ca-dc60857104dc
2026-04-20 13:12:12,446 INFO [TG_Test 1-44] o.a.j.t.JMeterThread: Thread started: TG_Test 1-44
2026-04-20 13:12:12,469 INFO [TG_Test 1-44] o.a.j.e.J.JSR223 - Decode URI: Decoded Redirect URI: https://officer-portal-ck-198-main.apps.krrt-two.ncr.gov.ua/officer/home
vary: Origin
access-control-allow-credentials: true
set-cookie: 107c5fe8f03719f0a4aa22d4e168e5a7=41ffc97b422dde73deb0dd2acd77cc5d; path=/; HttpOnly; Secure; SameSite=None

2026-04-20 13:12:12,469 INFO [TG_Test 1-44] o.a.j.e.J.JSR223 - Decode URI: === Збережено куку балансувальника: 107c5fe8f03719f0a4aa22d4e168e5a7=41ffc97b422dde73deb0dd2acd77cc5d
2026-04-20 13:12:12,505 INFO [TG_Test 1-3] o.a.j.e.J.Set XSRF Token: === [COOKIE MANAGER] XSRF-TOKEN додано успішно: 4cbd56a7-7ad1-4907-8e1b-1d4b848a635a
2026-04-20 13:12:12,542 INFO [TG_Test 1-3] o.a.j.p.j.s.J.Create payload: Payload={"data":{"first_name":"\u0421\u0442\u0430\u043d\u0438\u0441\u043b\u0430\u0432\u0430","last_name":"\u0406\u0432\u0430\u043d\u0446\u0456\u0432","second_name":"\u0412\u0430\u0441\u0438\u043b\u0456\u0432\u043d\u0430","order_date":"2026-04-20","order_number":"5062","order_type":"TRANSFER","birthday":"1998-08-27","file":[{"id":"cbbef129-d48a-42e1-aa47-fec5f5cccebc","checksum":"15e377f79ece4daa09e0de17d9e51284681571c64c12bc7f7049b5deff68b707"}]}}
2026-04-20 13:12:12,554 INFO [TG_Test 1-7] o.a.j.m.J.JSR223 PreProcessor: === [XSRF SYNC] Оновлено токен із Cookie Manager: cdc7f482-ed17-4b74-ac40-2f6b94cc10a3
2026-04-20 13:12:12,639 INFO [TG_Test 1-1] o.a.j.e.J.Set XSRF Token: === [COOKIE MANAGER] XSRF-TOKEN додано успішно: 34ede3bb-3846-4225-bbcc-558168449691
2026-04-20 13:12:12,645 INFO [TG_Test 1-45] o.a.j.t.JMeterThread: Thread started: TG_Test 1-45
2026-04-20 13:12:12,665 INFO [TG_Test 1-44] o.a.j.e.J.JSR223 PostProcessor: === [COOKIE MANAGER] XSRF-TOKEN додано успішно: a4bdbd55-8317-45bc-a924-6824f8986956
2026-04-20 13:12:12,668 INFO [TG_Test 1-45] o.a.j.e.J.JSR223 - Decode URI: Decoded Redirect URI: https://officer-portal-ck-198-main.apps.krrt-two.ncr.gov.ua/officer/home
vary: Origin
access-control-allow-credentials: true
set-cookie: 107c5fe8f03719f0a4aa22d4e168e5a7=41ffc97b422dde73deb0dd2acd77cc5d; path=/; HttpOnly; Secure; SameSite=None

2026-04-20 13:12:12,668 INFO [TG_Test 1-1] o.a.j.p.j.s.J.Create payload: Payload={"data":{"first_name":"\u041a\u0430\u0442\u0435\u0440\u0438\u043d\u0430","last_name":"\u041a\u043e\u0432\u0430\u043b\u044c\u0441\u044c\u043a\u0438\u0439","second_name":"\u0410\u043d\u0430\u0442\u043e\u043b\u0456\u0457\u0432\u043d\u0430","order_date":"2026-04-20","order_number":"6945","order_type":"TRANSFER","birthday":"1989-01-28","file":[{"id":"3d645ba4-0c8d-4ff9-8b11-ed061bd45cc3","checksum":"15e377f79ece4daa09e0de17d9e51284681571c64c12bc7f7049b5deff68b707"}]}}
2026-04-20 13:12:12,668 INFO [TG_Test 1-45] o.a.j.e.J.JSR223 - Decode URI: === Збережено куку балансувальника: 107c5fe8f03719f0a4aa22d4e168e5a7=41ffc97b422dde73deb0dd2acd77cc5d
2026-04-20 13:12:12,688 INFO [TG_Test 1-4] o.a.j.m.J.JSR223 PreProcessor: === [XSRF SYNC] Оновлено токен із Cookie Manager: 556e21ca-1285-41af-9bdd-04924af67a88
2026-04-20 13:12:12,693 INFO [TG_Test 1-6] o.a.j.e.J.Set XSRF Token: === [COOKIE MANAGER] XSRF-TOKEN додано успішно: 2d7117be-356e-4a8a-97f4-7319ee8827b9
2026-04-20 13:12:12,720 INFO [TG_Test 1-6] o.a.j.p.j.s.J.Create payload: Payload={"data":{"first_name":"\u0412\u0456\u0440\u0430","last_name":"\u0413\u0440\u0438\u043d\u0435\u0432\u0441\u044c\u043a\u0438\u0439","second_name":"\u041e\u043b\u0435\u043a\u0441\u0430\u043d\u0434\u0440\u0456\u0432\u043d\u0430","order_date":"2026-04-20","order_number":"8057","order_type":"DISMISSAL","birthday":"1983-04-19","file":[{"id":"c692f574-102c-49ab-ac93-65e07784952f","checksum":"15e377f79ece4daa09e0de17d9e51284681571c64c12bc7f7049b5deff68b707"}]}}
2026-04-20 13:12:12,745 INFO [TG_Test 1-2] o.a.j.m.J.JSR223 PreProcessor: === [XSRF SYNC] Оновлено токен із Cookie Manager: 3dd7c8c6-8393-4b6a-8d30-73b0d82f32b8
2026-04-20 13:12:12,770 INFO [TG_Test 1-9] o.a.j.m.J.JSR223 PreProcessor: === [XSRF SYNC] Оновлено токен із Cookie Manager: 35e67c40-25f9-4433-af3f-c829e13675c4
2026-04-20 13:12:12,845 INFO [TG_Test 1-46] o.a.j.t.JMeterThread: Thread started: TG_Test 1-46
2026-04-20 13:12:12,862 INFO [TG_Test 1-45] o.a.j.e.J.JSR223 PostProcessor: === [COOKIE MANAGER] XSRF-TOKEN додано успішно: cca7d00d-30ab-4b89-8ac1-23d559ad9568
2026-04-20 13:12:12,869 INFO [TG_Test 1-46] o.a.j.e.J.JSR223 - Decode URI: Decoded Redirect URI: https://officer-portal-ck-198-main.apps.krrt-two.ncr.gov.ua/officer/home
vary: Origin
access-control-allow-credentials: true
set-cookie: 107c5fe8f03719f0a4aa22d4e168e5a7=41ffc97b422dde73deb0dd2acd77cc5d; path=/; HttpOnly; Secure; SameSite=None

2026-04-20 13:12:12,869 INFO [TG_Test 1-46] o.a.j.e.J.JSR223 - Decode URI: === Збережено куку балансувальника: 107c5fe8f03719f0a4aa22d4e168e5a7=41ffc97b422dde73deb0dd2acd77cc5d
2026-04-20 13:12:12,871 INFO [TG_Test 1-7] o.a.j.e.J.Set XSRF Token: === [COOKIE MANAGER] XSRF-TOKEN додано успішно: 0c46f528-5a16-4289-88c2-1463f3a1ea61
2026-04-20 13:12:12,905 INFO [TG_Test 1-7] o.a.j.p.j.s.J.Create payload: Payload={"data":{"first_name":"\u042f\u043d\u0430","last_name":"\u0406\u0432\u0430\u043d\u0446\u0456\u0432","second_name":"\u041e\u043b\u0435\u043a\u0441\u0456\u0457\u0432\u043d\u0430","order_date":"2026-04-20","order_number":"7661","order_type":"TRANSFER","birthday":"1969-03-18","file":[{"id":"a4dcfe37-d53f-4f9d-843e-43db22ae9544","checksum":"15e377f79ece4daa09e0de17d9e51284681571c64c12bc7f7049b5deff68b707"}]}}
2026-04-20 13:12:13,047 INFO [TG_Test 1-47] o.a.j.t.JMeterThread: Thread started: TG_Test 1-47
2026-04-20 13:12:13,064 INFO [TG_Test 1-4] o.a.j.e.J.Set XSRF Token: === [COOKIE MANAGER] XSRF-TOKEN додано успішно: 51a31d07-5d9c-4bfd-936a-ab8508a57b04
2026-04-20 13:12:13,073 INFO [TG_Test 1-47] o.a.j.e.J.JSR223 - Decode URI: Decoded Redirect URI: https://officer-portal-ck-198-main.apps.krrt-two.ncr.gov.ua/officer/home
vary: Origin
access-control-allow-credentials: true
set-cookie: 107c5fe8f03719f0a4aa22d4e168e5a7=41ffc97b422dde73deb0dd2acd77cc5d; path=/; HttpOnly; Secure; SameSite=None

2026-04-20 13:12:13,073 INFO [TG_Test 1-47] o.a.j.e.J.JSR223 - Decode URI: === Збережено куку балансувальника: 107c5fe8f03719f0a4aa22d4e168e5a7=41ffc97b422dde73deb0dd2acd77cc5d
2026-04-20 13:12:13,073 INFO [TG_Test 1-9] o.a.j.e.J.Set XSRF Token: === [COOKIE MANAGER] XSRF-TOKEN додано успішно: bec15788-41aa-4473-9f88-ad515d6de4ec
2026-04-20 13:12:13,101 INFO [TG_Test 1-4] o.a.j.p.j.s.J.Create payload: Payload={"data":{"first_name":"\u0421\u043e\u043d\u044f","last_name":"\u0422\u0440\u044f\u0441\u0438\u043b\u043e","second_name":"\u041f\u0435\u0442\u0440\u0456\u0432\u043d\u0430","order_date":"2026-04-20","order_number":"2318","order_type":"ENROLLMENT","birthday":"1986-01-01","file":[{"id":"507f871f-4d41-4fee-b6c7-af6dd97884bf","checksum":"15e377f79ece4daa09e0de17d9e51284681571c64c12bc7f7049b5deff68b707"}]}}
2026-04-20 13:12:13,113 INFO [TG_Test 1-9] o.a.j.p.j.s.J.Create payload: Payload={"data":{"first_name":"\u041e\u0440\u0435\u0441\u0442","last_name":"\u0421\u0456\u0440\u043a\u043e","second_name":"\u041e\u043b\u0435\u043a\u0441\u0456\u0439\u043e\u0432\u0438\u0447","order_date":"2026-04-20","order_number":"4241","order_type":"TRANSFER","birthday":"1995-06-03","file":[{"id":"f76014e6-111d-49ce-8f00-2eaebefa98dd","checksum":"15e377f79ece4daa09e0de17d9e51284681571c64c12bc7f7049b5deff68b707"}]}}
2026-04-20 13:12:13,152 INFO [TG_Test 1-2] o.a.j.e.J.Set XSRF Token: === [COOKIE MANAGER] XSRF-TOKEN додано успішно: ea5e872a-032a-4292-9a74-7148f848e470
2026-04-20 13:12:13,182 INFO [TG_Test 1-2] o.a.j.p.j.s.J.Create payload: Payload={"data":{"first_name":"\u041c\u0430\u0440\u043a\u0456\u044f\u043d","last_name":"\u041f\u0430\u0432\u043b\u0438\u0448\u0438\u043d","second_name":"\u041e\u043b\u0435\u043a\u0441\u0456\u0439\u043e\u0432\u0438\u0447","order_date":"2026-04-20","order_number":"2467","order_type":"ENROLLMENT","birthday":"1974-12-28","file":[{"id":"2d18b4c3-ab83-411c-908d-b19c90c4bd69","checksum":"15e377f79ece4daa09e0de17d9e51284681571c64c12bc7f7049b5deff68b707"}]}}
2026-04-20 13:12:13,228 INFO [TG_Test 1-8] o.a.j.m.J.JSR223 PreProcessor: === [XSRF SYNC] Оновлено токен із Cookie Manager: 068f5a4a-f09e-41bf-82e7-075f7493d074
2026-04-20 13:12:13,245 INFO [TG_Test 1-48] o.a.j.t.JMeterThread: Thread started: TG_Test 1-48
2026-04-20 13:12:13,269 INFO [TG_Test 1-46] o.a.j.e.J.JSR223 PostProcessor: === [COOKIE MANAGER] XSRF-TOKEN додано успішно: d918fc45-50ef-49b6-9233-f09a2d48978d
2026-04-20 13:12:13,269 INFO [TG_Test 1-47] o.a.j.e.J.JSR223 PostProcessor: === [COOKIE MANAGER] XSRF-TOKEN додано успішно: 943bac28-4c48-4756-befb-cb6a5b388dd9
2026-04-20 13:12:13,270 INFO [TG_Test 1-48] o.a.j.e.J.JSR223 - Decode URI: Decoded Redirect URI: https://officer-portal-ck-198-main.apps.krrt-two.ncr.gov.ua/officer/home
vary: Origin
access-control-allow-credentials: true
set-cookie: 107c5fe8f03719f0a4aa22d4e168e5a7=41ffc97b422dde73deb0dd2acd77cc5d; path=/; HttpOnly; Secure; SameSite=None

2026-04-20 13:12:13,270 INFO [TG_Test 1-48] o.a.j.e.J.JSR223 - Decode URI: === Збережено куку балансувальника: 107c5fe8f03719f0a4aa22d4e168e5a7=41ffc97b422dde73deb0dd2acd77cc5d
2026-04-20 13:12:13,445 INFO [TG_Test 1-49] o.a.j.t.JMeterThread: Thread started: TG_Test 1-49
2026-04-20 13:12:13,466 INFO [TG_Test 1-49] o.a.j.e.J.JSR223 - Decode URI: Decoded Redirect URI: https://officer-portal-ck-198-main.apps.krrt-two.ncr.gov.ua/officer/home
vary: Origin
access-control-allow-credentials: true
set-cookie: 107c5fe8f03719f0a4aa22d4e168e5a7=41ffc97b422dde73deb0dd2acd77cc5d; path=/; HttpOnly; Secure; SameSite=None

2026-04-20 13:12:13,466 INFO [TG_Test 1-49] o.a.j.e.J.JSR223 - Decode URI: === Збережено куку балансувальника: 107c5fe8f03719f0a4aa22d4e168e5a7=41ffc97b422dde73deb0dd2acd77cc5d
2026-04-20 13:12:13,468 INFO [TG_Test 1-48] o.a.j.e.J.JSR223 PostProcessor: === [COOKIE MANAGER] XSRF-TOKEN додано успішно: 782280b1-26f2-43a2-84c1-747c5f776f88
2026-04-20 13:12:13,572 INFO [TG_Test 1-8] o.a.j.e.J.Set XSRF Token: === [COOKIE MANAGER] XSRF-TOKEN додано успішно: 9977170b-fc32-48f8-a2d1-d5b42d427abf
2026-04-20 13:12:13,599 INFO [TG_Test 1-8] o.a.j.p.j.s.J.Create payload: Payload={"data":{"first_name":"\u0412\u0456\u0442\u0430","last_name":"\u0412\u0430\u0441\u0438\u043b\u044c\u043a\u0456\u0432\u0441\u044c\u043a\u0438\u0439","second_name":"\u041e\u043b\u0435\u043a\u0441\u0430\u043d\u0434\u0440\u0456\u0432\u043d\u0430","order_date":"2026-04-20","order_number":"8207","order_type":"TRANSFER","birthday":"1978-07-23","file":[{"id":"bc54094e-ffde-454d-aa25-93dfa948cf59","checksum":"15e377f79ece4daa09e0de17d9e51284681571c64c12bc7f7049b5deff68b707"}]}}
2026-04-20 13:12:13,643 INFO [TG_Test 1-49] o.a.j.e.J.JSR223 PostProcessor: === [COOKIE MANAGER] XSRF-TOKEN додано успішно: e81b76be-0a90-4306-8503-87d0ca18961a
2026-04-20 13:12:13,646 INFO [TG_Test 1-50] o.a.j.t.JMeterThread: Thread started: TG_Test 1-50
2026-04-20 13:12:13,664 INFO [TG_Test 1-50] o.a.j.e.J.JSR223 - Decode URI: Decoded Redirect URI: https://officer-portal-ck-198-main.apps.krrt-two.ncr.gov.ua/officer/home
vary: Origin
access-control-allow-credentials: true
set-cookie: 107c5fe8f03719f0a4aa22d4e168e5a7=41ffc97b422dde73deb0dd2acd77cc5d; path=/; HttpOnly; Secure; SameSite=None

2026-04-20 13:12:13,664 INFO [TG_Test 1-50] o.a.j.e.J.JSR223 - Decode URI: === Збережено куку балансувальника: 107c5fe8f03719f0a4aa22d4e168e5a7=41ffc97b422dde73deb0dd2acd77cc5d
2026-04-20 13:12:13,756 INFO [TG_Test 1-10] o.a.j.m.J.JSR223 PreProcessor: === [XSRF SYNC] Оновлено токен із Cookie Manager: 5ed7e789-f00f-4b7e-9d90-2be000d39c33
2026-04-20 13:12:13,846 INFO [TG_Test 1-51] o.a.j.t.JMeterThread: Thread started: TG_Test 1-51
2026-04-20 13:12:13,858 INFO [TG_Test 1-50] o.a.j.e.J.JSR223 PostProcessor: === [COOKIE MANAGER] XSRF-TOKEN додано успішно: 54ee19d8-00c6-4ada-961b-c35b5834e8c8
2026-04-20 13:12:13,889 INFO [TG_Test 1-51] o.a.j.e.J.JSR223 - Decode URI: Decoded Redirect URI: https://officer-portal-ck-198-main.apps.krrt-two.ncr.gov.ua/officer/home
vary: Origin
access-control-allow-credentials: true
set-cookie: 107c5fe8f03719f0a4aa22d4e168e5a7=41ffc97b422dde73deb0dd2acd77cc5d; path=/; HttpOnly; Secure; SameSite=None

2026-04-20 13:12:13,890 INFO [TG_Test 1-51] o.a.j.e.J.JSR223 - Decode URI: === Збережено куку балансувальника: 107c5fe8f03719f0a4aa22d4e168e5a7=41ffc97b422dde73deb0dd2acd77cc5d
2026-04-20 13:12:14,046 INFO [TG_Test 1-52] o.a.j.t.JMeterThread: Thread started: TG_Test 1-52
2026-04-20 13:12:14,055 INFO [TG_Test 1-14] o.a.j.m.J.JSR223 PreProcessor: === [XSRF SYNC] Оновлено токен із Cookie Manager: de6b8068-6328-482c-b852-73f87f1e8964
2026-04-20 13:12:14,075 INFO [TG_Test 1-52] o.a.j.e.J.JSR223 - Decode URI: Decoded Redirect URI: https://officer-portal-ck-198-main.apps.krrt-two.ncr.gov.ua/officer/home
vary: Origin
access-control-allow-credentials: true
set-cookie: 107c5fe8f03719f0a4aa22d4e168e5a7=41ffc97b422dde73deb0dd2acd77cc5d; path=/; HttpOnly; Secure; SameSite=None

2026-04-20 13:12:14,075 INFO [TG_Test 1-52] o.a.j.e.J.JSR223 - Decode URI: === Збережено куку балансувальника: 107c5fe8f03719f0a4aa22d4e168e5a7=41ffc97b422dde73deb0dd2acd77cc5d
2026-04-20 13:12:14,113 INFO [TG_Test 1-10] o.a.j.e.J.Set XSRF Token: === [COOKIE MANAGER] XSRF-TOKEN додано успішно: f42bcc94-e453-4a8e-9d03-2d57dbab1a66
2026-04-20 13:12:14,139 INFO [TG_Test 1-10] o.a.j.p.j.s.J.Create payload: Payload={"data":{"first_name":"\u041c\u0430\u0440\u043a\u043e","last_name":"\u0422\u0440\u044f\u0441\u0443\u043d","second_name":"\u0421\u0435\u0440\u0433\u0456\u0439\u043e\u0432\u0438\u0447","order_date":"2026-04-20","order_number":"1746","order_type":"ENROLLMENT","birthday":"1999-09-07","file":[{"id":"10817d46-3cfc-4210-94b3-f7d752a7e957","checksum":"15e377f79ece4daa09e0de17d9e51284681571c64c12bc7f7049b5deff68b707"}]}}
2026-04-20 13:12:14,232 INFO [TG_Test 1-12] o.a.j.m.J.JSR223 PreProcessor: === [XSRF SYNC] Оновлено токен із Cookie Manager: b16bd2d7-9a72-4278-9cb7-f93f61ef8999
2026-04-20 13:12:14,246 INFO [TG_Test 1-53] o.a.j.t.JMeterThread: Thread started: TG_Test 1-53
2026-04-20 13:12:14,250 INFO [TG_Test 1-52] o.a.j.e.J.JSR223 PostProcessor: === [COOKIE MANAGER] XSRF-TOKEN додано успішно: 7f025870-79c5-406a-90cc-0567ec7f8cfd
2026-04-20 13:12:14,266 INFO [TG_Test 1-53] o.a.j.e.J.JSR223 - Decode URI: Decoded Redirect URI: https://officer-portal-ck-198-main.apps.krrt-two.ncr.gov.ua/officer/home
vary: Origin
access-control-allow-credentials: true
set-cookie: 107c5fe8f03719f0a4aa22d4e168e5a7=41ffc97b422dde73deb0dd2acd77cc5d; path=/; HttpOnly; Secure; SameSite=None

2026-04-20 13:12:14,266 INFO [TG_Test 1-53] o.a.j.e.J.JSR223 - Decode URI: === Збережено куку балансувальника: 107c5fe8f03719f0a4aa22d4e168e5a7=41ffc97b422dde73deb0dd2acd77cc5d
2026-04-20 13:12:14,284 INFO [TG_Test 1-51] o.a.j.e.J.JSR223 PostProcessor: === [COOKIE MANAGER] XSRF-TOKEN додано успішно: bdc5ebc8-2099-4531-972f-746425e153ec
2026-04-20 13:12:14,345 INFO [TG_Test 1-11] o.a.j.m.J.JSR223 PreProcessor: === [XSRF SYNC] Оновлено токен із Cookie Manager: 7933a5f8-7376-4255-b544-e920fc1d8e83
2026-04-20 13:12:14,365 INFO [TG_Test 1-14] o.a.j.e.J.Set XSRF Token: === [COOKIE MANAGER] XSRF-TOKEN додано успішно: 27208649-c0ef-4e07-aa36-469da519a69a
2026-04-20 13:12:14,394 INFO [TG_Test 1-14] o.a.j.p.j.s.J.Create payload: Payload={"data":{"first_name":"\u0425\u043e\u0440\u0438\u0432","last_name":"\u0411\u0430\u043d\u0434\u0435\u0440\u0430","second_name":"\u0412\u0430\u0441\u0438\u043b\u044c\u043e\u0432\u0438\u0447","order_date":"2026-04-20","order_number":"8445","order_type":"ENROLLMENT","birthday":"1996-12-13","file":[{"id":"1c796716-aec0-42bf-ba55-401622dbdd87","checksum":"15e377f79ece4daa09e0de17d9e51284681571c64c12bc7f7049b5deff68b707"}]}}
2026-04-20 13:12:14,444 INFO [TG_Test 1-15] o.a.j.m.J.JSR223 PreProcessor: === [XSRF SYNC] Оновлено токен із Cookie Manager: 9cad7fef-841e-4c41-ab98-03fd7d85d3ff
2026-04-20 13:12:14,446 INFO [TG_Test 1-54] o.a.j.t.JMeterThread: Thread started: TG_Test 1-54
2026-04-20 13:12:14,453 INFO [TG_Test 1-53] o.a.j.e.J.JSR223 PostProcessor: === [COOKIE MANAGER] XSRF-TOKEN додано успішно: 6df56365-3e4a-49d0-93f5-3c980e641988
2026-04-20 13:12:14,468 INFO [TG_Test 1-54] o.a.j.e.J.JSR223 - Decode URI: Decoded Redirect URI: https://officer-portal-ck-198-main.apps.krrt-two.ncr.gov.ua/officer/home
vary: Origin
access-control-allow-credentials: true
set-cookie: 107c5fe8f03719f0a4aa22d4e168e5a7=41ffc97b422dde73deb0dd2acd77cc5d; path=/; HttpOnly; Secure; SameSite=None

2026-04-20 13:12:14,468 INFO [TG_Test 1-54] o.a.j.e.J.JSR223 - Decode URI: === Збережено куку балансувальника: 107c5fe8f03719f0a4aa22d4e168e5a7=41ffc97b422dde73deb0dd2acd77cc5d
2026-04-20 13:12:14,495 INFO [TG_Test 1-17] o.a.j.m.J.JSR223 PreProcessor: === [XSRF SYNC] Оновлено токен із Cookie Manager: 0ea887dd-c4a5-419c-9f49-6c894164789f
2026-04-20 13:12:14,503 INFO [TG_Test 1-18] o.a.j.m.J.JSR223 PreProcessor: === [XSRF SYNC] Оновлено токен із Cookie Manager: 4cadd724-8e9d-4b05-a014-4dda2636f851
2026-04-20 13:12:14,505 INFO [TG_Test 1-13] o.a.j.m.J.JSR223 PreProcessor: === [XSRF SYNC] Оновлено токен із Cookie Manager: 0c317f07-dc44-4946-94b6-811216bed6c1
2026-04-20 13:12:14,558 INFO [TG_Test 1-12] o.a.j.e.J.Set XSRF Token: === [COOKIE MANAGER] XSRF-TOKEN додано успішно: 43d36853-0156-4d35-9562-3112f5da490b
2026-04-20 13:12:14,590 INFO [TG_Test 1-12] o.a.j.p.j.s.J.Create payload: Payload={"data":{"first_name":"\u0406\u043b\u043b\u044f","last_name":"\u0422\u0440\u044f\u0441\u0438\u043b\u043e","second_name":"\u041e\u043b\u0435\u043a\u0441\u0430\u043d\u0434\u0440\u043e\u0432\u0438\u0447","order_date":"2026-04-20","order_number":"7543","order_type":"TRANSFER","birthday":"1990-04-16","file":[{"id":"bc7d2d40-b968-4285-8bb4-d32187f04a53","checksum":"15e377f79ece4daa09e0de17d9e51284681571c64c12bc7f7049b5deff68b707"}]}}
2026-04-20 13:12:14,645 INFO [TG_Test 1-55] o.a.j.t.JMeterThread: Thread started: TG_Test 1-55
2026-04-20 13:12:14,647 INFO [TG_Test 1-54] o.a.j.e.J.JSR223 PostProcessor: === [COOKIE MANAGER] XSRF-TOKEN додано успішно: eb7a61e0-0ba4-4966-92f2-c31d03e42de2
2026-04-20 13:12:14,665 INFO [TG_Test 1-55] o.a.j.e.J.JSR223 - Decode URI: Decoded Redirect URI: https://officer-portal-ck-198-main.apps.krrt-two.ncr.gov.ua/officer/home
vary: Origin
access-control-allow-credentials: true
set-cookie: 107c5fe8f03719f0a4aa22d4e168e5a7=41ffc97b422dde73deb0dd2acd77cc5d; path=/; HttpOnly; Secure; SameSite=None

2026-04-20 13:12:14,665 INFO [TG_Test 1-55] o.a.j.e.J.JSR223 - Decode URI: === Збережено куку балансувальника: 107c5fe8f03719f0a4aa22d4e168e5a7=41ffc97b422dde73deb0dd2acd77cc5d
2026-04-20 13:12:14,735 INFO [TG_Test 1-11] o.a.j.e.J.Set XSRF Token: === [COOKIE MANAGER] XSRF-TOKEN додано успішно: 6d2b560d-ba11-453a-9c54-402aa02824b2
2026-04-20 13:12:14,763 INFO [TG_Test 1-11] o.a.j.p.j.s.J.Create payload: Payload={"data":{"first_name":"\u0410\u0433\u0430\u043f\u0456\u044f","last_name":"\u041f\u0430\u0433\u0443\u0442\u044f\u043a","second_name":"\u041f\u0435\u0442\u0440\u0456\u0432\u043d\u0430","order_date":"2026-04-20","order_number":"3507","order_type":"TRANSFER","birthday":"1990-01-03","file":[{"id":"27e1430e-e4ed-41be-b18d-2ed5a88b7a44","checksum":"15e377f79ece4daa09e0de17d9e51284681571c64c12bc7f7049b5deff68b707"}]}}
2026-04-20 13:12:14,816 INFO [TG_Test 1-15] o.a.j.e.J.Set XSRF Token: === [COOKIE MANAGER] XSRF-TOKEN додано успішно: 5af7e011-8bdd-4a80-91c3-3c051cbe1866
2026-04-20 13:12:14,823 INFO [TG_Test 1-16] o.a.j.m.J.JSR223 PreProcessor: === [XSRF SYNC] Оновлено токен із Cookie Manager: 664513ab-b050-4ce7-83aa-ce3a09dbc2e4
2026-04-20 13:12:14,837 INFO [TG_Test 1-55] o.a.j.e.J.JSR223 PostProcessor: === [COOKIE MANAGER] XSRF-TOKEN додано успішно: af6617ff-1a49-498e-8a29-6363f19fb4e9
2026-04-20 13:12:14,842 INFO [TG_Test 1-5] o.a.j.p.j.s.J.Create payload: formData={"id":"675e995e-3ca1-11f1-beaf-0a580a80027a","taskDefinitionKey":"signPersonProfileActivity","name":"Підписати дані про освітній профіль","assignee":"perf-test-officer-5","created":"2026-04-20T10:12:14.685Z","description":null,"processInstanceId":"65bb97de-3ca1-11f1-beaf-0a580a80027a","rootProcessInstanceId":"65bb97de-3ca1-11f1-beaf-0a580a80027a","processDefinitionId":"b29a4815-3a3c-11f1-9c26-0a580a800265","processDefinitionName":"Процес для перевірки збереження декількох сутностей в рамках однієї транзакції - nested entity","formKey":"feature-form-add-signd","suspended":false,"formVariables":{},"signatureValidationPack":[],"data":{"first_name":"Далеслава","last_name":"Прядун","second_name":"Анатоліївна","order_date":"2026-04-20","order_number":"7749","order_type":"DISMISSAL","birthday":"2002-11-17","file":[{"id":"984c19f5-71e1-4524-9d39-949d9a4211ad","checksum":"15e377f79ece4daa09e0de17d9e51284681571c64c12bc7f7049b5deff68b707"}]},"esign":true}
2026-04-20 13:12:14,846 INFO [TG_Test 1-15] o.a.j.p.j.s.J.Create payload: Payload={"data":{"first_name":"\u0410\u043d\u0436\u0435\u043b\u0430","last_name":"\u041c\u043e\u0442\u0440\u0456\u0454\u043d\u043a\u043e","second_name":"\u0406\u0432\u0430\u043d\u0456\u0432\u043d\u0430","order_date":"2026-04-20","order_number":"7329","order_type":"TRANSFER","birthday":"2002-05-16","file":[{"id":"b4ea9650-6036-4269-8151-2572861b4391","checksum":"15e377f79ece4daa09e0de17d9e51284681571c64c12bc7f7049b5deff68b707"}]}}
2026-04-20 13:12:14,846 INFO [TG_Test 1-56] o.a.j.t.JMeterThread: Thread started: TG_Test 1-56
2026-04-20 13:12:14,848 INFO [TG_Test 1-5] o.a.j.p.j.s.J.Create payload: formData={first_name=Далеслава, last_name=Прядун, second_name=Анатоліївна, order_date=2026-04-20, order_number=7749, order_type=DISMISSAL, birthday=2002-11-17, file=[{id=984c19f5-71e1-4524-9d39-949d9a4211ad, checksum=15e377f79ece4daa09e0de17d9e51284681571c64c12bc7f7049b5deff68b707}]}
2026-04-20 13:12:14,854 INFO [TG_Test 1-5] o.a.j.p.j.s.J.Create payload: Payload={"data":{"first_name":"\u0414\u0430\u043b\u0435\u0441\u043b\u0430\u0432\u0430","last_name":"\u041f\u0440\u044f\u0434\u0443\u043d","second_name":"\u0410\u043d\u0430\u0442\u043e\u043b\u0456\u0457\u0432\u043d\u0430","order_date":"2026-04-20","order_number":"7749","order_type":"DISMISSAL","birthday":"2002-11-17","file":[{"id":"984c19f5-71e1-4524-9d39-949d9a4211ad","checksum":"15e377f79ece4daa09e0de17d9e51284681571c64c12bc7f7049b5deff68b707"}]},"signature":"perf-test-officer-5.dat"}
2026-04-20 13:12:14,868 INFO [TG_Test 1-56] o.a.j.e.J.JSR223 - Decode URI: Decoded Redirect URI: https://officer-portal-ck-198-main.apps.krrt-two.ncr.gov.ua/officer/home
vary: Origin
access-control-allow-credentials: true
set-cookie: 107c5fe8f03719f0a4aa22d4e168e5a7=41ffc97b422dde73deb0dd2acd77cc5d; path=/; HttpOnly; Secure; SameSite=None

2026-04-20 13:12:14,868 INFO [TG_Test 1-56] o.a.j.e.J.JSR223 - Decode URI: === Збережено куку балансувальника: 107c5fe8f03719f0a4aa22d4e168e5a7=41ffc97b422dde73deb0dd2acd77cc5d
2026-04-20 13:12:14,877 INFO [TG_Test 1-18] o.a.j.e.J.Set XSRF Token: === [COOKIE MANAGER] XSRF-TOKEN додано успішно: d4348a16-47c0-414e-aa8a-db97d51bf48e
2026-04-20 13:12:14,907 INFO [TG_Test 1-3] o.a.j.p.j.s.J.Create payload: formData={"id":"67683654-3ca1-11f1-beaf-0a580a80027a","taskDefinitionKey":"signPersonProfileActivity","name":"Підписати дані про освітній профіль","assignee":"perf-test-officer-3","created":"2026-04-20T10:12:14.748Z","description":null,"processInstanceId":"65e1485b-3ca1-11f1-beaf-0a580a80027a","rootProcessInstanceId":"65e1485b-3ca1-11f1-beaf-0a580a80027a","processDefinitionId":"b29a4815-3a3c-11f1-9c26-0a580a800265","processDefinitionName":"Процес для перевірки збереження декількох сутностей в рамках однієї транзакції - nested entity","formKey":"feature-form-add-signd","suspended":false,"formVariables":{},"signatureValidationPack":[],"data":{"first_name":"Станислава","last_name":"Іванців","second_name":"Василівна","order_date":"2026-04-20","order_number":"5062","order_type":"TRANSFER","birthday":"1998-08-27","file":[{"id":"cbbef129-d48a-42e1-aa47-fec5f5cccebc","checksum":"15e377f79ece4daa09e0de17d9e51284681571c64c12bc7f7049b5deff68b707"}]},"esign":true}
2026-04-20 13:12:14,907 INFO [TG_Test 1-13] o.a.j.e.J.Set XSRF Token: === [COOKIE MANAGER] XSRF-TOKEN додано успішно: af90a7a9-98d0-465a-b0ff-faca1f6df028
2026-04-20 13:12:14,907 INFO [TG_Test 1-3] o.a.j.p.j.s.J.Create payload: formData={first_name=Станислава, last_name=Іванців, second_name=Василівна, order_date=2026-04-20, order_number=5062, order_type=TRANSFER, birthday=1998-08-27, file=[{id=cbbef129-d48a-42e1-aa47-fec5f5cccebc, checksum=15e377f79ece4daa09e0de17d9e51284681571c64c12bc7f7049b5deff68b707}]}
2026-04-20 13:12:14,907 INFO [TG_Test 1-3] o.a.j.p.j.s.J.Create payload: Payload={"data":{"first_name":"\u0421\u0442\u0430\u043d\u0438\u0441\u043b\u0430\u0432\u0430","last_name":"\u0406\u0432\u0430\u043d\u0446\u0456\u0432","second_name":"\u0412\u0430\u0441\u0438\u043b\u0456\u0432\u043d\u0430","order_date":"2026-04-20","order_number":"5062","order_type":"TRANSFER","birthday":"1998-08-27","file":[{"id":"cbbef129-d48a-42e1-aa47-fec5f5cccebc","checksum":"15e377f79ece4daa09e0de17d9e51284681571c64c12bc7f7049b5deff68b707"}]},"signature":"perf-test-officer-3.dat"}
2026-04-20 13:12:14,921 INFO [TG_Test 1-17] o.a.j.e.J.Set XSRF Token: === [COOKIE MANAGER] XSRF-TOKEN додано успішно: 4adc5f03-4030-4168-b337-9dc31256076f
2026-04-20 13:12:14,925 INFO [TG_Test 1-18] o.a.j.p.j.s.J.Create payload: Payload={"data":{"first_name":"\u0424\u0435\u0434\u043e\u0440\u0430","last_name":"\u041c\u0430\u0440\u0456\u0454\u0432\u0441\u044c\u043a\u0438\u0439","second_name":"\u041f\u0435\u0442\u0440\u0456\u0432\u043d\u0430","order_date":"2026-04-20","order_number":"7932","order_type":"TRANSFER","birthday":"1969-05-28","file":[{"id":"5cf0e023-38f0-4345-b6d3-648c0daf5725","checksum":"15e377f79ece4daa09e0de17d9e51284681571c64c12bc7f7049b5deff68b707"}]}}
2026-04-20 13:12:14,938 INFO [TG_Test 1-13] o.a.j.p.j.s.J.Create payload: Payload={"data":{"first_name":"\u041b\u044e\u0434\u043c\u0438\u043b\u0430","last_name":"\u0411\u043e\u0440\u043e\u0432\u0441\u044c\u043a\u0438\u0439","second_name":"\u041f\u0435\u0442\u0440\u0456\u0432\u043d\u0430","order_date":"2026-04-20","order_number":"2962","order_type":"DISMISSAL","birthday":"1980-07-27","file":[{"id":"7742541e-fccf-4be8-b553-27fa7d83b859","checksum":"15e377f79ece4daa09e0de17d9e51284681571c64c12bc7f7049b5deff68b707"}]}}
2026-04-20 13:12:14,946 INFO [TG_Test 1-17] o.a.j.p.j.s.J.Create payload: Payload={"data":{"first_name":"\u0417\u043e\u0440\u0435\u0441\u043b\u0430\u0432","last_name":"\u0424\u0435\u0434\u043e\u0440\u0438\u0448\u0438\u043d","second_name":"\u0406\u0432\u0430\u043d\u043e\u0432\u0438\u0447","order_date":"2026-04-20","order_number":"4946","order_type":"ENROLLMENT","birthday":"1983-05-27","file":[{"id":"fe75c67a-c2cf-404e-a331-0979aa2367b9","checksum":"15e377f79ece4daa09e0de17d9e51284681571c64c12bc7f7049b5deff68b707"}]}}
2026-04-20 13:12:15,032 INFO [TG_Test 1-22] o.a.j.m.J.JSR223 PreProcessor: === [XSRF SYNC] Оновлено токен із Cookie Manager: 379fd7fe-095f-4afd-859b-cfc95a85ec53
2026-04-20 13:12:15,047 INFO [TG_Test 1-57] o.a.j.t.JMeterThread: Thread started: TG_Test 1-57
2026-04-20 13:12:15,050 INFO [TG_Test 1-56] o.a.j.e.J.JSR223 PostProcessor: === [COOKIE MANAGER] XSRF-TOKEN додано успішно: ff9f9a76-19b8-4e30-8d01-3ac0e8d87420
2026-04-20 13:12:15,076 INFO [TG_Test 1-57] o.a.j.e.J.JSR223 - Decode URI: Decoded Redirect URI: https://officer-portal-ck-198-main.apps.krrt-two.ncr.gov.ua/officer/home
vary: Origin
access-control-allow-credentials: true
set-cookie: 107c5fe8f03719f0a4aa22d4e168e5a7=41ffc97b422dde73deb0dd2acd77cc5d; path=/; HttpOnly; Secure; SameSite=None

2026-04-20 13:12:15,077 INFO [TG_Test 1-57] o.a.j.e.J.JSR223 - Decode URI: === Збережено куку балансувальника: 107c5fe8f03719f0a4aa22d4e168e5a7=41ffc97b422dde73deb0dd2acd77cc5d
2026-04-20 13:12:15,173 INFO [TG_Test 1-16] o.a.j.e.J.Set XSRF Token: === [COOKIE MANAGER] XSRF-TOKEN додано успішно: 6332852f-affd-4dfe-80fb-4dca14764b9f
2026-04-20 13:12:15,207 INFO [TG_Test 1-16] o.a.j.p.j.s.J.Create payload: Payload={"data":{"first_name":"\u0421\u0432\u044f\u0442\u043e\u043f\u043e\u043b\u043a","last_name":"\u041f\u0440\u0438\u0439\u043c\u0430\u043a","second_name":"\u0421\u0435\u0440\u0433\u0456\u0439\u043e\u0432\u0438\u0447","order_date":"2026-04-20","order_number":"1639","order_type":"TRANSFER","birthday":"1977-11-17","file":[{"id":"9712c924-044d-45a2-86d3-ae3092d1d55b","checksum":"15e377f79ece4daa09e0de17d9e51284681571c64c12bc7f7049b5deff68b707"}]}}
2026-04-20 13:12:15,246 INFO [TG_Test 1-58] o.a.j.t.JMeterThread: Thread started: TG_Test 1-58
2026-04-20 13:12:15,253 INFO [TG_Test 1-57] o.a.j.e.J.JSR223 PostProcessor: === [COOKIE MANAGER] XSRF-TOKEN додано успішно: d37cce61-1e47-41ba-928e-e0c861e5154f
2026-04-20 13:12:15,263 INFO [TG_Test 1-7] o.a.j.p.j.s.J.Create payload: formData={"id":"67a23234-3ca1-11f1-beaf-0a580a80027a","taskDefinitionKey":"signPersonProfileActivity","name":"Підписати дані про освітній профіль","assignee":"perf-test-officer-7","created":"2026-04-20T10:12:15.128Z","description":null,"processInstanceId":"661e5182-3ca1-11f1-beaf-0a580a80027a","rootProcessInstanceId":"661e5182-3ca1-11f1-beaf-0a580a80027a","processDefinitionId":"b29a4815-3a3c-11f1-9c26-0a580a800265","processDefinitionName":"Процес для перевірки збереження декількох сутностей в рамках однієї транзакції - nested entity","formKey":"feature-form-add-signd","suspended":false,"formVariables":{},"signatureValidationPack":[],"data":{"first_name":"Яна","last_name":"Іванців","second_name":"Олексіївна","order_date":"2026-04-20","order_number":"7661","order_type":"TRANSFER","birthday":"1969-03-18","file":[{"id":"a4dcfe37-d53f-4f9d-843e-43db22ae9544","checksum":"15e377f79ece4daa09e0de17d9e51284681571c64c12bc7f7049b5deff68b707"}]},"esign":true}
2026-04-20 13:12:15,264 INFO [TG_Test 1-7] o.a.j.p.j.s.J.Create payload: formData={first_name=Яна, last_name=Іванців, second_name=Олексіївна, order_date=2026-04-20, order_number=7661, order_type=TRANSFER, birthday=1969-03-18, file=[{id=a4dcfe37-d53f-4f9d-843e-43db22ae9544, checksum=15e377f79ece4daa09e0de17d9e51284681571c64c12bc7f7049b5deff68b707}]}
2026-04-20 13:12:15,264 INFO [TG_Test 1-7] o.a.j.p.j.s.J.Create payload: Payload={"data":{"first_name":"\u042f\u043d\u0430","last_name":"\u0406\u0432\u0430\u043d\u0446\u0456\u0432","second_name":"\u041e\u043b\u0435\u043a\u0441\u0456\u0457\u0432\u043d\u0430","order_date":"2026-04-20","order_number":"7661","order_type":"TRANSFER","birthday":"1969-03-18","file":[{"id":"a4dcfe37-d53f-4f9d-843e-43db22ae9544","checksum":"15e377f79ece4daa09e0de17d9e51284681571c64c12bc7f7049b5deff68b707"}]},"signature":"perf-test-officer-7.dat"}
2026-04-20 13:12:15,268 INFO [TG_Test 1-58] o.a.j.e.J.JSR223 - Decode URI: Decoded Redirect URI: https://officer-portal-ck-198-main.apps.krrt-two.ncr.gov.ua/officer/home
vary: Origin
access-control-allow-credentials: true
set-cookie: 107c5fe8f03719f0a4aa22d4e168e5a7=41ffc97b422dde73deb0dd2acd77cc5d; path=/; HttpOnly; Secure; SameSite=None

2026-04-20 13:12:15,268 INFO [TG_Test 1-58] o.a.j.e.J.JSR223 - Decode URI: === Збережено куку балансувальника: 107c5fe8f03719f0a4aa22d4e168e5a7=41ffc97b422dde73deb0dd2acd77cc5d
2026-04-20 13:12:15,323 INFO [TG_Test 1-20] o.a.j.m.J.JSR223 PreProcessor: === [XSRF SYNC] Оновлено токен із Cookie Manager: 7cededab-fd2c-4421-a20f-69d0e0baf18e
2026-04-20 13:12:15,365 INFO [TG_Test 1-22] o.a.j.e.J.Set XSRF Token: === [COOKIE MANAGER] XSRF-TOKEN додано успішно: 8fbc1db3-d2e7-462b-8984-8149190be3b5
2026-04-20 13:12:15,369 INFO [TG_Test 1-6] o.a.j.p.j.s.J.Create payload: formData={"id":"67b4f6ea-3ca1-11f1-beaf-0a580a80027a","taskDefinitionKey":"signPersonProfileActivity","name":"Підписати дані про освітній профіль","assignee":"perf-test-officer-6","created":"2026-04-20T10:12:15.251Z","description":null,"processInstanceId":"6603c495-3ca1-11f1-beaf-0a580a80027a","rootProcessInstanceId":"6603c495-3ca1-11f1-beaf-0a580a80027a","processDefinitionId":"b29a4815-3a3c-11f1-9c26-0a580a800265","processDefinitionName":"Процес для перевірки збереження декількох сутностей в рамках однієї транзакції - nested entity","formKey":"feature-form-add-signd","suspended":false,"formVariables":{},"signatureValidationPack":[],"data":{"first_name":"Віра","last_name":"Гриневський","second_name":"Олександрівна","order_date":"2026-04-20","order_number":"8057","order_type":"DISMISSAL","birthday":"1983-04-19","file":[{"id":"c692f574-102c-49ab-ac93-65e07784952f","checksum":"15e377f79ece4daa09e0de17d9e51284681571c64c12bc7f7049b5deff68b707"}]},"esign":true}
2026-04-20 13:12:15,370 INFO [TG_Test 1-6] o.a.j.p.j.s.J.Create payload: formData={first_name=Віра, last_name=Гриневський, second_name=Олександрівна, order_date=2026-04-20, order_number=8057, order_type=DISMISSAL, birthday=1983-04-19, file=[{id=c692f574-102c-49ab-ac93-65e07784952f, checksum=15e377f79ece4daa09e0de17d9e51284681571c64c12bc7f7049b5deff68b707}]}
2026-04-20 13:12:15,370 INFO [TG_Test 1-6] o.a.j.p.j.s.J.Create payload: Payload={"data":{"first_name":"\u0412\u0456\u0440\u0430","last_name":"\u0413\u0440\u0438\u043d\u0435\u0432\u0441\u044c\u043a\u0438\u0439","second_name":"\u041e\u043b\u0435\u043a\u0441\u0430\u043d\u0434\u0440\u0456\u0432\u043d\u0430","order_date":"2026-04-20","order_number":"8057","order_type":"DISMISSAL","birthday":"1983-04-19","file":[{"id":"c692f574-102c-49ab-ac93-65e07784952f","checksum":"15e377f79ece4daa09e0de17d9e51284681571c64c12bc7f7049b5deff68b707"}]},"signature":"perf-test-officer-6.dat"}
2026-04-20 13:12:15,393 INFO [TG_Test 1-22] o.a.j.p.j.s.J.Create payload: Payload={"data":{"first_name":"\u041d\u0430\u0437\u0430\u0440\u0456\u0439","last_name":"\u0412\u0456\u0442\u0440\u044f\u043a","second_name":"\u0406\u0432\u0430\u043d\u043e\u0432\u0438\u0447","order_date":"2026-04-20","order_number":"4021","order_type":"DISMISSAL","birthday":"1992-10-15","file":[{"id":"b10834a5-59f6-42ac-8aec-aa375cc775a7","checksum":"15e377f79ece4daa09e0de17d9e51284681571c64c12bc7f7049b5deff68b707"}]}}
2026-04-20 13:12:15,443 INFO [TG_Test 1-58] o.a.j.e.J.JSR223 PostProcessor: === [COOKIE MANAGER] XSRF-TOKEN додано успішно: 1d92c4c3-2050-4a34-bd5f-193b1b52ebc2
2026-04-20 13:12:15,449 INFO [TG_Test 1-59] o.a.j.t.JMeterThread: Thread started: TG_Test 1-59
2026-04-20 13:12:15,476 INFO [TG_Test 1-59] o.a.j.e.J.JSR223 - Decode URI: Decoded Redirect URI: https://officer-portal-ck-198-main.apps.krrt-two.ncr.gov.ua/officer/home
vary: Origin
access-control-allow-credentials: true
set-cookie: 107c5fe8f03719f0a4aa22d4e168e5a7=41ffc97b422dde73deb0dd2acd77cc5d; path=/; HttpOnly; Secure; SameSite=None

2026-04-20 13:12:15,476 INFO [TG_Test 1-59] o.a.j.e.J.JSR223 - Decode URI: === Збережено куку балансувальника: 107c5fe8f03719f0a4aa22d4e168e5a7=41ffc97b422dde73deb0dd2acd77cc5d
2026-04-20 13:12:15,541 INFO [TG_Test 1-9] o.a.j.p.j.s.J.Create payload: formData={"id":"67cc9dad-3ca1-11f1-beaf-0a580a80027a","taskDefinitionKey":"signPersonProfileActivity","name":"Підписати дані про освітній профіль","assignee":"perf-test-officer-9","created":"2026-04-20T10:12:15.406Z","description":null,"processInstanceId":"663ea9e9-3ca1-11f1-beaf-0a580a80027a","rootProcessInstanceId":"663ea9e9-3ca1-11f1-beaf-0a580a80027a","processDefinitionId":"b29a4815-3a3c-11f1-9c26-0a580a800265","processDefinitionName":"Процес для перевірки збереження декількох сутностей в рамках однієї транзакції - nested entity","formKey":"feature-form-add-signd","suspended":false,"formVariables":{},"signatureValidationPack":[],"data":{"first_name":"Орест","last_name":"Сірко","second_name":"Олексійович","order_date":"2026-04-20","order_number":"4241","order_type":"TRANSFER","birthday":"1995-06-03","file":[{"id":"f76014e6-111d-49ce-8f00-2eaebefa98dd","checksum":"15e377f79ece4daa09e0de17d9e51284681571c64c12bc7f7049b5deff68b707"}]},"esign":true}
2026-04-20 13:12:15,542 INFO [TG_Test 1-9] o.a.j.p.j.s.J.Create payload: formData={first_name=Орест, last_name=Сірко, second_name=Олексійович, order_date=2026-04-20, order_number=4241, order_type=TRANSFER, birthday=1995-06-03, file=[{id=f76014e6-111d-49ce-8f00-2eaebefa98dd, checksum=15e377f79ece4daa09e0de17d9e51284681571c64c12bc7f7049b5deff68b707}]}
2026-04-20 13:12:15,542 INFO [TG_Test 1-9] o.a.j.p.j.s.J.Create payload: Payload={"data":{"first_name":"\u041e\u0440\u0435\u0441\u0442","last_name":"\u0421\u0456\u0440\u043a\u043e","second_name":"\u041e\u043b\u0435\u043a\u0441\u0456\u0439\u043e\u0432\u0438\u0447","order_date":"2026-04-20","order_number":"4241","order_type":"TRANSFER","birthday":"1995-06-03","file":[{"id":"f76014e6-111d-49ce-8f00-2eaebefa98dd","checksum":"15e377f79ece4daa09e0de17d9e51284681571c64c12bc7f7049b5deff68b707"}]},"signature":"perf-test-officer-9.dat"}
2026-04-20 13:12:15,573 INFO [TG_Test 1-27] o.a.j.m.J.JSR223 PreProcessor: === [XSRF SYNC] Оновлено токен із Cookie Manager: 50f8e8a9-84f7-419a-853e-6550e260bbeb
2026-04-20 13:12:15,640 INFO [TG_Test 1-1] o.a.j.p.j.s.J.Create payload: formData={"id":"67db6ac3-3ca1-11f1-beaf-0a580a80027a","taskDefinitionKey":"signPersonProfileActivity","name":"Підписати дані про освітній профіль","assignee":"perf-test-officer-1","created":"2026-04-20T10:12:15.503Z","description":null,"processInstanceId":"65f0d8c8-3ca1-11f1-beaf-0a580a80027a","rootProcessInstanceId":"65f0d8c8-3ca1-11f1-beaf-0a580a80027a","processDefinitionId":"b29a4815-3a3c-11f1-9c26-0a580a800265","processDefinitionName":"Процес для перевірки збереження декількох сутностей в рамках однієї транзакції - nested entity","formKey":"feature-form-add-signd","suspended":false,"formVariables":{},"signatureValidationPack":[],"data":{"first_name":"Катерина","last_name":"Ковальський","second_name":"Анатоліївна","order_date":"2026-04-20","order_number":"6945","order_type":"TRANSFER","birthday":"1989-01-28","file":[{"id":"3d645ba4-0c8d-4ff9-8b11-ed061bd45cc3","checksum":"15e377f79ece4daa09e0de17d9e51284681571c64c12bc7f7049b5deff68b707"}]},"esign":true}
2026-04-20 13:12:15,640 INFO [TG_Test 1-1] o.a.j.p.j.s.J.Create payload: formData={first_name=Катерина, last_name=Ковальський, second_name=Анатоліївна, order_date=2026-04-20, order_number=6945, order_type=TRANSFER, birthday=1989-01-28, file=[{id=3d645ba4-0c8d-4ff9-8b11-ed061bd45cc3, checksum=15e377f79ece4daa09e0de17d9e51284681571c64c12bc7f7049b5deff68b707}]}
2026-04-20 13:12:15,640 INFO [TG_Test 1-1] o.a.j.p.j.s.J.Create payload: Payload={"data":{"first_name":"\u041a\u0430\u0442\u0435\u0440\u0438\u043d\u0430","last_name":"\u041a\u043e\u0432\u0430\u043b\u044c\u0441\u044c\u043a\u0438\u0439","second_name":"\u0410\u043d\u0430\u0442\u043e\u043b\u0456\u0457\u0432\u043d\u0430","order_date":"2026-04-20","order_number":"6945","order_type":"TRANSFER","birthday":"1989-01-28","file":[{"id":"3d645ba4-0c8d-4ff9-8b11-ed061bd45cc3","checksum":"15e377f79ece4daa09e0de17d9e51284681571c64c12bc7f7049b5deff68b707"}]},"signature":"perf-test-officer-1.dat"}
2026-04-20 13:12:15,646 INFO [TG_Test 1-60] o.a.j.t.JMeterThread: Thread started: TG_Test 1-60
2026-04-20 13:12:15,664 INFO [TG_Test 1-59] o.a.j.e.J.JSR223 PostProcessor: === [COOKIE MANAGER] XSRF-TOKEN додано успішно: 2c237179-509a-4bad-b185-0a1162f559ce
2026-04-20 13:12:15,667 INFO [TG_Test 1-60] o.a.j.e.J.JSR223 - Decode URI: Decoded Redirect URI: https://officer-portal-ck-198-main.apps.krrt-two.ncr.gov.ua/officer/home
vary: Origin
access-control-allow-credentials: true
set-cookie: 107c5fe8f03719f0a4aa22d4e168e5a7=41ffc97b422dde73deb0dd2acd77cc5d; path=/; HttpOnly; Secure; SameSite=None

2026-04-20 13:12:15,667 INFO [TG_Test 1-60] o.a.j.e.J.JSR223 - Decode URI: === Збережено куку балансувальника: 107c5fe8f03719f0a4aa22d4e168e5a7=41ffc97b422dde73deb0dd2acd77cc5d
2026-04-20 13:12:15,676 INFO [TG_Test 1-20] o.a.j.e.J.Set XSRF Token: === [COOKIE MANAGER] XSRF-TOKEN додано успішно: 59a75b49-6fe0-4159-a252-0b7d104d48e3
2026-04-20 13:12:15,703 INFO [TG_Test 1-20] o.a.j.p.j.s.J.Create payload: Payload={"data":{"first_name":"\u041c\u0430\u043a\u0441\u0438\u043c","last_name":"\u041c\u043e\u0433\u0438\u043b\u0435\u0432\u0441\u044c\u043a\u0438\u0439","second_name":"\u041e\u043b\u0435\u043a\u0441\u0456\u0439\u043e\u0432\u0438\u0447","order_date":"2026-04-20","order_number":"7383","order_type":"ENROLLMENT","birthday":"1995-01-20","file":[{"id":"f12b83d6-3cc6-4f78-b854-23f0bb08dbb2","checksum":"15e377f79ece4daa09e0de17d9e51284681571c64c12bc7f7049b5deff68b707"}]}}
2026-04-20 13:12:15,803 INFO [TG_Test 1-4] o.a.j.p.j.s.J.Create payload: formData={"id":"67f1b1f6-3ca1-11f1-beaf-0a580a80027a","taskDefinitionKey":"signPersonProfileActivity","name":"Підписати дані про освітній профіль","assignee":"perf-test-officer-4","created":"2026-04-20T10:12:15.649Z","description":null,"processInstanceId":"66324ebf-3ca1-11f1-beaf-0a580a80027a","rootProcessInstanceId":"66324ebf-3ca1-11f1-beaf-0a580a80027a","processDefinitionId":"b29a4815-3a3c-11f1-9c26-0a580a800265","processDefinitionName":"Процес для перевірки збереження декількох сутностей в рамках однієї транзакції - nested entity","formKey":"feature-form-add-signd","suspended":false,"formVariables":{},"signatureValidationPack":[],"data":{"first_name":"Соня","last_name":"Трясило","second_name":"Петрівна","order_date":"2026-04-20","order_number":"2318","order_type":"ENROLLMENT","birthday":"1986-01-01","file":[{"id":"507f871f-4d41-4fee-b6c7-af6dd97884bf","checksum":"15e377f79ece4daa09e0de17d9e51284681571c64c12bc7f7049b5deff68b707"}]},"esign":true}
2026-04-20 13:12:15,803 INFO [TG_Test 1-4] o.a.j.p.j.s.J.Create payload: formData={first_name=Соня, last_name=Трясило, second_name=Петрівна, order_date=2026-04-20, order_number=2318, order_type=ENROLLMENT, birthday=1986-01-01, file=[{id=507f871f-4d41-4fee-b6c7-af6dd97884bf, checksum=15e377f79ece4daa09e0de17d9e51284681571c64c12bc7f7049b5deff68b707}]}
2026-04-20 13:12:15,803 INFO [TG_Test 1-4] o.a.j.p.j.s.J.Create payload: Payload={"data":{"first_name":"\u0421\u043e\u043d\u044f","last_name":"\u0422\u0440\u044f\u0441\u0438\u043b\u043e","second_name":"\u041f\u0435\u0442\u0440\u0456\u0432\u043d\u0430","order_date":"2026-04-20","order_number":"2318","order_type":"ENROLLMENT","birthday":"1986-01-01","file":[{"id":"507f871f-4d41-4fee-b6c7-af6dd97884bf","checksum":"15e377f79ece4daa09e0de17d9e51284681571c64c12bc7f7049b5deff68b707"}]},"signature":"perf-test-officer-4.dat"}
2026-04-20 13:12:15,842 INFO [TG_Test 1-60] o.a.j.e.J.JSR223 PostProcessor: === [COOKIE MANAGER] XSRF-TOKEN додано успішно: e73d7668-1521-4008-addd-7ab7e5e5414e
2026-04-20 13:12:15,846 INFO [TG_Test 1-61] o.a.j.t.JMeterThread: Thread started: TG_Test 1-61
2026-04-20 13:12:15,868 INFO [TG_Test 1-61] o.a.j.e.J.JSR223 - Decode URI: Decoded Redirect URI: https://officer-portal-ck-198-main.apps.krrt-two.ncr.gov.ua/officer/home
vary: Origin
access-control-allow-credentials: true
set-cookie: 107c5fe8f03719f0a4aa22d4e168e5a7=41ffc97b422dde73deb0dd2acd77cc5d; path=/; HttpOnly; Secure; SameSite=None

2026-04-20 13:12:15,868 INFO [TG_Test 1-61] o.a.j.e.J.JSR223 - Decode URI: === Збережено куку балансувальника: 107c5fe8f03719f0a4aa22d4e168e5a7=41ffc97b422dde73deb0dd2acd77cc5d
2026-04-20 13:12:15,888 INFO [TG_Test 1-25] o.a.j.m.J.JSR223 PreProcessor: === [XSRF SYNC] Оновлено токен із Cookie Manager: f702004d-edf3-43e7-adf1-479fb9afd129
2026-04-20 13:12:15,920 INFO [TG_Test 1-19] o.a.j.m.J.JSR223 PreProcessor: === [XSRF SYNC] Оновлено токен із Cookie Manager: ec63f980-0d2b-4b82-9ecc-7121782f5890
2026-04-20 13:12:15,920 INFO [TG_Test 1-2] o.a.j.p.j.s.J.Create payload: formData={"id":"680783ec-3ca1-11f1-beaf-0a580a80027a","taskDefinitionKey":"signPersonProfileActivity","name":"Підписати дані про освітній профіль","assignee":"perf-test-officer-2","created":"2026-04-20T10:12:15.792Z","description":null,"processInstanceId":"663c60ec-3ca1-11f1-beaf-0a580a80027a","rootProcessInstanceId":"663c60ec-3ca1-11f1-beaf-0a580a80027a","processDefinitionId":"b29a4815-3a3c-11f1-9c26-0a580a800265","processDefinitionName":"Процес для перевірки збереження декількох сутностей в рамках однієї транзакції - nested entity","formKey":"feature-form-add-signd","suspended":false,"formVariables":{},"signatureValidationPack":[],"data":{"first_name":"Маркіян","last_name":"Павлишин","second_name":"Олексійович","order_date":"2026-04-20","order_number":"2467","order_type":"ENROLLMENT","birthday":"1974-12-28","file":[{"id":"2d18b4c3-ab83-411c-908d-b19c90c4bd69","checksum":"15e377f79ece4daa09e0de17d9e51284681571c64c12bc7f7049b5deff68b707"}]},"esign":true}
2026-04-20 13:12:15,920 INFO [TG_Test 1-2] o.a.j.p.j.s.J.Create payload: formData={first_name=Маркіян, last_name=Павлишин, second_name=Олексійович, order_date=2026-04-20, order_number=2467, order_type=ENROLLMENT, birthday=1974-12-28, file=[{id=2d18b4c3-ab83-411c-908d-b19c90c4bd69, checksum=15e377f79ece4daa09e0de17d9e51284681571c64c12bc7f7049b5deff68b707}]}
2026-04-20 13:12:15,921 INFO [TG_Test 1-2] o.a.j.p.j.s.J.Create payload: Payload={"data":{"first_name":"\u041c\u0430\u0440\u043a\u0456\u044f\u043d","last_name":"\u041f\u0430\u0432\u043b\u0438\u0448\u0438\u043d","second_name":"\u041e\u043b\u0435\u043a\u0441\u0456\u0439\u043e\u0432\u0438\u0447","order_date":"2026-04-20","order_number":"2467","order_type":"ENROLLMENT","birthday":"1974-12-28","file":[{"id":"2d18b4c3-ab83-411c-908d-b19c90c4bd69","checksum":"15e377f79ece4daa09e0de17d9e51284681571c64c12bc7f7049b5deff68b707"}]},"signature":"perf-test-officer-2.dat"}
2026-04-20 13:12:15,937 INFO [TG_Test 1-27] o.a.j.e.J.Set XSRF Token: === [COOKIE MANAGER] XSRF-TOKEN додано успішно: 88cd3510-8c62-4b47-86db-9c2f697cc9de
2026-04-20 13:12:15,966 INFO [TG_Test 1-27] o.a.j.p.j.s.J.Create payload: Payload={"data":{"first_name":"\u0412\u043b\u0430\u0434\u0430","last_name":"\u0413\u0430\u0440\u0443\u043d","second_name":"\u0412\u0430\u0441\u0438\u043b\u0456\u0432\u043d\u0430","order_date":"2026-04-20","order_number":"1946","order_type":"ENROLLMENT","birthday":"1996-04-03","file":[{"id":"45585d68-657b-4430-8b12-96e391419218","checksum":"15e377f79ece4daa09e0de17d9e51284681571c64c12bc7f7049b5deff68b707"}]}}
2026-04-20 13:12:16,010 INFO [TG_Test 1-26] o.a.j.m.J.JSR223 PreProcessor: === [XSRF SYNC] Оновлено токен із Cookie Manager: 436db3f5-74af-46da-9864-6aead670c7aa
2026-04-20 13:12:16,038 INFO [TG_Test 1-8] o.a.j.p.j.s.J.Create payload: formData={"id":"681602e2-3ca1-11f1-beaf-0a580a80027a","taskDefinitionKey":"signPersonProfileActivity","name":"Підписати дані про освітній профіль","assignee":"perf-test-officer-8","created":"2026-04-20T10:12:15.887Z","description":null,"processInstanceId":"66859e06-3ca1-11f1-beaf-0a580a80027a","rootProcessInstanceId":"66859e06-3ca1-11f1-beaf-0a580a80027a","processDefinitionId":"b29a4815-3a3c-11f1-9c26-0a580a800265","processDefinitionName":"Процес для перевірки збереження декількох сутностей в рамках однієї транзакції - nested entity","formKey":"feature-form-add-signd","suspended":false,"formVariables":{},"signatureValidationPack":[],"data":{"first_name":"Віта","last_name":"Васильківський","second_name":"Олександрівна","order_date":"2026-04-20","order_number":"8207","order_type":"TRANSFER","birthday":"1978-07-23","file":[{"id":"bc54094e-ffde-454d-aa25-93dfa948cf59","checksum":"15e377f79ece4daa09e0de17d9e51284681571c64c12bc7f7049b5deff68b707"}]},"esign":true}
2026-04-20 13:12:16,038 INFO [TG_Test 1-8] o.a.j.p.j.s.J.Create payload: formData={first_name=Віта, last_name=Васильківський, second_name=Олександрівна, order_date=2026-04-20, order_number=8207, order_type=TRANSFER, birthday=1978-07-23, file=[{id=bc54094e-ffde-454d-aa25-93dfa948cf59, checksum=15e377f79ece4daa09e0de17d9e51284681571c64c12bc7f7049b5deff68b707}]}
2026-04-20 13:12:16,038 INFO [TG_Test 1-8] o.a.j.p.j.s.J.Create payload: Payload={"data":{"first_name":"\u0412\u0456\u0442\u0430","last_name":"\u0412\u0430\u0441\u0438\u043b\u044c\u043a\u0456\u0432\u0441\u044c\u043a\u0438\u0439","second_name":"\u041e\u043b\u0435\u043a\u0441\u0430\u043d\u0434\u0440\u0456\u0432\u043d\u0430","order_date":"2026-04-20","order_number":"8207","order_type":"TRANSFER","birthday":"1978-07-23","file":[{"id":"bc54094e-ffde-454d-aa25-93dfa948cf59","checksum":"15e377f79ece4daa09e0de17d9e51284681571c64c12bc7f7049b5deff68b707"}]},"signature":"perf-test-officer-8.dat"}
2026-04-20 13:12:16,040 INFO [TG_Test 1-61] o.a.j.e.J.JSR223 PostProcessor: === [COOKIE MANAGER] XSRF-TOKEN додано успішно: 50478e0a-9fca-48c6-9eca-323b530a3c32
2026-04-20 13:12:16,046 INFO [TG_Test 1-62] o.a.j.t.JMeterThread: Thread started: TG_Test 1-62
2026-04-20 13:12:16,067 INFO [TG_Test 1-62] o.a.j.e.J.JSR223 - Decode URI: Decoded Redirect URI: https://officer-portal-ck-198-main.apps.krrt-two.ncr.gov.ua/officer/home
vary: Origin
access-control-allow-credentials: true
set-cookie: 107c5fe8f03719f0a4aa22d4e168e5a7=41ffc97b422dde73deb0dd2acd77cc5d; path=/; HttpOnly; Secure; SameSite=None

2026-04-20 13:12:16,067 INFO [TG_Test 1-62] o.a.j.e.J.JSR223 - Decode URI: === Збережено куку балансувальника: 107c5fe8f03719f0a4aa22d4e168e5a7=41ffc97b422dde73deb0dd2acd77cc5d
2026-04-20 13:12:16,181 INFO [TG_Test 1-21] o.a.j.m.J.JSR223 PreProcessor: === [XSRF SYNC] Оновлено токен із Cookie Manager: 12c4c0ac-8212-4f8f-8e2a-61c0526d7064
2026-04-20 13:12:16,230 INFO [TG_Test 1-25] o.a.j.e.J.Set XSRF Token: === [COOKIE MANAGER] XSRF-TOKEN додано успішно: 5640eb95-9c18-46bd-983f-0f479e0390be
2026-04-20 13:12:16,246 INFO [TG_Test 1-63] o.a.j.t.JMeterThread: Thread started: TG_Test 1-63
2026-04-20 13:12:16,252 INFO [TG_Test 1-19] o.a.j.e.J.Set XSRF Token: === [COOKIE MANAGER] XSRF-TOKEN додано успішно: 2540b277-15a9-4148-8712-06e6cad6b3a5
2026-04-20 13:12:16,254 INFO [TG_Test 1-62] o.a.j.e.J.JSR223 PostProcessor: === [COOKIE MANAGER] XSRF-TOKEN додано успішно: e42918f5-1abd-465c-9e2f-ae64f6285a27
2026-04-20 13:12:16,259 INFO [TG_Test 1-25] o.a.j.p.j.s.J.Create payload: Payload={"data":{"first_name":"\u041c\u0438\u043a\u0438\u0442\u0430","last_name":"\u041b\u0430\u0445\u043c\u0430\u043d","second_name":"\u041e\u043b\u0435\u043a\u0441\u0456\u0439\u043e\u0432\u0438\u0447","order_date":"2026-04-20","order_number":"2434","order_type":"ENROLLMENT","birthday":"1972-08-18","file":[{"id":"46e7ebb6-de56-42c4-a2d7-436333e3dfd1","checksum":"15e377f79ece4daa09e0de17d9e51284681571c64c12bc7f7049b5deff68b707"}]}}
2026-04-20 13:12:16,268 INFO [TG_Test 1-63] o.a.j.e.J.JSR223 - Decode URI: Decoded Redirect URI: https://officer-portal-ck-198-main.apps.krrt-two.ncr.gov.ua/officer/home
vary: Origin
access-control-allow-credentials: true
set-cookie: 107c5fe8f03719f0a4aa22d4e168e5a7=41ffc97b422dde73deb0dd2acd77cc5d; path=/; HttpOnly; Secure; SameSite=None

2026-04-20 13:12:16,268 INFO [TG_Test 1-63] o.a.j.e.J.JSR223 - Decode URI: === Збережено куку балансувальника: 107c5fe8f03719f0a4aa22d4e168e5a7=41ffc97b422dde73deb0dd2acd77cc5d
2026-04-20 13:12:16,279 INFO [TG_Test 1-19] o.a.j.p.j.s.J.Create payload: Payload={"data":{"first_name":"\u041a\u0441\u0435\u043d\u0456\u044f","last_name":"\u041f\u0435\u043d\u0434\u0438\u043a","second_name":"\u0421\u0435\u0440\u0433\u0456\u0457\u0432\u043d\u0430","order_date":"2026-04-20","order_number":"9249","order_type":"DISMISSAL","birthday":"1992-08-04","file":[{"id":"50b76596-eeb7-45f0-a715-ab66ac50044b","checksum":"15e377f79ece4daa09e0de17d9e51284681571c64c12bc7f7049b5deff68b707"}]}}
2026-04-20 13:12:16,350 INFO [TG_Test 1-26] o.a.j.e.J.Set XSRF Token: === [COOKIE MANAGER] XSRF-TOKEN додано успішно: df7831c6-5cb2-477a-b8d4-eca9aa724164
2026-04-20 13:12:16,377 INFO [TG_Test 1-26] o.a.j.p.j.s.J.Create payload: Payload={"data":{"first_name":"\u0410\u043b\u0435\u0432\u0442\u0438\u043d\u0430","last_name":"\u041c\u0430\u043b\u043a\u043e\u0432\u0438\u0447","second_name":"\u0410\u043d\u0430\u0442\u043e\u043b\u0456\u0457\u0432\u043d\u0430","order_date":"2026-04-20","order_number":"4920","order_type":"ENROLLMENT","birthday":"1992-08-30","file":[{"id":"f01cc1a6-e764-4409-b8be-e26248a61825","checksum":"15e377f79ece4daa09e0de17d9e51284681571c64c12bc7f7049b5deff68b707"}]}}
2026-04-20 13:12:16,445 INFO [TG_Test 1-64] o.a.j.t.JMeterThread: Thread started: TG_Test 1-64
2026-04-20 13:12:16,460 INFO [TG_Test 1-63] o.a.j.e.J.JSR223 PostProcessor: === [COOKIE MANAGER] XSRF-TOKEN додано успішно: d6493195-1f84-440d-afcc-280f9cfd0ff9
2026-04-20 13:12:16,468 INFO [TG_Test 1-64] o.a.j.e.J.JSR223 - Decode URI: Decoded Redirect URI: https://officer-portal-ck-198-main.apps.krrt-two.ncr.gov.ua/officer/home
vary: Origin
access-control-allow-credentials: true
set-cookie: 107c5fe8f03719f0a4aa22d4e168e5a7=41ffc97b422dde73deb0dd2acd77cc5d; path=/; HttpOnly; Secure; SameSite=None

2026-04-20 13:12:16,469 INFO [TG_Test 1-64] o.a.j.e.J.JSR223 - Decode URI: === Збережено куку балансувальника: 107c5fe8f03719f0a4aa22d4e168e5a7=41ffc97b422dde73deb0dd2acd77cc5d
2026-04-20 13:12:16,526 INFO [TG_Test 1-24] o.a.j.m.J.JSR223 PreProcessor: === [XSRF SYNC] Оновлено токен із Cookie Manager: 8edeb048-cf44-496b-afcb-3e790cd12ee3
2026-04-20 13:12:16,533 INFO [TG_Test 1-10] o.a.j.p.j.s.J.Create payload: formData={"id":"6861ff3c-3ca1-11f1-beaf-0a580a80027a","taskDefinitionKey":"signPersonProfileActivity","name":"Підписати дані про освітній профіль","assignee":"perf-test-officer-10","created":"2026-04-20T10:12:16.385Z","description":null,"processInstanceId":"66d62f13-3ca1-11f1-beaf-0a580a80027a","rootProcessInstanceId":"66d62f13-3ca1-11f1-beaf-0a580a80027a","processDefinitionId":"b29a4815-3a3c-11f1-9c26-0a580a800265","processDefinitionName":"Процес для перевірки збереження декількох сутностей в рамках однієї транзакції - nested entity","formKey":"feature-form-add-signd","suspended":false,"formVariables":{},"signatureValidationPack":[],"data":{"first_name":"Марко","last_name":"Трясун","second_name":"Сергійович","order_date":"2026-04-20","order_number":"1746","order_type":"ENROLLMENT","birthday":"1999-09-07","file":[{"id":"10817d46-3cfc-4210-94b3-f7d752a7e957","checksum":"15e377f79ece4daa09e0de17d9e51284681571c64c12bc7f7049b5deff68b707"}]},"esign":true}
2026-04-20 13:12:16,533 INFO [TG_Test 1-10] o.a.j.p.j.s.J.Create payload: formData={first_name=Марко, last_name=Трясун, second_name=Сергійович, order_date=2026-04-20, order_number=1746, order_type=ENROLLMENT, birthday=1999-09-07, file=[{id=10817d46-3cfc-4210-94b3-f7d752a7e957, checksum=15e377f79ece4daa09e0de17d9e51284681571c64c12bc7f7049b5deff68b707}]}
2026-04-20 13:12:16,534 INFO [TG_Test 1-10] o.a.j.p.j.s.J.Create payload: Payload={"data":{"first_name":"\u041c\u0430\u0440\u043a\u043e","last_name":"\u0422\u0440\u044f\u0441\u0443\u043d","second_name":"\u0421\u0435\u0440\u0433\u0456\u0439\u043e\u0432\u0438\u0447","order_date":"2026-04-20","order_number":"1746","order_type":"ENROLLMENT","birthday":"1999-09-07","file":[{"id":"10817d46-3cfc-4210-94b3-f7d752a7e957","checksum":"15e377f79ece4daa09e0de17d9e51284681571c64c12bc7f7049b5deff68b707"}]},"signature":"perf-test-officer-10.dat"}
2026-04-20 13:12:16,539 INFO [TG_Test 1-21] o.a.j.e.J.Set XSRF Token: === [COOKIE MANAGER] XSRF-TOKEN додано успішно: 510f30bd-95d7-47b4-b0aa-e8749378c02e
2026-04-20 13:12:16,550 INFO [TG_Test 1-23] o.a.j.m.J.JSR223 PreProcessor: === [XSRF SYNC] Оновлено токен із Cookie Manager: 2cd17a70-55fc-469a-990e-379d39839b2b
2026-04-20 13:12:16,566 INFO [TG_Test 1-21] o.a.j.p.j.s.J.Create payload: Payload={"data":{"first_name":"\u0411\u043e\u0436\u0435\u043d\u0430","last_name":"\u041f\u0435\u0442\u0440\u0438\u0448\u0438\u043d","second_name":"\u041f\u0435\u0442\u0440\u0456\u0432\u043d\u0430","order_date":"2026-04-20","order_number":"1666","order_type":"ENROLLMENT","birthday":"2003-10-06","file":[{"id":"1dd29494-6331-466e-a6ba-5afa0b5fa9cf","checksum":"15e377f79ece4daa09e0de17d9e51284681571c64c12bc7f7049b5deff68b707"}]}}
2026-04-20 13:12:16,643 INFO [TG_Test 1-64] o.a.j.e.J.JSR223 PostProcessor: === [COOKIE MANAGER] XSRF-TOKEN додано успішно: 4e0eb6bb-5aa5-49e2-b676-a32d1ea9122b
2026-04-20 13:12:16,645 INFO [TG_Test 1-65] o.a.j.t.JMeterThread: Thread started: TG_Test 1-65
2026-04-20 13:12:16,670 INFO [TG_Test 1-65] o.a.j.e.J.JSR223 - Decode URI: Decoded Redirect URI: https://officer-portal-ck-198-main.apps.krrt-two.ncr.gov.ua/officer/home
vary: Origin
access-control-allow-credentials: true
set-cookie: 107c5fe8f03719f0a4aa22d4e168e5a7=41ffc97b422dde73deb0dd2acd77cc5d; path=/; HttpOnly; Secure; SameSite=None

2026-04-20 13:12:16,670 INFO [TG_Test 1-65] o.a.j.e.J.JSR223 - Decode URI: === Збережено куку балансувальника: 107c5fe8f03719f0a4aa22d4e168e5a7=41ffc97b422dde73deb0dd2acd77cc5d
2026-04-20 13:12:16,845 INFO [TG_Test 1-66] o.a.j.t.JMeterThread: Thread started: TG_Test 1-66
2026-04-20 13:12:16,856 INFO [TG_Test 1-65] o.a.j.e.J.JSR223 PostProcessor: === [COOKIE MANAGER] XSRF-TOKEN додано успішно: 83097519-1e96-4e88-9381-65bd16286de4
2026-04-20 13:12:16,867 INFO [TG_Test 1-12] o.a.j.p.j.s.J.Create payload: formData={"id":"6893bdbc-3ca1-11f1-beaf-0a580a80027a","taskDefinitionKey":"signPersonProfileActivity","name":"Підписати дані про освітній профіль","assignee":"perf-test-officer-12","created":"2026-04-20T10:12:16.711Z","description":null,"processInstanceId":"671ed0ed-3ca1-11f1-beaf-0a580a80027a","rootProcessInstanceId":"671ed0ed-3ca1-11f1-beaf-0a580a80027a","processDefinitionId":"b29a4815-3a3c-11f1-9c26-0a580a800265","processDefinitionName":"Процес для перевірки збереження декількох сутностей в рамках однієї транзакції - nested entity","formKey":"feature-form-add-signd","suspended":false,"formVariables":{},"signatureValidationPack":[],"data":{"first_name":"Ілля","last_name":"Трясило","second_name":"Олександрович","order_date":"2026-04-20","order_number":"7543","order_type":"TRANSFER","birthday":"1990-04-16","file":[{"id":"bc7d2d40-b968-4285-8bb4-d32187f04a53","checksum":"15e377f79ece4daa09e0de17d9e51284681571c64c12bc7f7049b5deff68b707"}]},"esign":true}
2026-04-20 13:12:16,868 INFO [TG_Test 1-12] o.a.j.p.j.s.J.Create payload: formData={first_name=Ілля, last_name=Трясило, second_name=Олександрович, order_date=2026-04-20, order_number=7543, order_type=TRANSFER, birthday=1990-04-16, file=[{id=bc7d2d40-b968-4285-8bb4-d32187f04a53, checksum=15e377f79ece4daa09e0de17d9e51284681571c64c12bc7f7049b5deff68b707}]}
2026-04-20 13:12:16,868 INFO [TG_Test 1-12] o.a.j.p.j.s.J.Create payload: Payload={"data":{"first_name":"\u0406\u043b\u043b\u044f","last_name":"\u0422\u0440\u044f\u0441\u0438\u043b\u043e","second_name":"\u041e\u043b\u0435\u043a\u0441\u0430\u043d\u0434\u0440\u043e\u0432\u0438\u0447","order_date":"2026-04-20","order_number":"7543","order_type":"TRANSFER","birthday":"1990-04-16","file":[{"id":"bc7d2d40-b968-4285-8bb4-d32187f04a53","checksum":"15e377f79ece4daa09e0de17d9e51284681571c64c12bc7f7049b5deff68b707"}]},"signature":"perf-test-officer-12.dat"}
2026-04-20 13:12:16,927 INFO [TG_Test 1-24] o.a.j.e.J.Set XSRF Token: === [COOKIE MANAGER] XSRF-TOKEN додано успішно: 5bb4e2f2-4bcb-47e6-9aba-9f0fbcaf216f
2026-04-20 13:12:16,935 INFO [TG_Test 1-23] o.a.j.e.J.Set XSRF Token: === [COOKIE MANAGER] XSRF-TOKEN додано успішно: 751af84d-788b-4b8d-896d-af165aeaf509
2026-04-20 13:12:16,963 INFO [TG_Test 1-23] o.a.j.p.j.s.J.Create payload: Payload={"data":{"first_name":"\u0412\u2019\u044f\u0447\u0435\u0441\u043b\u0430\u0432","last_name":"\u0421\u0435\u043c\u0435\u043d\u043e\u0447\u043a\u043e","second_name":"\u041c\u0438\u043a\u043e\u043b\u0430\u0439\u043e\u0432\u0438\u0447","order_date":"2026-04-20","order_number":"9932","order_type":"TRANSFER","birthday":"1991-02-09","file":[{"id":"9e1bb1e4-7020-4312-af9f-41094454e540","checksum":"15e377f79ece4daa09e0de17d9e51284681571c64c12bc7f7049b5deff68b707"}]}}
2026-04-20 13:12:17,052 INFO [TG_Test 1-67] o.a.j.t.JMeterThread: Thread started: TG_Test 1-67
2026-04-20 13:12:17,075 INFO [TG_Test 1-66] o.a.j.e.J.JSR223 - Decode URI: Decoded Redirect URI: https://officer-portal-ck-198-main.apps.krrt-two.ncr.gov.ua/officer/home
vary: Origin
access-control-allow-credentials: true
set-cookie: 107c5fe8f03719f0a4aa22d4e168e5a7=41ffc97b422dde73deb0dd2acd77cc5d; path=/; HttpOnly; Secure; SameSite=None

2026-04-20 13:12:17,076 INFO [TG_Test 1-66] o.a.j.e.J.JSR223 - Decode URI: === Збережено куку балансувальника: 107c5fe8f03719f0a4aa22d4e168e5a7=41ffc97b422dde73deb0dd2acd77cc5d
2026-04-20 13:12:17,077 INFO [TG_Test 1-67] o.a.j.e.J.JSR223 - Decode URI: Decoded Redirect URI: https://officer-portal-ck-198-main.apps.krrt-two.ncr.gov.ua/officer/home
vary: Origin
access-control-allow-credentials: true
set-cookie: 107c5fe8f03719f0a4aa22d4e168e5a7=41ffc97b422dde73deb0dd2acd77cc5d; path=/; HttpOnly; Secure; SameSite=None

2026-04-20 13:12:17,077 INFO [TG_Test 1-67] o.a.j.e.J.JSR223 - Decode URI: === Збережено куку балансувальника: 107c5fe8f03719f0a4aa22d4e168e5a7=41ffc97b422dde73deb0dd2acd77cc5d
2026-04-20 13:12:17,165 INFO [TG_Test 1-24] o.a.j.p.j.s.J.Create payload: Payload={"data":{"first_name":"\u0421\u043e\u043d\u044f","last_name":"\u0428\u0435\u0432\u0447\u0435\u043d\u043a\u043e","second_name":"\u041e\u043b\u0435\u043a\u0441\u0456\u0457\u0432\u043d\u0430","order_date":"2026-04-20","order_number":"2677","order_type":"DISMISSAL","birthday":"1982-01-25","file":[{"id":"72fa82c3-c834-43c8-86f5-31696604bd98","checksum":"15e377f79ece4daa09e0de17d9e51284681571c64c12bc7f7049b5deff68b707"}]}}
2026-04-20 13:12:17,252 INFO [TG_Test 1-68] o.a.j.t.JMeterThread: Thread started: TG_Test 1-68
2026-04-20 13:12:17,258 INFO [TG_Test 1-66] o.a.j.e.J.JSR223 PostProcessor: === [COOKIE MANAGER] XSRF-TOKEN додано успішно: 1cee1255-1094-43f4-af84-a6a65ac5d1d4
2026-04-20 13:12:17,260 INFO [TG_Test 1-67] o.a.j.e.J.JSR223 PostProcessor: === [COOKIE MANAGER] XSRF-TOKEN додано успішно: 29c14430-efce-4451-868b-201854b323b5
2026-04-20 13:12:17,272 INFO [TG_Test 1-68] o.a.j.e.J.JSR223 - Decode URI: Decoded Redirect URI: https://officer-portal-ck-198-main.apps.krrt-two.ncr.gov.ua/officer/home
vary: Origin
access-control-allow-credentials: true
set-cookie: 107c5fe8f03719f0a4aa22d4e168e5a7=41ffc97b422dde73deb0dd2acd77cc5d; path=/; HttpOnly; Secure; SameSite=None

2026-04-20 13:12:17,272 INFO [TG_Test 1-68] o.a.j.e.J.JSR223 - Decode URI: === Збережено куку балансувальника: 107c5fe8f03719f0a4aa22d4e168e5a7=41ffc97b422dde73deb0dd2acd77cc5d
2026-04-20 13:12:17,284 INFO [TG_Test 1-17] o.a.j.p.j.s.J.Create payload: formData={"id":"68d7567e-3ca1-11f1-beaf-0a580a80027a","taskDefinitionKey":"signPersonProfileActivity","name":"Підписати дані про освітній профіль","assignee":"perf-test-officer-17","created":"2026-04-20T10:12:17.154Z","description":null,"processInstanceId":"6746cb74-3ca1-11f1-beaf-0a580a80027a","rootProcessInstanceId":"6746cb74-3ca1-11f1-beaf-0a580a80027a","processDefinitionId":"b29a4815-3a3c-11f1-9c26-0a580a800265","processDefinitionName":"Процес для перевірки збереження декількох сутностей в рамках однієї транзакції - nested entity","formKey":"feature-form-add-signd","suspended":false,"formVariables":{},"signatureValidationPack":[],"data":{"first_name":"Зореслав","last_name":"Федоришин","second_name":"Іванович","order_date":"2026-04-20","order_number":"4946","order_type":"ENROLLMENT","birthday":"1983-05-27","file":[{"id":"fe75c67a-c2cf-404e-a331-0979aa2367b9","checksum":"15e377f79ece4daa09e0de17d9e51284681571c64c12bc7f7049b5deff68b707"}]},"esign":true}
2026-04-20 13:12:17,285 INFO [TG_Test 1-17] o.a.j.p.j.s.J.Create payload: formData={first_name=Зореслав, last_name=Федоришин, second_name=Іванович, order_date=2026-04-20, order_number=4946, order_type=ENROLLMENT, birthday=1983-05-27, file=[{id=fe75c67a-c2cf-404e-a331-0979aa2367b9, checksum=15e377f79ece4daa09e0de17d9e51284681571c64c12bc7f7049b5deff68b707}]}
2026-04-20 13:12:17,285 INFO [TG_Test 1-17] o.a.j.p.j.s.J.Create payload: Payload={"data":{"first_name":"\u0417\u043e\u0440\u0435\u0441\u043b\u0430\u0432","last_name":"\u0424\u0435\u0434\u043e\u0440\u0438\u0448\u0438\u043d","second_name":"\u0406\u0432\u0430\u043d\u043e\u0432\u0438\u0447","order_date":"2026-04-20","order_number":"4946","order_type":"ENROLLMENT","birthday":"1983-05-27","file":[{"id":"fe75c67a-c2cf-404e-a331-0979aa2367b9","checksum":"15e377f79ece4daa09e0de17d9e51284681571c64c12bc7f7049b5deff68b707"}]},"signature":"perf-test-officer-17.dat"}
2026-04-20 13:12:17,285 INFO [TG_Test 1-14] o.a.j.p.j.s.J.Create payload: formData={"id":"68d581b8-3ca1-11f1-beaf-0a580a80027a","taskDefinitionKey":"signPersonProfileActivity","name":"Підписати дані про освітній профіль","assignee":"perf-test-officer-14","created":"2026-04-20T10:12:17.142Z","description":null,"processInstanceId":"6703ced0-3ca1-11f1-beaf-0a580a80027a","rootProcessInstanceId":"6703ced0-3ca1-11f1-beaf-0a580a80027a","processDefinitionId":"b29a4815-3a3c-11f1-9c26-0a580a800265","processDefinitionName":"Процес для перевірки збереження декількох сутностей в рамках однієї транзакції - nested entity","formKey":"feature-form-add-signd","suspended":false,"formVariables":{},"signatureValidationPack":[],"data":{"first_name":"Хорив","last_name":"Бандера","second_name":"Васильович","order_date":"2026-04-20","order_number":"8445","order_type":"ENROLLMENT","birthday":"1996-12-13","file":[{"id":"1c796716-aec0-42bf-ba55-401622dbdd87","checksum":"15e377f79ece4daa09e0de17d9e51284681571c64c12bc7f7049b5deff68b707"}]},"esign":true}
2026-04-20 13:12:17,285 INFO [TG_Test 1-14] o.a.j.p.j.s.J.Create payload: formData={first_name=Хорив, last_name=Бандера, second_name=Васильович, order_date=2026-04-20, order_number=8445, order_type=ENROLLMENT, birthday=1996-12-13, file=[{id=1c796716-aec0-42bf-ba55-401622dbdd87, checksum=15e377f79ece4daa09e0de17d9e51284681571c64c12bc7f7049b5deff68b707}]}
2026-04-20 13:12:17,285 INFO [TG_Test 1-14] o.a.j.p.j.s.J.Create payload: Payload={"data":{"first_name":"\u0425\u043e\u0440\u0438\u0432","last_name":"\u0411\u0430\u043d\u0434\u0435\u0440\u0430","second_name":"\u0412\u0430\u0441\u0438\u043b\u044c\u043e\u0432\u0438\u0447","order_date":"2026-04-20","order_number":"8445","order_type":"ENROLLMENT","birthday":"1996-12-13","file":[{"id":"1c796716-aec0-42bf-ba55-401622dbdd87","checksum":"15e377f79ece4daa09e0de17d9e51284681571c64c12bc7f7049b5deff68b707"}]},"signature":"perf-test-officer-14.dat"}
2026-04-20 13:12:17,413 INFO [TG_Test 1-28] o.a.j.m.J.JSR223 PreProcessor: === [XSRF SYNC] Оновлено токен із Cookie Manager: 44168a66-8b90-47ed-8ec7-0b309cdb3fc2
2026-04-20 13:12:17,445 INFO [TG_Test 1-69] o.a.j.t.JMeterThread: Thread started: TG_Test 1-69
2026-04-20 13:12:17,449 INFO [TG_Test 1-18] o.a.j.p.j.s.J.Create payload: formData={"id":"68eade84-3ca1-11f1-beaf-0a580a80027a","taskDefinitionKey":"signPersonProfileActivity","name":"Підписати дані про освітній профіль","assignee":"perf-test-officer-18","created":"2026-04-20T10:12:17.282Z","description":null,"processInstanceId":"67487931-3ca1-11f1-beaf-0a580a80027a","rootProcessInstanceId":"67487931-3ca1-11f1-beaf-0a580a80027a","processDefinitionId":"b29a4815-3a3c-11f1-9c26-0a580a800265","processDefinitionName":"Процес для перевірки збереження декількох сутностей в рамках однієї транзакції - nested entity","formKey":"feature-form-add-signd","suspended":false,"formVariables":{},"signatureValidationPack":[],"data":{"first_name":"Федора","last_name":"Марієвський","second_name":"Петрівна","order_date":"2026-04-20","order_number":"7932","order_type":"TRANSFER","birthday":"1969-05-28","file":[{"id":"5cf0e023-38f0-4345-b6d3-648c0daf5725","checksum":"15e377f79ece4daa09e0de17d9e51284681571c64c12bc7f7049b5deff68b707"}]},"esign":true}
2026-04-20 13:12:17,449 INFO [TG_Test 1-18] o.a.j.p.j.s.J.Create payload: formData={first_name=Федора, last_name=Марієвський, second_name=Петрівна, order_date=2026-04-20, order_number=7932, order_type=TRANSFER, birthday=1969-05-28, file=[{id=5cf0e023-38f0-4345-b6d3-648c0daf5725, checksum=15e377f79ece4daa09e0de17d9e51284681571c64c12bc7f7049b5deff68b707}]}
2026-04-20 13:12:17,450 INFO [TG_Test 1-18] o.a.j.p.j.s.J.Create payload: Payload={"data":{"first_name":"\u0424\u0435\u0434\u043e\u0440\u0430","last_name":"\u041c\u0430\u0440\u0456\u0454\u0432\u0441\u044c\u043a\u0438\u0439","second_name":"\u041f\u0435\u0442\u0440\u0456\u0432\u043d\u0430","order_date":"2026-04-20","order_number":"7932","order_type":"TRANSFER","birthday":"1969-05-28","file":[{"id":"5cf0e023-38f0-4345-b6d3-648c0daf5725","checksum":"15e377f79ece4daa09e0de17d9e51284681571c64c12bc7f7049b5deff68b707"}]},"signature":"perf-test-officer-18.dat"}
2026-04-20 13:12:17,469 INFO [TG_Test 1-68] o.a.j.e.J.JSR223 PostProcessor: === [COOKIE MANAGER] XSRF-TOKEN додано успішно: a2e08db2-ff8e-4cd2-a62b-586fb42e59b2
2026-04-20 13:12:17,471 INFO [TG_Test 1-69] o.a.j.e.J.JSR223 - Decode URI: Decoded Redirect URI: https://officer-portal-ck-198-main.apps.krrt-two.ncr.gov.ua/officer/home
vary: Origin
access-control-allow-credentials: true
set-cookie: 107c5fe8f03719f0a4aa22d4e168e5a7=41ffc97b422dde73deb0dd2acd77cc5d; path=/; HttpOnly; Secure; SameSite=None

2026-04-20 13:12:17,471 INFO [TG_Test 1-69] o.a.j.e.J.JSR223 - Decode URI: === Збережено куку балансувальника: 107c5fe8f03719f0a4aa22d4e168e5a7=41ffc97b422dde73deb0dd2acd77cc5d
2026-04-20 13:12:17,478 INFO [TG_Test 1-11] o.a.j.p.j.s.J.Create payload: formData={"id":"68d09fb2-3ca1-11f1-beaf-0a580a80027a","taskDefinitionKey":"signPersonProfileActivity","name":"Підписати дані про освітній профіль","assignee":"perf-test-officer-11","created":"2026-04-20T10:12:17.110Z","description":null,"processInstanceId":"672f72ca-3ca1-11f1-beaf-0a580a80027a","rootProcessInstanceId":"672f72ca-3ca1-11f1-beaf-0a580a80027a","processDefinitionId":"b29a4815-3a3c-11f1-9c26-0a580a800265","processDefinitionName":"Процес для перевірки збереження декількох сутностей в рамках однієї транзакції - nested entity","formKey":"feature-form-add-signd","suspended":false,"formVariables":{},"signatureValidationPack":[],"data":{"first_name":"Агапія","last_name":"Пагутяк","second_name":"Петрівна","order_date":"2026-04-20","order_number":"3507","order_type":"TRANSFER","birthday":"1990-01-03","file":[{"id":"27e1430e-e4ed-41be-b18d-2ed5a88b7a44","checksum":"15e377f79ece4daa09e0de17d9e51284681571c64c12bc7f7049b5deff68b707"}]},"esign":true}
2026-04-20 13:12:17,478 INFO [TG_Test 1-11] o.a.j.p.j.s.J.Create payload: formData={first_name=Агапія, last_name=Пагутяк, second_name=Петрівна, order_date=2026-04-20, order_number=3507, order_type=TRANSFER, birthday=1990-01-03, file=[{id=27e1430e-e4ed-41be-b18d-2ed5a88b7a44, checksum=15e377f79ece4daa09e0de17d9e51284681571c64c12bc7f7049b5deff68b707}]}
2026-04-20 13:12:17,478 INFO [TG_Test 1-11] o.a.j.p.j.s.J.Create payload: Payload={"data":{"first_name":"\u0410\u0433\u0430\u043f\u0456\u044f","last_name":"\u041f\u0430\u0433\u0443\u0442\u044f\u043a","second_name":"\u041f\u0435\u0442\u0440\u0456\u0432\u043d\u0430","order_date":"2026-04-20","order_number":"3507","order_type":"TRANSFER","birthday":"1990-01-03","file":[{"id":"27e1430e-e4ed-41be-b18d-2ed5a88b7a44","checksum":"15e377f79ece4daa09e0de17d9e51284681571c64c12bc7f7049b5deff68b707"}]},"signature":"perf-test-officer-11.dat"}
2026-04-20 13:12:17,498 INFO [TG_Test 1-33] o.a.j.m.J.JSR223 PreProcessor: === [XSRF SYNC] Оновлено токен із Cookie Manager: ccdd9e5e-9b6e-445e-acfe-e39b07e2c7f1
2026-04-20 13:12:17,565 INFO [TG_Test 1-16] o.a.j.p.j.s.J.Create payload: formData={"id":"68ffc622-3ca1-11f1-beaf-0a580a80027a","taskDefinitionKey":"signPersonProfileActivity","name":"Підписати дані про освітній профіль","assignee":"perf-test-officer-16","created":"2026-04-20T10:12:17.419Z","description":null,"processInstanceId":"67783be7-3ca1-11f1-beaf-0a580a80027a","rootProcessInstanceId":"67783be7-3ca1-11f1-beaf-0a580a80027a","processDefinitionId":"b29a4815-3a3c-11f1-9c26-0a580a800265","processDefinitionName":"Процес для перевірки збереження декількох сутностей в рамках однієї транзакції - nested entity","formKey":"feature-form-add-signd","suspended":false,"formVariables":{},"signatureValidationPack":[],"data":{"first_name":"Святополк","last_name":"Приймак","second_name":"Сергійович","order_date":"2026-04-20","order_number":"1639","order_type":"TRANSFER","birthday":"1977-11-17","file":[{"id":"9712c924-044d-45a2-86d3-ae3092d1d55b","checksum":"15e377f79ece4daa09e0de17d9e51284681571c64c12bc7f7049b5deff68b707"}]},"esign":true}
2026-04-20 13:12:17,565 INFO [TG_Test 1-16] o.a.j.p.j.s.J.Create payload: formData={first_name=Святополк, last_name=Приймак, second_name=Сергійович, order_date=2026-04-20, order_number=1639, order_type=TRANSFER, birthday=1977-11-17, file=[{id=9712c924-044d-45a2-86d3-ae3092d1d55b, checksum=15e377f79ece4daa09e0de17d9e51284681571c64c12bc7f7049b5deff68b707}]}
2026-04-20 13:12:17,565 INFO [TG_Test 1-16] o.a.j.p.j.s.J.Create payload: Payload={"data":{"first_name":"\u0421\u0432\u044f\u0442\u043e\u043f\u043e\u043b\u043a","last_name":"\u041f\u0440\u0438\u0439\u043c\u0430\u043a","second_name":"\u0421\u0435\u0440\u0433\u0456\u0439\u043e\u0432\u0438\u0447","order_date":"2026-04-20","order_number":"1639","order_type":"TRANSFER","birthday":"1977-11-17","file":[{"id":"9712c924-044d-45a2-86d3-ae3092d1d55b","checksum":"15e377f79ece4daa09e0de17d9e51284681571c64c12bc7f7049b5deff68b707"}]},"signature":"perf-test-officer-16.dat"}
2026-04-20 13:12:17,645 INFO [TG_Test 1-70] o.a.j.t.JMeterThread: Thread started: TG_Test 1-70
2026-04-20 13:12:17,680 INFO [TG_Test 1-70] o.a.j.e.J.JSR223 - Decode URI: Decoded Redirect URI: https://officer-portal-ck-198-main.apps.krrt-two.ncr.gov.ua/officer/home
vary: Origin
access-control-allow-credentials: true
set-cookie: 107c5fe8f03719f0a4aa22d4e168e5a7=41ffc97b422dde73deb0dd2acd77cc5d; path=/; HttpOnly; Secure; SameSite=None

2026-04-20 13:12:17,680 INFO [TG_Test 1-70] o.a.j.e.J.JSR223 - Decode URI: === Збережено куку балансувальника: 107c5fe8f03719f0a4aa22d4e168e5a7=41ffc97b422dde73deb0dd2acd77cc5d
2026-04-20 13:12:17,687 INFO [TG_Test 1-13] o.a.j.p.j.s.J.Create payload: formData={"id":"690d5ac5-3ca1-11f1-beaf-0a580a80027a","taskDefinitionKey":"signPersonProfileActivity","name":"Підписати дані про освітній профіль","assignee":"perf-test-officer-13","created":"2026-04-20T10:12:17.508Z","description":null,"processInstanceId":"67487933-3ca1-11f1-beaf-0a580a80027a","rootProcessInstanceId":"67487933-3ca1-11f1-beaf-0a580a80027a","processDefinitionId":"b29a4815-3a3c-11f1-9c26-0a580a800265","processDefinitionName":"Процес для перевірки збереження декількох сутностей в рамках однієї транзакції - nested entity","formKey":"feature-form-add-signd","suspended":false,"formVariables":{},"signatureValidationPack":[],"data":{"first_name":"Людмила","last_name":"Боровський","second_name":"Петрівна","order_date":"2026-04-20","order_number":"2962","order_type":"DISMISSAL","birthday":"1980-07-27","file":[{"id":"7742541e-fccf-4be8-b553-27fa7d83b859","checksum":"15e377f79ece4daa09e0de17d9e51284681571c64c12bc7f7049b5deff68b707"}]},"esign":true}
2026-04-20 13:12:17,687 INFO [TG_Test 1-13] o.a.j.p.j.s.J.Create payload: formData={first_name=Людмила, last_name=Боровський, second_name=Петрівна, order_date=2026-04-20, order_number=2962, order_type=DISMISSAL, birthday=1980-07-27, file=[{id=7742541e-fccf-4be8-b553-27fa7d83b859, checksum=15e377f79ece4daa09e0de17d9e51284681571c64c12bc7f7049b5deff68b707}]}
2026-04-20 13:12:17,687 INFO [TG_Test 1-13] o.a.j.p.j.s.J.Create payload: Payload={"data":{"first_name":"\u041b\u044e\u0434\u043c\u0438\u043b\u0430","last_name":"\u0411\u043e\u0440\u043e\u0432\u0441\u044c\u043a\u0438\u0439","second_name":"\u041f\u0435\u0442\u0440\u0456\u0432\u043d\u0430","order_date":"2026-04-20","order_number":"2962","order_type":"DISMISSAL","birthday":"1980-07-27","file":[{"id":"7742541e-fccf-4be8-b553-27fa7d83b859","checksum":"15e377f79ece4daa09e0de17d9e51284681571c64c12bc7f7049b5deff68b707"}]},"signature":"perf-test-officer-13.dat"}
2026-04-20 13:12:17,694 INFO [TG_Test 1-69] o.a.j.e.J.JSR223 PostProcessor: === [COOKIE MANAGER] XSRF-TOKEN додано успішно: 53b03320-aa59-498b-86b9-e561b2873343
2026-04-20 13:12:17,726 INFO [TG_Test 1-29] o.a.j.m.J.JSR223 PreProcessor: === [XSRF SYNC] Оновлено токен із Cookie Manager: 0dabc322-1b51-46eb-92bd-7479109c73b5
2026-04-20 13:12:17,760 INFO [TG_Test 1-28] o.a.j.e.J.Set XSRF Token: === [COOKIE MANAGER] XSRF-TOKEN додано успішно: 4d482242-5fa6-493c-8dd4-626a1f57e5f1
2026-04-20 13:12:17,800 INFO [TG_Test 1-28] o.a.j.p.j.s.J.Create payload: Payload={"data":{"first_name":"\u041b\u0438\u043a\u0435\u0440\u0430","last_name":"\u0412\u0435\u0440\u0435\u0434\u0443\u043d","second_name":"\u041e\u043b\u0435\u043a\u0441\u0456\u0457\u0432\u043d\u0430","order_date":"2026-04-20","order_number":"8461","order_type":"TRANSFER","birthday":"1972-07-23","file":[{"id":"26e04146-02b0-499d-b156-e72a8513a56a","checksum":"15e377f79ece4daa09e0de17d9e51284681571c64c12bc7f7049b5deff68b707"}]}}
2026-04-20 13:12:17,805 INFO [TG_Test 1-32] o.a.j.m.J.JSR223 PreProcessor: === [XSRF SYNC] Оновлено токен із Cookie Manager: d7ebe378-9471-4fc0-a759-6d09ab6dae1d
2026-04-20 13:12:17,845 INFO [TG_Test 1-33] o.a.j.e.J.Set XSRF Token: === [COOKIE MANAGER] XSRF-TOKEN додано успішно: bec5eb6d-1d26-46fe-86bf-9a0481840a71
2026-04-20 13:12:17,845 INFO [TG_Test 1-71] o.a.j.t.JMeterThread: Thread started: TG_Test 1-71
2026-04-20 13:12:17,874 INFO [TG_Test 1-15] o.a.j.p.j.s.J.Create payload: formData={"id":"692af4fe-3ca1-11f1-beaf-0a580a80027a","taskDefinitionKey":"signPersonProfileActivity","name":"Підписати дані про освітній профіль","assignee":"perf-test-officer-15","created":"2026-04-20T10:12:17.702Z","description":null,"processInstanceId":"673f0337-3ca1-11f1-beaf-0a580a80027a","rootProcessInstanceId":"673f0337-3ca1-11f1-beaf-0a580a80027a","processDefinitionId":"b29a4815-3a3c-11f1-9c26-0a580a800265","processDefinitionName":"Процес для перевірки збереження декількох сутностей в рамках однієї транзакції - nested entity","formKey":"feature-form-add-signd","suspended":false,"formVariables":{},"signatureValidationPack":[],"data":{"first_name":"Анжела","last_name":"Мотрієнко","second_name":"Іванівна","order_date":"2026-04-20","order_number":"7329","order_type":"TRANSFER","birthday":"2002-05-16","file":[{"id":"b4ea9650-6036-4269-8151-2572861b4391","checksum":"15e377f79ece4daa09e0de17d9e51284681571c64c12bc7f7049b5deff68b707"}]},"esign":true}
2026-04-20 13:12:17,874 INFO [TG_Test 1-15] o.a.j.p.j.s.J.Create payload: formData={first_name=Анжела, last_name=Мотрієнко, second_name=Іванівна, order_date=2026-04-20, order_number=7329, order_type=TRANSFER, birthday=2002-05-16, file=[{id=b4ea9650-6036-4269-8151-2572861b4391, checksum=15e377f79ece4daa09e0de17d9e51284681571c64c12bc7f7049b5deff68b707}]}
2026-04-20 13:12:17,874 INFO [TG_Test 1-15] o.a.j.p.j.s.J.Create payload: Payload={"data":{"first_name":"\u0410\u043d\u0436\u0435\u043b\u0430","last_name":"\u041c\u043e\u0442\u0440\u0456\u0454\u043d\u043a\u043e","second_name":"\u0406\u0432\u0430\u043d\u0456\u0432\u043d\u0430","order_date":"2026-04-20","order_number":"7329","order_type":"TRANSFER","birthday":"2002-05-16","file":[{"id":"b4ea9650-6036-4269-8151-2572861b4391","checksum":"15e377f79ece4daa09e0de17d9e51284681571c64c12bc7f7049b5deff68b707"}]},"signature":"perf-test-officer-15.dat"}
2026-04-20 13:12:17,888 INFO [TG_Test 1-71] o.a.j.e.J.JSR223 - Decode URI: Decoded Redirect URI: https://officer-portal-ck-198-main.apps.krrt-two.ncr.gov.ua/officer/home
vary: Origin
access-control-allow-credentials: true
set-cookie: 107c5fe8f03719f0a4aa22d4e168e5a7=41ffc97b422dde73deb0dd2acd77cc5d; path=/; HttpOnly; Secure; SameSite=None

2026-04-20 13:12:17,888 INFO [TG_Test 1-71] o.a.j.e.J.JSR223 - Decode URI: === Збережено куку балансувальника: 107c5fe8f03719f0a4aa22d4e168e5a7=41ffc97b422dde73deb0dd2acd77cc5d
2026-04-20 13:12:17,899 INFO [TG_Test 1-33] o.a.j.p.j.s.J.Create payload: Payload={"data":{"first_name":"\u041f\u043e\u0434\u043e\u043b\u044f\u043d","last_name":"\u041a\u043e\u0440\u043d\u0457\u0439\u0447\u0443\u043a","second_name":"\u0406\u0432\u0430\u043d\u043e\u0432\u0438\u0447","order_date":"2026-04-20","order_number":"7538","order_type":"TRANSFER","birthday":"2004-01-16","file":[{"id":"abdcbd73-2933-4977-92a1-e48ffe05be7a","checksum":"15e377f79ece4daa09e0de17d9e51284681571c64c12bc7f7049b5deff68b707"}]}}
2026-04-20 13:12:17,911 INFO [TG_Test 1-70] o.a.j.e.J.JSR223 PostProcessor: === [COOKIE MANAGER] XSRF-TOKEN додано успішно: 996a2e04-b56e-497c-9a6d-32b98a0f6ea3
2026-04-20 13:12:18,044 INFO [TG_Test 1-72] o.a.j.t.JMeterThread: Thread started: TG_Test 1-72
2026-04-20 13:12:18,069 INFO [TG_Test 1-72] o.a.j.e.J.JSR223 - Decode URI: Decoded Redirect URI: https://officer-portal-ck-198-main.apps.krrt-two.ncr.gov.ua/officer/home
vary: Origin
access-control-allow-credentials: true
set-cookie: 107c5fe8f03719f0a4aa22d4e168e5a7=41ffc97b422dde73deb0dd2acd77cc5d; path=/; HttpOnly; Secure; SameSite=None

2026-04-20 13:12:18,069 INFO [TG_Test 1-72] o.a.j.e.J.JSR223 - Decode URI: === Збережено куку балансувальника: 107c5fe8f03719f0a4aa22d4e168e5a7=41ffc97b422dde73deb0dd2acd77cc5d
2026-04-20 13:12:18,090 INFO [TG_Test 1-71] o.a.j.e.J.JSR223 PostProcessor: === [COOKIE MANAGER] XSRF-TOKEN додано успішно: 9e3bb818-0d18-4283-9255-02d00fa98f86
2026-04-20 13:12:18,099 INFO [TG_Test 1-36] o.a.j.m.J.JSR223 PreProcessor: === [XSRF SYNC] Оновлено токен із Cookie Manager: a4a3b45a-1089-49a6-a6dd-1e1eb1aecbb6
2026-04-20 13:12:18,116 INFO [TG_Test 1-29] o.a.j.e.J.Set XSRF Token: === [COOKIE MANAGER] XSRF-TOKEN додано успішно: 81fc85bf-0b64-43e7-9b11-07502e71becd
2026-04-20 13:12:18,131 INFO [TG_Test 1-39] o.a.j.m.J.JSR223 PreProcessor: === [XSRF SYNC] Оновлено токен із Cookie Manager: f55f86fb-bf8f-4d9a-b31d-01731533989c
2026-04-20 13:12:18,146 INFO [TG_Test 1-29] o.a.j.p.j.s.J.Create payload: Payload={"data":{"first_name":"\u041c\u0430\u0440\u0442\u0430","last_name":"\u0421\u0430\u0454\u043d\u043a\u043e","second_name":"\u0421\u0435\u0440\u0433\u0456\u0457\u0432\u043d\u0430","order_date":"2026-04-20","order_number":"2772","order_type":"TRANSFER","birthday":"2006-04-02","file":[{"id":"afdeb3f2-d44d-455d-a237-9721bc994426","checksum":"15e377f79ece4daa09e0de17d9e51284681571c64c12bc7f7049b5deff68b707"}]}}
2026-04-20 13:12:18,176 INFO [TG_Test 1-32] o.a.j.e.J.Set XSRF Token: === [COOKIE MANAGER] XSRF-TOKEN додано успішно: 0949c1c7-3746-4aab-b0d6-8e2b1d8e0ed1
2026-04-20 13:12:18,207 INFO [TG_Test 1-32] o.a.j.p.j.s.J.Create payload: Payload={"data":{"first_name":"\u0424\u0435\u043e\u0434\u043e\u0441\u0456\u044f","last_name":"\u0421\u0456\u0434\u043b\u044f\u043a","second_name":"\u0406\u0432\u0430\u043d\u0456\u0432\u043d\u0430","order_date":"2026-04-20","order_number":"9648","order_type":"TRANSFER","birthday":"1973-02-14","file":[{"id":"45dd7f4b-6764-4588-8a29-789ea16f6da1","checksum":"15e377f79ece4daa09e0de17d9e51284681571c64c12bc7f7049b5deff68b707"}]}}
2026-04-20 13:12:18,245 INFO [TG_Test 1-73] o.a.j.t.JMeterThread: Thread started: TG_Test 1-73
2026-04-20 13:12:18,272 INFO [TG_Test 1-73] o.a.j.e.J.JSR223 - Decode URI: Decoded Redirect URI: https://officer-portal-ck-198-main.apps.krrt-two.ncr.gov.ua/officer/home
vary: Origin
access-control-allow-credentials: true
set-cookie: 107c5fe8f03719f0a4aa22d4e168e5a7=41ffc97b422dde73deb0dd2acd77cc5d; path=/; HttpOnly; Secure; SameSite=None

2026-04-20 13:12:18,272 INFO [TG_Test 1-73] o.a.j.e.J.JSR223 - Decode URI: === Збережено куку балансувальника: 107c5fe8f03719f0a4aa22d4e168e5a7=41ffc97b422dde73deb0dd2acd77cc5d
2026-04-20 13:12:18,280 INFO [TG_Test 1-72] o.a.j.e.J.JSR223 PostProcessor: === [COOKIE MANAGER] XSRF-TOKEN додано успішно: ca3d3b6a-efb5-44a6-81fd-80c50e46cfa4
2026-04-20 13:12:18,412 INFO [TG_Test 1-22] o.a.j.p.j.s.J.Create payload: formData={"id":"6979d7bd-3ca1-11f1-beaf-0a580a80027a","taskDefinitionKey":"signPersonProfileActivity","name":"Підписати дані про освітній профіль","assignee":"perf-test-officer-22","created":"2026-04-20T10:12:18.219Z","description":null,"processInstanceId":"67990a64-3ca1-11f1-beaf-0a580a80027a","rootProcessInstanceId":"67990a64-3ca1-11f1-beaf-0a580a80027a","processDefinitionId":"b29a4815-3a3c-11f1-9c26-0a580a800265","processDefinitionName":"Процес для перевірки збереження декількох сутностей в рамках однієї транзакції - nested entity","formKey":"feature-form-add-signd","suspended":false,"formVariables":{},"signatureValidationPack":[],"data":{"first_name":"Назарій","last_name":"Вітряк","second_name":"Іванович","order_date":"2026-04-20","order_number":"4021","order_type":"DISMISSAL","birthday":"1992-10-15","file":[{"id":"b10834a5-59f6-42ac-8aec-aa375cc775a7","checksum":"15e377f79ece4daa09e0de17d9e51284681571c64c12bc7f7049b5deff68b707"}]},"esign":true}
2026-04-20 13:12:18,412 INFO [TG_Test 1-22] o.a.j.p.j.s.J.Create payload: formData={first_name=Назарій, last_name=Вітряк, second_name=Іванович, order_date=2026-04-20, order_number=4021, order_type=DISMISSAL, birthday=1992-10-15, file=[{id=b10834a5-59f6-42ac-8aec-aa375cc775a7, checksum=15e377f79ece4daa09e0de17d9e51284681571c64c12bc7f7049b5deff68b707}]}
2026-04-20 13:12:18,413 INFO [TG_Test 1-22] o.a.j.p.j.s.J.Create payload: Payload={"data":{"first_name":"\u041d\u0430\u0437\u0430\u0440\u0456\u0439","last_name":"\u0412\u0456\u0442\u0440\u044f\u043a","second_name":"\u0406\u0432\u0430\u043d\u043e\u0432\u0438\u0447","order_date":"2026-04-20","order_number":"4021","order_type":"DISMISSAL","birthday":"1992-10-15","file":[{"id":"b10834a5-59f6-42ac-8aec-aa375cc775a7","checksum":"15e377f79ece4daa09e0de17d9e51284681571c64c12bc7f7049b5deff68b707"}]},"signature":"perf-test-officer-22.dat"}
2026-04-20 13:12:18,445 INFO [TG_Test 1-74] o.a.j.t.JMeterThread: Thread started: TG_Test 1-74
2026-04-20 13:12:18,451 INFO [TG_Test 1-3] o.a.j.p.j.s.J.Create payload: formData={"id":"697ff24e-3ca1-11f1-beaf-0a580a80027a","taskDefinitionKey":"Activity_11jqc4d","name":"переглянути дані та внести зміни","assignee":"perf-test-officer-3","created":"2026-04-20T10:12:18.259Z","description":null,"processInstanceId":"65e1485b-3ca1-11f1-beaf-0a580a80027a","rootProcessInstanceId":"65e1485b-3ca1-11f1-beaf-0a580a80027a","processDefinitionId":"b29a4815-3a3c-11f1-9c26-0a580a800265","processDefinitionName":"Процес для перевірки збереження декількох сутностей в рамках однієї транзакції - nested entity","formKey":"feature-form-add-thirdform","suspended":false,"formVariables":{},"signatureValidationPack":[],"data":{"order_type":"TRANSFER","order_number":"5062","order_date":"2026-04-20T13:17:10.952Z","files":[{"id":"cbbef129-d48a-42e1-aa47-fec5f5cccebc","checksum":"15e377f79ece4daa09e0de17d9e51284681571c64c12bc7f7049b5deff68b707"}]},"esign":false}
2026-04-20 13:12:18,451 INFO [TG_Test 1-3] o.a.j.p.j.s.J.Create payload: formData={order_type=TRANSFER, order_number=5062, order_date=2026-04-20T13:17:10.952Z, files=[{id=cbbef129-d48a-42e1-aa47-fec5f5cccebc, checksum=15e377f79ece4daa09e0de17d9e51284681571c64c12bc7f7049b5deff68b707}]}
2026-04-20 13:12:18,451 INFO [TG_Test 1-3] o.a.j.p.j.s.J.Create payload: Payload={"data":{"order_type":"TRANSFER","order_number":"5062","order_date":"2026-04-20","files":[{"id":"cbbef129-d48a-42e1-aa47-fec5f5cccebc","checksum":"15e377f79ece4daa09e0de17d9e51284681571c64c12bc7f7049b5deff68b707"}],"birthday":"1998-08-27"}}
2026-04-20 13:12:18,466 INFO [TG_Test 1-30] o.a.j.m.J.JSR223 PreProcessor: === [XSRF SYNC] Оновлено токен із Cookie Manager: 1f54f1f2-8a0e-4908-8fc1-354f65a36f4f
2026-04-20 13:12:18,470 INFO [TG_Test 1-74] o.a.j.e.J.JSR223 - Decode URI: Decoded Redirect URI: https://officer-portal-ck-198-main.apps.krrt-two.ncr.gov.ua/officer/home
vary: Origin
access-control-allow-credentials: true
set-cookie: 107c5fe8f03719f0a4aa22d4e168e5a7=41ffc97b422dde73deb0dd2acd77cc5d; path=/; HttpOnly; Secure; SameSite=None

2026-04-20 13:12:18,470 INFO [TG_Test 1-74] o.a.j.e.J.JSR223 - Decode URI: === Збережено куку балансувальника: 107c5fe8f03719f0a4aa22d4e168e5a7=41ffc97b422dde73deb0dd2acd77cc5d
2026-04-20 13:12:18,477 INFO [TG_Test 1-73] o.a.j.e.J.JSR223 PostProcessor: === [COOKIE MANAGER] XSRF-TOKEN додано успішно: 9f08e2ed-6151-4c68-9526-5fb87026a92e
2026-04-20 13:12:18,483 INFO [TG_Test 1-31] o.a.j.m.J.JSR223 PreProcessor: === [XSRF SYNC] Оновлено токен із Cookie Manager: 041fcfbb-0da3-43e2-b672-b25d37ee2897
2026-04-20 13:12:18,495 INFO [TG_Test 1-35] o.a.j.m.J.JSR223 PreProcessor: === [XSRF SYNC] Оновлено токен із Cookie Manager: c922d8f3-1467-4f62-a87d-968e8620df28
2026-04-20 13:12:18,513 INFO [TG_Test 1-36] o.a.j.e.J.Set XSRF Token: === [COOKIE MANAGER] XSRF-TOKEN додано успішно: 7d38dada-c5f8-43ef-9290-7b5dc5e776bb
2026-04-20 13:12:18,546 INFO [TG_Test 1-36] o.a.j.p.j.s.J.Create payload: Payload={"data":{"first_name":"\u0412\u043b\u0430\u0434\u0438\u0441\u043b\u0430\u0432\u0430","last_name":"\u0421\u0442\u0435\u043f\u0430\u043d\u0435\u0446\u044c","second_name":"\u0412\u0430\u0441\u0438\u043b\u0456\u0432\u043d\u0430","order_date":"2026-04-20","order_number":"2683","order_type":"DISMISSAL","birthday":"1992-06-06","file":[{"id":"a00370ae-e00b-451e-b117-e39108771e00","checksum":"15e377f79ece4daa09e0de17d9e51284681571c64c12bc7f7049b5deff68b707"}]}}
2026-04-20 13:12:18,604 INFO [TG_Test 1-39] o.a.j.e.J.Set XSRF Token: === [COOKIE MANAGER] XSRF-TOKEN додано успішно: 0e415b77-14a8-4a9a-b42f-fc4ce11b8fd1
2026-04-20 13:12:18,642 INFO [TG_Test 1-39] o.a.j.p.j.s.J.Create payload: Payload={"data":{"first_name":"\u0414\u043e\u0431\u0440\u043e\u043c\u0438\u0441\u043b\u0430","last_name":"\u042e\u0440\u0447\u0438\u0448\u0438\u043d","second_name":"\u0410\u043d\u0430\u0442\u043e\u043b\u0456\u0457\u0432\u043d\u0430","order_date":"2026-04-20","order_number":"6293","order_type":"TRANSFER","birthday":"1976-10-20","file":[{"id":"17de250d-c66d-41ba-8378-640ae607c85d","checksum":"15e377f79ece4daa09e0de17d9e51284681571c64c12bc7f7049b5deff68b707"}]}}
2026-04-20 13:12:18,645 INFO [TG_Test 1-75] o.a.j.t.JMeterThread: Thread started: TG_Test 1-75
2026-04-20 13:12:18,662 INFO [TG_Test 1-74] o.a.j.e.J.JSR223 PostProcessor: === [COOKIE MANAGER] XSRF-TOKEN додано успішно: 2e41712f-2081-4ad0-812e-18f46bb0f5b0
2026-04-20 13:12:18,668 INFO [TG_Test 1-37] o.a.j.m.J.JSR223 PreProcessor: === [XSRF SYNC] Оновлено токен із Cookie Manager: 0d953bd1-b1df-4aa7-a0c4-aad6c9954ef2
2026-04-20 13:12:18,669 INFO [TG_Test 1-75] o.a.j.e.J.JSR223 - Decode URI: Decoded Redirect URI: https://officer-portal-ck-198-main.apps.krrt-two.ncr.gov.ua/officer/home
vary: Origin
access-control-allow-credentials: true
set-cookie: 107c5fe8f03719f0a4aa22d4e168e5a7=41ffc97b422dde73deb0dd2acd77cc5d; path=/; HttpOnly; Secure; SameSite=None

2026-04-20 13:12:18,669 INFO [TG_Test 1-75] o.a.j.e.J.JSR223 - Decode URI: === Збережено куку балансувальника: 107c5fe8f03719f0a4aa22d4e168e5a7=41ffc97b422dde73deb0dd2acd77cc5d
2026-04-20 13:12:18,809 INFO [TG_Test 1-34] o.a.j.m.J.JSR223 PreProcessor: === [XSRF SYNC] Оновлено токен із Cookie Manager: d2260499-a4df-4716-a5df-b30767f2dc22
2026-04-20 13:12:18,845 INFO [TG_Test 1-76] o.a.j.t.JMeterThread: Thread started: TG_Test 1-76
2026-04-20 13:12:18,854 INFO [TG_Test 1-30] o.a.j.e.J.Set XSRF Token: === [COOKIE MANAGER] XSRF-TOKEN додано успішно: 6d60b275-0696-4224-81e1-24c0d6be35e0
2026-04-20 13:12:18,860 INFO [TG_Test 1-75] o.a.j.e.J.JSR223 PostProcessor: === [COOKIE MANAGER] XSRF-TOKEN додано успішно: e278f9b7-ebd0-429d-a58f-530b3a1b1f96
2026-04-20 13:12:18,873 INFO [TG_Test 1-76] o.a.j.e.J.JSR223 - Decode URI: Decoded Redirect URI: https://officer-portal-ck-198-main.apps.krrt-two.ncr.gov.ua/officer/home
vary: Origin
access-control-allow-credentials: true
set-cookie: 107c5fe8f03719f0a4aa22d4e168e5a7=41ffc97b422dde73deb0dd2acd77cc5d; path=/; HttpOnly; Secure; SameSite=None

2026-04-20 13:12:18,873 INFO [TG_Test 1-76] o.a.j.e.J.JSR223 - Decode URI: === Збережено куку балансувальника: 107c5fe8f03719f0a4aa22d4e168e5a7=41ffc97b422dde73deb0dd2acd77cc5d
2026-04-20 13:12:18,893 INFO [TG_Test 1-30] o.a.j.p.j.s.J.Create payload: Payload={"data":{"first_name":"\u0416\u043e\u0437\u0435\u0444\u0456\u043d\u0430","last_name":"\u0404\u0432\u0435\u043d\u043a\u043e","second_name":"\u041f\u0435\u0442\u0440\u0456\u0432\u043d\u0430","order_date":"2026-04-20","order_number":"5790","order_type":"ENROLLMENT","birthday":"1999-10-16","file":[{"id":"02f33aab-7d03-43e3-ac5d-03bd8ffdacad","checksum":"15e377f79ece4daa09e0de17d9e51284681571c64c12bc7f7049b5deff68b707"}]}}
2026-04-20 13:12:18,911 INFO [TG_Test 1-9] o.a.j.p.j.s.J.Create payload: formData={"id":"69bfe1d9-3ca1-11f1-beaf-0a580a80027a","taskDefinitionKey":"Activity_11jqc4d","name":"переглянути дані та внести зміни","assignee":"perf-test-officer-9","created":"2026-04-20T10:12:18.678Z","description":null,"processInstanceId":"663ea9e9-3ca1-11f1-beaf-0a580a80027a","rootProcessInstanceId":"663ea9e9-3ca1-11f1-beaf-0a580a80027a","processDefinitionId":"b29a4815-3a3c-11f1-9c26-0a580a800265","processDefinitionName":"Процес для перевірки збереження декількох сутностей в рамках однієї транзакції - nested entity","formKey":"feature-form-add-thirdform","suspended":false,"formVariables":{},"signatureValidationPack":[],"data":{"order_type":"TRANSFER","order_number":"4241","order_date":"2026-04-20T13:17:10.952Z","files":[{"id":"f76014e6-111d-49ce-8f00-2eaebefa98dd","checksum":"15e377f79ece4daa09e0de17d9e51284681571c64c12bc7f7049b5deff68b707"}]},"esign":false}
2026-04-20 13:12:18,911 INFO [TG_Test 1-9] o.a.j.p.j.s.J.Create payload: formData={order_type=TRANSFER, order_number=4241, order_date=2026-04-20T13:17:10.952Z, files=[{id=f76014e6-111d-49ce-8f00-2eaebefa98dd, checksum=15e377f79ece4daa09e0de17d9e51284681571c64c12bc7f7049b5deff68b707}]}
2026-04-20 13:12:18,911 INFO [TG_Test 1-9] o.a.j.p.j.s.J.Create payload: Payload={"data":{"order_type":"TRANSFER","order_number":"4241","order_date":"2026-04-20","files":[{"id":"f76014e6-111d-49ce-8f00-2eaebefa98dd","checksum":"15e377f79ece4daa09e0de17d9e51284681571c64c12bc7f7049b5deff68b707"}],"birthday":"1995-06-03"}}
2026-04-20 13:12:18,943 INFO [TG_Test 1-31] o.a.j.e.J.Set XSRF Token: === [COOKIE MANAGER] XSRF-TOKEN додано успішно: 544fcfd3-c961-4a73-b94e-fe3d3fd34d95
2026-04-20 13:12:18,982 INFO [TG_Test 1-31] o.a.j.p.j.s.J.Create payload: Payload={"data":{"first_name":"\u0410\u0440\u0442\u0435\u043c","last_name":"\u041e\u043f\u0435\u043d\u044c\u043a\u043e","second_name":"\u0406\u0432\u0430\u043d\u043e\u0432\u0438\u0447","order_date":"2026-04-20","order_number":"2703","order_type":"DISMISSAL","birthday":"1995-08-06","file":[{"id":"1b58e0d3-579e-418b-aab1-17564acee3d5","checksum":"15e377f79ece4daa09e0de17d9e51284681571c64c12bc7f7049b5deff68b707"}]}}
2026-04-20 13:12:18,983 INFO [TG_Test 1-20] o.a.j.p.j.s.J.Create payload: formData={"id":"69cdc4ae-3ca1-11f1-beaf-0a580a80027a","taskDefinitionKey":"signPersonProfileActivity","name":"Підписати дані про освітній профіль","assignee":"perf-test-officer-20","created":"2026-04-20T10:12:18.769Z","description":null,"processInstanceId":"67c4ae5d-3ca1-11f1-beaf-0a580a80027a","rootProcessInstanceId":"67c4ae5d-3ca1-11f1-beaf-0a580a80027a","processDefinitionId":"b29a4815-3a3c-11f1-9c26-0a580a800265","processDefinitionName":"Процес для перевірки збереження декількох сутностей в рамках однієї транзакції - nested entity","formKey":"feature-form-add-signd","suspended":false,"formVariables":{},"signatureValidationPack":[],"data":{"first_name":"Максим","last_name":"Могилевський","second_name":"Олексійович","order_date":"2026-04-20","order_number":"7383","order_type":"ENROLLMENT","birthday":"1995-01-20","file":[{"id":"f12b83d6-3cc6-4f78-b854-23f0bb08dbb2","checksum":"15e377f79ece4daa09e0de17d9e51284681571c64c12bc7f7049b5deff68b707"}]},"esign":true}
2026-04-20 13:12:18,983 INFO [TG_Test 1-20] o.a.j.p.j.s.J.Create payload: formData={first_name=Максим, last_name=Могилевський, second_name=Олексійович, order_date=2026-04-20, order_number=7383, order_type=ENROLLMENT, birthday=1995-01-20, file=[{id=f12b83d6-3cc6-4f78-b854-23f0bb08dbb2, checksum=15e377f79ece4daa09e0de17d9e51284681571c64c12bc7f7049b5deff68b707}]}
2026-04-20 13:12:18,984 INFO [TG_Test 1-20] o.a.j.p.j.s.J.Create payload: Payload={"data":{"first_name":"\u041c\u0430\u043a\u0441\u0438\u043c","last_name":"\u041c\u043e\u0433\u0438\u043b\u0435\u0432\u0441\u044c\u043a\u0438\u0439","second_name":"\u041e\u043b\u0435\u043a\u0441\u0456\u0439\u043e\u0432\u0438\u0447","order_date":"2026-04-20","order_number":"7383","order_type":"ENROLLMENT","birthday":"1995-01-20","file":[{"id":"f12b83d6-3cc6-4f78-b854-23f0bb08dbb2","checksum":"15e377f79ece4daa09e0de17d9e51284681571c64c12bc7f7049b5deff68b707"}]},"signature":"perf-test-officer-20.dat"}
2026-04-20 13:12:18,991 INFO [TG_Test 1-6] o.a.j.p.j.s.J.Create payload: formData={"id":"69d16e3b-3ca1-11f1-beaf-0a580a80027a","taskDefinitionKey":"Activity_11jqc4d","name":"переглянути дані та внести зміни","assignee":"perf-test-officer-6","created":"2026-04-20T10:12:18.793Z","description":null,"processInstanceId":"6603c495-3ca1-11f1-beaf-0a580a80027a","rootProcessInstanceId":"6603c495-3ca1-11f1-beaf-0a580a80027a","processDefinitionId":"b29a4815-3a3c-11f1-9c26-0a580a800265","processDefinitionName":"Процес для перевірки збереження декількох сутностей в рамках однієї транзакції - nested entity","formKey":"feature-form-add-thirdform","suspended":false,"formVariables":{},"signatureValidationPack":[],"data":{"order_type":"DISMISSAL","order_number":"8057","order_date":"2026-04-20T13:17:10.952Z","files":[{"id":"c692f574-102c-49ab-ac93-65e07784952f","checksum":"15e377f79ece4daa09e0de17d9e51284681571c64c12bc7f7049b5deff68b707"}]},"esign":false}
2026-04-20 13:12:18,992 INFO [TG_Test 1-6] o.a.j.p.j.s.J.Create payload: formData={order_type=DISMISSAL, order_number=8057, order_date=2026-04-20T13:17:10.952Z, files=[{id=c692f574-102c-49ab-ac93-65e07784952f, checksum=15e377f79ece4daa09e0de17d9e51284681571c64c12bc7f7049b5deff68b707}]}
2026-04-20 13:12:18,992 INFO [TG_Test 1-6] o.a.j.p.j.s.J.Create payload: Payload={"data":{"order_type":"DISMISSAL","order_number":"8057","order_date":"2026-04-20","files":[{"id":"c692f574-102c-49ab-ac93-65e07784952f","checksum":"15e377f79ece4daa09e0de17d9e51284681571c64c12bc7f7049b5deff68b707"}],"birthday":"1983-04-19"}}
2026-04-20 13:12:19,010 INFO [TG_Test 1-35] o.a.j.e.J.Set XSRF Token: === [COOKIE MANAGER] XSRF-TOKEN додано успішно: 6aac5a95-e75d-491a-a826-c9c32307ebef
2026-04-20 13:12:19,045 INFO [TG_Test 1-77] o.a.j.t.JMeterThread: Thread started: TG_Test 1-77
2026-04-20 13:12:19,046 INFO [TG_Test 1-35] o.a.j.p.j.s.J.Create payload: Payload={"data":{"first_name":"\u041c\u0435\u0447\u0438\u0441\u043b\u0430\u0432","last_name":"\u0421\u0430\u0454\u043d\u043a\u043e","second_name":"\u041e\u043b\u0435\u043a\u0441\u0430\u043d\u0434\u0440\u043e\u0432\u0438\u0447","order_date":"2026-04-20","order_number":"5196","order_type":"TRANSFER","birthday":"1998-08-16","file":[{"id":"7f6c3f90-5a5b-43db-8077-240c3fd1b981","checksum":"15e377f79ece4daa09e0de17d9e51284681571c64c12bc7f7049b5deff68b707"}]}}
2026-04-20 13:12:19,059 INFO [TG_Test 1-5] o.a.j.p.j.s.J.Create payload: formData={"id":"69de8dc1-3ca1-11f1-beaf-0a580a80027a","taskDefinitionKey":"Activity_11jqc4d","name":"переглянути дані та внести зміни","assignee":"perf-test-officer-5","created":"2026-04-20T10:12:18.879Z","description":null,"processInstanceId":"65bb97de-3ca1-11f1-beaf-0a580a80027a","rootProcessInstanceId":"65bb97de-3ca1-11f1-beaf-0a580a80027a","processDefinitionId":"b29a4815-3a3c-11f1-9c26-0a580a800265","processDefinitionName":"Процес для перевірки збереження декількох сутностей в рамках однієї транзакції - nested entity","formKey":"feature-form-add-thirdform","suspended":false,"formVariables":{},"signatureValidationPack":[],"data":{"order_type":"DISMISSAL","order_number":"7749","order_date":"2026-04-20T13:17:10.952Z","files":[{"id":"984c19f5-71e1-4524-9d39-949d9a4211ad","checksum":"15e377f79ece4daa09e0de17d9e51284681571c64c12bc7f7049b5deff68b707"}]},"esign":false}
2026-04-20 13:12:19,060 INFO [TG_Test 1-5] o.a.j.p.j.s.J.Create payload: formData={order_type=DISMISSAL, order_number=7749, order_date=2026-04-20T13:17:10.952Z, files=[{id=984c19f5-71e1-4524-9d39-949d9a4211ad, checksum=15e377f79ece4daa09e0de17d9e51284681571c64c12bc7f7049b5deff68b707}]}
2026-04-20 13:12:19,060 INFO [TG_Test 1-5] o.a.j.p.j.s.J.Create payload: Payload={"data":{"order_type":"DISMISSAL","order_number":"7749","order_date":"2026-04-20","files":[{"id":"984c19f5-71e1-4524-9d39-949d9a4211ad","checksum":"15e377f79ece4daa09e0de17d9e51284681571c64c12bc7f7049b5deff68b707"}],"birthday":"2002-11-17"}}
2026-04-20 13:12:19,071 INFO [TG_Test 1-77] o.a.j.e.J.JSR223 - Decode URI: Decoded Redirect URI: https://officer-portal-ck-198-main.apps.krrt-two.ncr.gov.ua/officer/home
vary: Origin
access-control-allow-credentials: true
set-cookie: 107c5fe8f03719f0a4aa22d4e168e5a7=41ffc97b422dde73deb0dd2acd77cc5d; path=/; HttpOnly; Secure; SameSite=None

2026-04-20 13:12:19,071 INFO [TG_Test 1-77] o.a.j.e.J.JSR223 - Decode URI: === Збережено куку балансувальника: 107c5fe8f03719f0a4aa22d4e168e5a7=41ffc97b422dde73deb0dd2acd77cc5d
2026-04-20 13:12:19,079 INFO [TG_Test 1-76] o.a.j.e.J.JSR223 PostProcessor: === [COOKIE MANAGER] XSRF-TOKEN додано успішно: 899c8063-7f3c-46d2-a478-75feca5164ad
2026-04-20 13:12:19,101 INFO [TG_Test 1-27] o.a.j.p.j.s.J.Create payload: formData={"id":"69e321a7-3ca1-11f1-beaf-0a580a80027a","taskDefinitionKey":"signPersonProfileActivity","name":"Підписати дані про освітній профіль","assignee":"perf-test-officer-27","created":"2026-04-20T10:12:18.909Z","description":null,"processInstanceId":"67ec33a6-3ca1-11f1-beaf-0a580a80027a","rootProcessInstanceId":"67ec33a6-3ca1-11f1-beaf-0a580a80027a","processDefinitionId":"b29a4815-3a3c-11f1-9c26-0a580a800265","processDefinitionName":"Процес для перевірки збереження декількох сутностей в рамках однієї транзакції - nested entity","formKey":"feature-form-add-signd","suspended":false,"formVariables":{},"signatureValidationPack":[],"data":{"first_name":"Влада","last_name":"Гарун","second_name":"Василівна","order_date":"2026-04-20","order_number":"1946","order_type":"ENROLLMENT","birthday":"1996-04-03","file":[{"id":"45585d68-657b-4430-8b12-96e391419218","checksum":"15e377f79ece4daa09e0de17d9e51284681571c64c12bc7f7049b5deff68b707"}]},"esign":true}
2026-04-20 13:12:19,101 INFO [TG_Test 1-27] o.a.j.p.j.s.J.Create payload: formData={first_name=Влада, last_name=Гарун, second_name=Василівна, order_date=2026-04-20, order_number=1946, order_type=ENROLLMENT, birthday=1996-04-03, file=[{id=45585d68-657b-4430-8b12-96e391419218, checksum=15e377f79ece4daa09e0de17d9e51284681571c64c12bc7f7049b5deff68b707}]}
2026-04-20 13:12:19,101 INFO [TG_Test 1-27] o.a.j.p.j.s.J.Create payload: Payload={"data":{"first_name":"\u0412\u043b\u0430\u0434\u0430","last_name":"\u0413\u0430\u0440\u0443\u043d","second_name":"\u0412\u0430\u0441\u0438\u043b\u0456\u0432\u043d\u0430","order_date":"2026-04-20","order_number":"1946","order_type":"ENROLLMENT","birthday":"1996-04-03","file":[{"id":"45585d68-657b-4430-8b12-96e391419218","checksum":"15e377f79ece4daa09e0de17d9e51284681571c64c12bc7f7049b5deff68b707"}]},"signature":"perf-test-officer-27.dat"}
2026-04-20 13:12:19,126 INFO [TG_Test 1-41] o.a.j.m.J.JSR223 PreProcessor: === [XSRF SYNC] Оновлено токен із Cookie Manager: 77b8517d-68ff-4ad0-b4f7-441e506106aa
2026-04-20 13:12:19,191 INFO [TG_Test 1-37] o.a.j.e.J.Set XSRF Token: === [COOKIE MANAGER] XSRF-TOKEN додано успішно: 9d6e77b5-5ab4-415c-9483-b00748f0322c
2026-04-20 13:12:19,204 INFO [TG_Test 1-34] o.a.j.e.J.Set XSRF Token: === [COOKIE MANAGER] XSRF-TOKEN додано успішно: 52132c61-b065-4b35-b37e-d72645ab5c4b
2026-04-20 13:12:19,212 INFO [TG_Test 1-7] o.a.j.p.j.s.J.Create payload: formData={"id":"69f87e7b-3ca1-11f1-beaf-0a580a80027a","taskDefinitionKey":"Activity_11jqc4d","name":"переглянути дані та внести зміни","assignee":"perf-test-officer-7","created":"2026-04-20T10:12:19.049Z","description":null,"processInstanceId":"661e5182-3ca1-11f1-beaf-0a580a80027a","rootProcessInstanceId":"661e5182-3ca1-11f1-beaf-0a580a80027a","processDefinitionId":"b29a4815-3a3c-11f1-9c26-0a580a800265","processDefinitionName":"Процес для перевірки збереження декількох сутностей в рамках однієї транзакції - nested entity","formKey":"feature-form-add-thirdform","suspended":false,"formVariables":{},"signatureValidationPack":[],"data":{"order_type":"TRANSFER","order_number":"7661","order_date":"2026-04-20T13:17:10.952Z","files":[{"id":"a4dcfe37-d53f-4f9d-843e-43db22ae9544","checksum":"15e377f79ece4daa09e0de17d9e51284681571c64c12bc7f7049b5deff68b707"}]},"esign":false}
2026-04-20 13:12:19,212 INFO [TG_Test 1-7] o.a.j.p.j.s.J.Create payload: formData={order_type=TRANSFER, order_number=7661, order_date=2026-04-20T13:17:10.952Z, files=[{id=a4dcfe37-d53f-4f9d-843e-43db22ae9544, checksum=15e377f79ece4daa09e0de17d9e51284681571c64c12bc7f7049b5deff68b707}]}
2026-04-20 13:12:19,212 INFO [TG_Test 1-7] o.a.j.p.j.s.J.Create payload: Payload={"data":{"order_type":"TRANSFER","order_number":"7661","order_date":"2026-04-20","files":[{"id":"a4dcfe37-d53f-4f9d-843e-43db22ae9544","checksum":"15e377f79ece4daa09e0de17d9e51284681571c64c12bc7f7049b5deff68b707"}],"birthday":"1969-03-18"}}
2026-04-20 13:12:19,229 INFO [TG_Test 1-37] o.a.j.p.j.s.J.Create payload: Payload={"data":{"first_name":"\u0411\u0443\u0434\u0438\u043c\u0438\u0440","last_name":"\u0421\u0430\u0454\u043d\u043a\u043e","second_name":"\u041c\u0438\u043a\u043e\u043b\u0430\u0439\u043e\u0432\u0438\u0447","order_date":"2026-04-20","order_number":"2746","order_type":"ENROLLMENT","birthday":"1968-01-08","file":[{"id":"f2ca4ba5-c367-4705-b11d-d2fa6ac8730b","checksum":"15e377f79ece4daa09e0de17d9e51284681571c64c12bc7f7049b5deff68b707"}]}}
2026-04-20 13:12:19,239 INFO [TG_Test 1-34] o.a.j.p.j.s.J.Create payload: Payload={"data":{"first_name":"\u0413\u0440\u0438\u0433\u043e\u0440\u0456\u0439","last_name":"\u0411\u043e\u043d\u0434\u0430\u0440\u0435\u043d\u043a\u043e","second_name":"\u041c\u0438\u043a\u043e\u043b\u0430\u0439\u043e\u0432\u0438\u0447","order_date":"2026-04-20","order_number":"4045","order_type":"TRANSFER","birthday":"1992-11-19","file":[{"id":"e1cebd4d-e26f-4c57-a15c-1bf2a0ec35af","checksum":"15e377f79ece4daa09e0de17d9e51284681571c64c12bc7f7049b5deff68b707"}]}}
2026-04-20 13:12:19,245 INFO [TG_Test 1-78] o.a.j.t.JMeterThread: Thread started: TG_Test 1-78
2026-04-20 13:12:19,269 INFO [TG_Test 1-78] o.a.j.e.J.JSR223 - Decode URI: Decoded Redirect URI: https://officer-portal-ck-198-main.apps.krrt-two.ncr.gov.ua/officer/home
vary: Origin
access-control-allow-credentials: true
set-cookie: 107c5fe8f03719f0a4aa22d4e168e5a7=41ffc97b422dde73deb0dd2acd77cc5d; path=/; HttpOnly; Secure; SameSite=None

2026-04-20 13:12:19,269 INFO [TG_Test 1-78] o.a.j.e.J.JSR223 - Decode URI: === Збережено куку балансувальника: 107c5fe8f03719f0a4aa22d4e168e5a7=41ffc97b422dde73deb0dd2acd77cc5d
2026-04-20 13:12:19,274 INFO [TG_Test 1-77] o.a.j.e.J.JSR223 PostProcessor: === [COOKIE MANAGER] XSRF-TOKEN додано успішно: cbfc496e-ab5a-46d1-9b68-df1aafb66fee
2026-04-20 13:12:19,321 INFO [TG_Test 1-40] o.a.j.m.J.JSR223 PreProcessor: === [XSRF SYNC] Оновлено токен із Cookie Manager: 87ecf989-f8d4-4da5-ac88-78bf40e34130
2026-04-20 13:12:19,334 INFO [TG_Test 1-26] o.a.j.p.j.s.J.Create payload: formData={"id":"6a07e7dd-3ca1-11f1-beaf-0a580a80027a","taskDefinitionKey":"signPersonProfileActivity","name":"Підписати дані про освітній профіль","assignee":"perf-test-officer-26","created":"2026-04-20T10:12:19.150Z","description":null,"processInstanceId":"682d819f-3ca1-11f1-beaf-0a580a80027a","rootProcessInstanceId":"682d819f-3ca1-11f1-beaf-0a580a80027a","processDefinitionId":"b29a4815-3a3c-11f1-9c26-0a580a800265","processDefinitionName":"Процес для перевірки збереження декількох сутностей в рамках однієї транзакції - nested entity","formKey":"feature-form-add-signd","suspended":false,"formVariables":{},"signatureValidationPack":[],"data":{"first_name":"Алевтина","last_name":"Малкович","second_name":"Анатоліївна","order_date":"2026-04-20","order_number":"4920","order_type":"ENROLLMENT","birthday":"1992-08-30","file":[{"id":"f01cc1a6-e764-4409-b8be-e26248a61825","checksum":"15e377f79ece4daa09e0de17d9e51284681571c64c12bc7f7049b5deff68b707"}]},"esign":true}
2026-04-20 13:12:19,334 INFO [TG_Test 1-26] o.a.j.p.j.s.J.Create payload: formData={first_name=Алевтина, last_name=Малкович, second_name=Анатоліївна, order_date=2026-04-20, order_number=4920, order_type=ENROLLMENT, birthday=1992-08-30, file=[{id=f01cc1a6-e764-4409-b8be-e26248a61825, checksum=15e377f79ece4daa09e0de17d9e51284681571c64c12bc7f7049b5deff68b707}]}
2026-04-20 13:12:19,334 INFO [TG_Test 1-26] o.a.j.p.j.s.J.Create payload: Payload={"data":{"first_name":"\u0410\u043b\u0435\u0432\u0442\u0438\u043d\u0430","last_name":"\u041c\u0430\u043b\u043a\u043e\u0432\u0438\u0447","second_name":"\u0410\u043d\u0430\u0442\u043e\u043b\u0456\u0457\u0432\u043d\u0430","order_date":"2026-04-20","order_number":"4920","order_type":"ENROLLMENT","birthday":"1992-08-30","file":[{"id":"f01cc1a6-e764-4409-b8be-e26248a61825","checksum":"15e377f79ece4daa09e0de17d9e51284681571c64c12bc7f7049b5deff68b707"}]},"signature":"perf-test-officer-26.dat"}
2026-04-20 13:12:19,377 INFO [TG_Test 1-8] o.a.j.p.j.s.J.Create payload: formData={"id":"6a0e9dbc-3ca1-11f1-beaf-0a580a80027a","taskDefinitionKey":"Activity_11jqc4d","name":"переглянути дані та внести зміни","assignee":"perf-test-officer-8","created":"2026-04-20T10:12:19.194Z","description":null,"processInstanceId":"66859e06-3ca1-11f1-beaf-0a580a80027a","rootProcessInstanceId":"66859e06-3ca1-11f1-beaf-0a580a80027a","processDefinitionId":"b29a4815-3a3c-11f1-9c26-0a580a800265","processDefinitionName":"Процес для перевірки збереження декількох сутностей в рамках однієї транзакції - nested entity","formKey":"feature-form-add-thirdform","suspended":false,"formVariables":{},"signatureValidationPack":[],"data":{"order_type":"TRANSFER","order_number":"8207","order_date":"2026-04-20T13:17:10.952Z","files":[{"id":"bc54094e-ffde-454d-aa25-93dfa948cf59","checksum":"15e377f79ece4daa09e0de17d9e51284681571c64c12bc7f7049b5deff68b707"}]},"esign":false}
2026-04-20 13:12:19,378 INFO [TG_Test 1-8] o.a.j.p.j.s.J.Create payload: formData={order_type=TRANSFER, order_number=8207, order_date=2026-04-20T13:17:10.952Z, files=[{id=bc54094e-ffde-454d-aa25-93dfa948cf59, checksum=15e377f79ece4daa09e0de17d9e51284681571c64c12bc7f7049b5deff68b707}]}
2026-04-20 13:12:19,378 INFO [TG_Test 1-8] o.a.j.p.j.s.J.Create payload: Payload={"data":{"order_type":"TRANSFER","order_number":"8207","order_date":"2026-04-20","files":[{"id":"bc54094e-ffde-454d-aa25-93dfa948cf59","checksum":"15e377f79ece4daa09e0de17d9e51284681571c64c12bc7f7049b5deff68b707"}],"birthday":"1978-07-23"}}
2026-04-20 13:12:19,390 INFO [TG_Test 1-38] o.a.j.m.J.JSR223 PreProcessor: === [XSRF SYNC] Оновлено токен із Cookie Manager: 294e22be-02bd-4b0e-8476-9c3398660dea
2026-04-20 13:12:19,447 INFO [TG_Test 1-79] o.a.j.t.JMeterThread: Thread started: TG_Test 1-79
2026-04-20 13:12:19,448 INFO [TG_Test 1-19] o.a.j.p.j.s.J.Create payload: formData={"id":"6a16b412-3ca1-11f1-beaf-0a580a80027a","taskDefinitionKey":"signPersonProfileActivity","name":"Підписати дані про освітній профіль","assignee":"perf-test-officer-19","created":"2026-04-20T10:12:19.247Z","description":null,"processInstanceId":"68201412-3ca1-11f1-beaf-0a580a80027a","rootProcessInstanceId":"68201412-3ca1-11f1-beaf-0a580a80027a","processDefinitionId":"b29a4815-3a3c-11f1-9c26-0a580a800265","processDefinitionName":"Процес для перевірки збереження декількох сутностей в рамках однієї транзакції - nested entity","formKey":"feature-form-add-signd","suspended":false,"formVariables":{},"signatureValidationPack":[],"data":{"first_name":"Ксенія","last_name":"Пендик","second_name":"Сергіївна","order_date":"2026-04-20","order_number":"9249","order_type":"DISMISSAL","birthday":"1992-08-04","file":[{"id":"50b76596-eeb7-45f0-a715-ab66ac50044b","checksum":"15e377f79ece4daa09e0de17d9e51284681571c64c12bc7f7049b5deff68b707"}]},"esign":true}
2026-04-20 13:12:19,448 INFO [TG_Test 1-19] o.a.j.p.j.s.J.Create payload: formData={first_name=Ксенія, last_name=Пендик, second_name=Сергіївна, order_date=2026-04-20, order_number=9249, order_type=DISMISSAL, birthday=1992-08-04, file=[{id=50b76596-eeb7-45f0-a715-ab66ac50044b, checksum=15e377f79ece4daa09e0de17d9e51284681571c64c12bc7f7049b5deff68b707}]}
2026-04-20 13:12:19,448 INFO [TG_Test 1-19] o.a.j.p.j.s.J.Create payload: Payload={"data":{"first_name":"\u041a\u0441\u0435\u043d\u0456\u044f","last_name":"\u041f\u0435\u043d\u0434\u0438\u043a","second_name":"\u0421\u0435\u0440\u0433\u0456\u0457\u0432\u043d\u0430","order_date":"2026-04-20","order_number":"9249","order_type":"DISMISSAL","birthday":"1992-08-04","file":[{"id":"50b76596-eeb7-45f0-a715-ab66ac50044b","checksum":"15e377f79ece4daa09e0de17d9e51284681571c64c12bc7f7049b5deff68b707"}]},"signature":"perf-test-officer-19.dat"}
2026-04-20 13:12:19,469 INFO [TG_Test 1-78] o.a.j.e.J.JSR223 PostProcessor: === [COOKIE MANAGER] XSRF-TOKEN додано успішно: 08240154-1eea-4933-9465-1e26e494607e
2026-04-20 13:12:19,473 INFO [TG_Test 1-79] o.a.j.e.J.JSR223 - Decode URI: Decoded Redirect URI: https://officer-portal-ck-198-main.apps.krrt-two.ncr.gov.ua/officer/home
vary: Origin
access-control-allow-credentials: true
set-cookie: 107c5fe8f03719f0a4aa22d4e168e5a7=41ffc97b422dde73deb0dd2acd77cc5d; path=/; HttpOnly; Secure; SameSite=None

2026-04-20 13:12:19,473 INFO [TG_Test 1-79] o.a.j.e.J.JSR223 - Decode URI: === Збережено куку балансувальника: 107c5fe8f03719f0a4aa22d4e168e5a7=41ffc97b422dde73deb0dd2acd77cc5d
2026-04-20 13:12:19,474 INFO [TG_Test 1-2] o.a.j.p.j.s.J.Create payload: formData={"id":"6a1ad2d4-3ca1-11f1-beaf-0a580a80027a","taskDefinitionKey":"Activity_11jqc4d","name":"переглянути дані та внести зміни","assignee":"perf-test-officer-2","created":"2026-04-20T10:12:19.274Z","description":null,"processInstanceId":"663c60ec-3ca1-11f1-beaf-0a580a80027a","rootProcessInstanceId":"663c60ec-3ca1-11f1-beaf-0a580a80027a","processDefinitionId":"b29a4815-3a3c-11f1-9c26-0a580a800265","processDefinitionName":"Процес для перевірки збереження декількох сутностей в рамках однієї транзакції - nested entity","formKey":"feature-form-add-thirdform","suspended":false,"formVariables":{},"signatureValidationPack":[],"data":{"order_type":"ENROLLMENT","order_number":"2467","order_date":"2026-04-20T13:17:10.952Z","files":[{"id":"2d18b4c3-ab83-411c-908d-b19c90c4bd69","checksum":"15e377f79ece4daa09e0de17d9e51284681571c64c12bc7f7049b5deff68b707"}]},"esign":false}
2026-04-20 13:12:19,474 INFO [TG_Test 1-2] o.a.j.p.j.s.J.Create payload: formData={order_type=ENROLLMENT, order_number=2467, order_date=2026-04-20T13:17:10.952Z, files=[{id=2d18b4c3-ab83-411c-908d-b19c90c4bd69, checksum=15e377f79ece4daa09e0de17d9e51284681571c64c12bc7f7049b5deff68b707}]}
2026-04-20 13:12:19,474 INFO [TG_Test 1-2] o.a.j.p.j.s.J.Create payload: Payload={"data":{"order_type":"ENROLLMENT","order_number":"2467","order_date":"2026-04-20","files":[{"id":"2d18b4c3-ab83-411c-908d-b19c90c4bd69","checksum":"15e377f79ece4daa09e0de17d9e51284681571c64c12bc7f7049b5deff68b707"}],"birthday":"1974-12-28"}}
2026-04-20 13:12:19,526 INFO [TG_Test 1-41] o.a.j.e.J.Set XSRF Token: === [COOKIE MANAGER] XSRF-TOKEN додано успішно: e9a9a4e4-3c2a-491b-961f-64246a28fc7c
2026-04-20 13:12:19,559 INFO [TG_Test 1-41] o.a.j.p.j.s.J.Create payload: Payload={"data":{"first_name":"\u0410\u043b\u044c\u0431\u0435\u0440\u0442","last_name":"\u0413\u043e\u0440\u043e\u0432\u0438\u0439","second_name":"\u041c\u0438\u043a\u043e\u043b\u0430\u0439\u043e\u0432\u0438\u0447","order_date":"2026-04-20","order_number":"3850","order_type":"DISMISSAL","birthday":"2008-03-24","file":[{"id":"d8a75859-0f2f-4752-9594-fd0c966cb351","checksum":"15e377f79ece4daa09e0de17d9e51284681571c64c12bc7f7049b5deff68b707"}]}}
2026-04-20 13:12:19,573 INFO [TG_Test 1-25] o.a.j.p.j.s.J.Create payload: formData={"id":"6a2ab16b-3ca1-11f1-beaf-0a580a80027a","taskDefinitionKey":"signPersonProfileActivity","name":"Підписати дані про освітній профіль","assignee":"perf-test-officer-25","created":"2026-04-20T10:12:19.378Z","description":null,"processInstanceId":"681b0bf5-3ca1-11f1-beaf-0a580a80027a","rootProcessInstanceId":"681b0bf5-3ca1-11f1-beaf-0a580a80027a","processDefinitionId":"b29a4815-3a3c-11f1-9c26-0a580a800265","processDefinitionName":"Процес для перевірки збереження декількох сутностей в рамках однієї транзакції - nested entity","formKey":"feature-form-add-signd","suspended":false,"formVariables":{},"signatureValidationPack":[],"data":{"first_name":"Микита","last_name":"Лахман","second_name":"Олексійович","order_date":"2026-04-20","order_number":"2434","order_type":"ENROLLMENT","birthday":"1972-08-18","file":[{"id":"46e7ebb6-de56-42c4-a2d7-436333e3dfd1","checksum":"15e377f79ece4daa09e0de17d9e51284681571c64c12bc7f7049b5deff68b707"}]},"esign":true}
2026-04-20 13:12:19,573 INFO [TG_Test 1-25] o.a.j.p.j.s.J.Create payload: formData={first_name=Микита, last_name=Лахман, second_name=Олексійович, order_date=2026-04-20, order_number=2434, order_type=ENROLLMENT, birthday=1972-08-18, file=[{id=46e7ebb6-de56-42c4-a2d7-436333e3dfd1, checksum=15e377f79ece4daa09e0de17d9e51284681571c64c12bc7f7049b5deff68b707}]}
2026-04-20 13:12:19,573 INFO [TG_Test 1-25] o.a.j.p.j.s.J.Create payload: Payload={"data":{"first_name":"\u041c\u0438\u043a\u0438\u0442\u0430","last_name":"\u041b\u0430\u0445\u043c\u0430\u043d","second_name":"\u041e\u043b\u0435\u043a\u0441\u0456\u0439\u043e\u0432\u0438\u0447","order_date":"2026-04-20","order_number":"2434","order_type":"ENROLLMENT","birthday":"1972-08-18","file":[{"id":"46e7ebb6-de56-42c4-a2d7-436333e3dfd1","checksum":"15e377f79ece4daa09e0de17d9e51284681571c64c12bc7f7049b5deff68b707"}]},"signature":"perf-test-officer-25.dat"}
2026-04-20 13:12:19,645 INFO [TG_Test 1-80] o.a.j.t.JMeterThread: Thread started: TG_Test 1-80
2026-04-20 13:12:19,648 INFO [TG_Test 1-1] o.a.j.p.j.s.J.Create payload: formData={"id":"6a3511d2-3ca1-11f1-beaf-0a580a80027a","taskDefinitionKey":"Activity_11jqc4d","name":"переглянути дані та внести зміни","assignee":"perf-test-officer-1","created":"2026-04-20T10:12:19.446Z","description":null,"processInstanceId":"65f0d8c8-3ca1-11f1-beaf-0a580a80027a","rootProcessInstanceId":"65f0d8c8-3ca1-11f1-beaf-0a580a80027a","processDefinitionId":"b29a4815-3a3c-11f1-9c26-0a580a800265","processDefinitionName":"Процес для перевірки збереження декількох сутностей в рамках однієї транзакції - nested entity","formKey":"feature-form-add-thirdform","suspended":false,"formVariables":{},"signatureValidationPack":[],"data":{"order_type":"TRANSFER","order_number":"6945","order_date":"2026-04-20T13:17:10.952Z","files":[{"id":"3d645ba4-0c8d-4ff9-8b11-ed061bd45cc3","checksum":"15e377f79ece4daa09e0de17d9e51284681571c64c12bc7f7049b5deff68b707"}]},"esign":false}
2026-04-20 13:12:19,648 INFO [TG_Test 1-1] o.a.j.p.j.s.J.Create payload: formData={order_type=TRANSFER, order_number=6945, order_date=2026-04-20T13:17:10.952Z, files=[{id=3d645ba4-0c8d-4ff9-8b11-ed061bd45cc3, checksum=15e377f79ece4daa09e0de17d9e51284681571c64c12bc7f7049b5deff68b707}]}
2026-04-20 13:12:19,648 INFO [TG_Test 1-1] o.a.j.p.j.s.J.Create payload: Payload={"data":{"order_type":"TRANSFER","order_number":"6945","order_date":"2026-04-20","files":[{"id":"3d645ba4-0c8d-4ff9-8b11-ed061bd45cc3","checksum":"15e377f79ece4daa09e0de17d9e51284681571c64c12bc7f7049b5deff68b707"}],"birthday":"1989-01-28"}}
2026-04-20 13:12:19,649 INFO [TG_Test 1-21] o.a.j.p.j.s.J.Create payload: formData={"id":"6a3a41f8-3ca1-11f1-beaf-0a580a80027a","taskDefinitionKey":"signPersonProfileActivity","name":"Підписати дані про освітній профіль","assignee":"perf-test-officer-21","created":"2026-04-20T10:12:19.480Z","description":null,"processInstanceId":"68480e8c-3ca1-11f1-beaf-0a580a80027a","rootProcessInstanceId":"68480e8c-3ca1-11f1-beaf-0a580a80027a","processDefinitionId":"b29a4815-3a3c-11f1-9c26-0a580a800265","processDefinitionName":"Процес для перевірки збереження декількох сутностей в рамках однієї транзакції - nested entity","formKey":"feature-form-add-signd","suspended":false,"formVariables":{},"signatureValidationPack":[],"data":{"first_name":"Божена","last_name":"Петришин","second_name":"Петрівна","order_date":"2026-04-20","order_number":"1666","order_type":"ENROLLMENT","birthday":"2003-10-06","file":[{"id":"1dd29494-6331-466e-a6ba-5afa0b5fa9cf","checksum":"15e377f79ece4daa09e0de17d9e51284681571c64c12bc7f7049b5deff68b707"}]},"esign":true}
2026-04-20 13:12:19,649 INFO [TG_Test 1-21] o.a.j.p.j.s.J.Create payload: formData={first_name=Божена, last_name=Петришин, second_name=Петрівна, order_date=2026-04-20, order_number=1666, order_type=ENROLLMENT, birthday=2003-10-06, file=[{id=1dd29494-6331-466e-a6ba-5afa0b5fa9cf, checksum=15e377f79ece4daa09e0de17d9e51284681571c64c12bc7f7049b5deff68b707}]}
2026-04-20 13:12:19,650 INFO [TG_Test 1-21] o.a.j.p.j.s.J.Create payload: Payload={"data":{"first_name":"\u0411\u043e\u0436\u0435\u043d\u0430","last_name":"\u041f\u0435\u0442\u0440\u0438\u0448\u0438\u043d","second_name":"\u041f\u0435\u0442\u0440\u0456\u0432\u043d\u0430","order_date":"2026-04-20","order_number":"1666","order_type":"ENROLLMENT","birthday":"2003-10-06","file":[{"id":"1dd29494-6331-466e-a6ba-5afa0b5fa9cf","checksum":"15e377f79ece4daa09e0de17d9e51284681571c64c12bc7f7049b5deff68b707"}]},"signature":"perf-test-officer-21.dat"}
2026-04-20 13:12:19,668 INFO [TG_Test 1-80] o.a.j.e.J.JSR223 - Decode URI: Decoded Redirect URI: https://officer-portal-ck-198-main.apps.krrt-two.ncr.gov.ua/officer/home
vary: Origin
access-control-allow-credentials: true
set-cookie: 107c5fe8f03719f0a4aa22d4e168e5a7=41ffc97b422dde73deb0dd2acd77cc5d; path=/; HttpOnly; Secure; SameSite=None

2026-04-20 13:12:19,668 INFO [TG_Test 1-80] o.a.j.e.J.JSR223 - Decode URI: === Збережено куку балансувальника: 107c5fe8f03719f0a4aa22d4e168e5a7=41ffc97b422dde73deb0dd2acd77cc5d
2026-04-20 13:12:19,682 INFO [TG_Test 1-79] o.a.j.e.J.JSR223 PostProcessor: === [COOKIE MANAGER] XSRF-TOKEN додано успішно: 05758315-ada9-4c70-b592-4f670b648fff
2026-04-20 13:12:19,701 INFO [TG_Test 1-40] o.a.j.e.J.Set XSRF Token: === [COOKIE MANAGER] XSRF-TOKEN додано успішно: 98a7a3f4-228a-496e-88fd-5d0f822f2fd4
2026-04-20 13:12:19,728 INFO [TG_Test 1-24] o.a.j.p.j.s.J.Create payload: formData={"id":"6a45658e-3ca1-11f1-beaf-0a580a80027a","taskDefinitionKey":"signPersonProfileActivity","name":"Підписати дані про освітній профіль","assignee":"perf-test-officer-24","created":"2026-04-20T10:12:19.553Z","description":null,"processInstanceId":"687c8c1f-3ca1-11f1-beaf-0a580a80027a","rootProcessInstanceId":"687c8c1f-3ca1-11f1-beaf-0a580a80027a","processDefinitionId":"b29a4815-3a3c-11f1-9c26-0a580a800265","processDefinitionName":"Процес для перевірки збереження декількох сутностей в рамках однієї транзакції - nested entity","formKey":"feature-form-add-signd","suspended":false,"formVariables":{},"signatureValidationPack":[],"data":{"first_name":"Соня","last_name":"Шевченко","second_name":"Олексіївна","order_date":"2026-04-20","order_number":"2677","order_type":"DISMISSAL","birthday":"1982-01-25","file":[{"id":"72fa82c3-c834-43c8-86f5-31696604bd98","checksum":"15e377f79ece4daa09e0de17d9e51284681571c64c12bc7f7049b5deff68b707"}]},"esign":true}
2026-04-20 13:12:19,728 INFO [TG_Test 1-24] o.a.j.p.j.s.J.Create payload: formData={first_name=Соня, last_name=Шевченко, second_name=Олексіївна, order_date=2026-04-20, order_number=2677, order_type=DISMISSAL, birthday=1982-01-25, file=[{id=72fa82c3-c834-43c8-86f5-31696604bd98, checksum=15e377f79ece4daa09e0de17d9e51284681571c64c12bc7f7049b5deff68b707}]}
2026-04-20 13:12:19,728 INFO [TG_Test 1-24] o.a.j.p.j.s.J.Create payload: Payload={"data":{"first_name":"\u0421\u043e\u043d\u044f","last_name":"\u0428\u0435\u0432\u0447\u0435\u043d\u043a\u043e","second_name":"\u041e\u043b\u0435\u043a\u0441\u0456\u0457\u0432\u043d\u0430","order_date":"2026-04-20","order_number":"2677","order_type":"DISMISSAL","birthday":"1982-01-25","file":[{"id":"72fa82c3-c834-43c8-86f5-31696604bd98","checksum":"15e377f79ece4daa09e0de17d9e51284681571c64c12bc7f7049b5deff68b707"}]},"signature":"perf-test-officer-24.dat"}
2026-04-20 13:12:19,739 INFO [TG_Test 1-40] o.a.j.p.j.s.J.Create payload: Payload={"data":{"first_name":"\u041a\u043e\u0440\u043d\u0456\u0439","last_name":"\u0412\u0435\u0440\u0435\u0434\u0443\u043d","second_name":"\u041e\u043b\u0435\u043a\u0441\u0456\u0439\u043e\u0432\u0438\u0447","order_date":"2026-04-20","order_number":"8658","order_type":"TRANSFER","birthday":"1970-01-29","file":[{"id":"b43f4801-9fdf-45de-be36-d089aa06395c","checksum":"15e377f79ece4daa09e0de17d9e51284681571c64c12bc7f7049b5deff68b707"}]}}
2026-04-20 13:12:19,769 INFO [TG_Test 1-38] o.a.j.e.J.Set XSRF Token: === [COOKIE MANAGER] XSRF-TOKEN додано успішно: 97895ed8-894b-495e-8950-e5787f10bdcc
2026-04-20 13:12:19,796 INFO [TG_Test 1-38] o.a.j.p.j.s.J.Create payload: Payload={"data":{"first_name":"\u042e\u0445\u0438\u043c","last_name":"\u041c\u0430\u0439\u0431\u043e\u0440\u043e\u0434\u0430","second_name":"\u0410\u043d\u0430\u0442\u043e\u043b\u0456\u0439\u043e\u0432\u0438\u0447","order_date":"2026-04-20","order_number":"2805","order_type":"TRANSFER","birthday":"1992-12-08","file":[{"id":"18aee200-df9a-477f-928e-cc64deb1b1cf","checksum":"15e377f79ece4daa09e0de17d9e51284681571c64c12bc7f7049b5deff68b707"}]}}
2026-04-20 13:12:19,844 INFO [TG_Test 1-81] o.a.j.t.JMeterThread: Thread started: TG_Test 1-81
2026-04-20 13:12:19,844 INFO [TG_Test 1-44] o.a.j.m.J.JSR223 PreProcessor: === [XSRF SYNC] Оновлено токен із Cookie Manager: a4bdbd55-8317-45bc-a924-6824f8986956
2026-04-20 13:12:19,859 INFO [TG_Test 1-80] o.a.j.e.J.JSR223 PostProcessor: === [COOKIE MANAGER] XSRF-TOKEN додано успішно: 9de8ac59-44a7-46dc-8a09-5eeebbde873e
2026-04-20 13:12:19,866 INFO [TG_Test 1-81] o.a.j.e.J.JSR223 - Decode URI: Decoded Redirect URI: https://officer-portal-ck-198-main.apps.krrt-two.ncr.gov.ua/officer/home
vary: Origin
access-control-allow-credentials: true
set-cookie: 107c5fe8f03719f0a4aa22d4e168e5a7=41ffc97b422dde73deb0dd2acd77cc5d; path=/; HttpOnly; Secure; SameSite=None

2026-04-20 13:12:19,866 INFO [TG_Test 1-81] o.a.j.e.J.JSR223 - Decode URI: === Збережено куку балансувальника: 107c5fe8f03719f0a4aa22d4e168e5a7=41ffc97b422dde73deb0dd2acd77cc5d
2026-04-20 13:12:19,887 INFO [TG_Test 1-10] o.a.j.p.j.s.J.Create payload: formData={"id":"6a5dcf9e-3ca1-11f1-beaf-0a580a80027a","taskDefinitionKey":"Activity_11jqc4d","name":"переглянути дані та внести зміни","assignee":"perf-test-officer-10","created":"2026-04-20T10:12:19.713Z","description":null,"processInstanceId":"66d62f13-3ca1-11f1-beaf-0a580a80027a","rootProcessInstanceId":"66d62f13-3ca1-11f1-beaf-0a580a80027a","processDefinitionId":"b29a4815-3a3c-11f1-9c26-0a580a800265","processDefinitionName":"Процес для перевірки збереження декількох сутностей в рамках однієї транзакції - nested entity","formKey":"feature-form-add-thirdform","suspended":false,"formVariables":{},"signatureValidationPack":[],"data":{"order_type":"ENROLLMENT","order_number":"1746","order_date":"2026-04-20T13:17:10.952Z","files":[{"id":"10817d46-3cfc-4210-94b3-f7d752a7e957","checksum":"15e377f79ece4daa09e0de17d9e51284681571c64c12bc7f7049b5deff68b707"}]},"esign":false}
2026-04-20 13:12:19,887 INFO [TG_Test 1-10] o.a.j.p.j.s.J.Create payload: formData={order_type=ENROLLMENT, order_number=1746, order_date=2026-04-20T13:17:10.952Z, files=[{id=10817d46-3cfc-4210-94b3-f7d752a7e957, checksum=15e377f79ece4daa09e0de17d9e51284681571c64c12bc7f7049b5deff68b707}]}
2026-04-20 13:12:19,887 INFO [TG_Test 1-10] o.a.j.p.j.s.J.Create payload: Payload={"data":{"order_type":"ENROLLMENT","order_number":"1746","order_date":"2026-04-20","files":[{"id":"10817d46-3cfc-4210-94b3-f7d752a7e957","checksum":"15e377f79ece4daa09e0de17d9e51284681571c64c12bc7f7049b5deff68b707"}],"birthday":"1999-09-07"}}
2026-04-20 13:12:20,044 INFO [TG_Test 1-82] o.a.j.t.JMeterThread: Thread started: TG_Test 1-82
2026-04-20 13:12:20,049 INFO [TG_Test 1-4] o.a.j.p.j.s.J.Create payload: formData={"id":"6a721b04-3ca1-11f1-beaf-0a580a80027a","taskDefinitionKey":"Activity_11jqc4d","name":"переглянути дані та внести зміни","assignee":"perf-test-officer-4","created":"2026-04-20T10:12:19.846Z","description":null,"processInstanceId":"66324ebf-3ca1-11f1-beaf-0a580a80027a","rootProcessInstanceId":"66324ebf-3ca1-11f1-beaf-0a580a80027a","processDefinitionId":"b29a4815-3a3c-11f1-9c26-0a580a800265","processDefinitionName":"Процес для перевірки збереження декількох сутностей в рамках однієї транзакції - nested entity","formKey":"feature-form-add-thirdform","suspended":false,"formVariables":{},"signatureValidationPack":[],"data":{"order_type":"ENROLLMENT","order_number":"2318","order_date":"2026-04-20T13:17:10.952Z","files":[{"id":"507f871f-4d41-4fee-b6c7-af6dd97884bf","checksum":"15e377f79ece4daa09e0de17d9e51284681571c64c12bc7f7049b5deff68b707"}]},"esign":false}
2026-04-20 13:12:20,050 INFO [TG_Test 1-4] o.a.j.p.j.s.J.Create payload: formData={order_type=ENROLLMENT, order_number=2318, order_date=2026-04-20T13:17:10.952Z, files=[{id=507f871f-4d41-4fee-b6c7-af6dd97884bf, checksum=15e377f79ece4daa09e0de17d9e51284681571c64c12bc7f7049b5deff68b707}]}
2026-04-20 13:12:20,050 INFO [TG_Test 1-4] o.a.j.p.j.s.J.Create payload: Payload={"data":{"order_type":"ENROLLMENT","order_number":"2318","order_date":"2026-04-20","files":[{"id":"507f871f-4d41-4fee-b6c7-af6dd97884bf","checksum":"15e377f79ece4daa09e0de17d9e51284681571c64c12bc7f7049b5deff68b707"}],"birthday":"1986-01-01"}}
2026-04-20 13:12:20,052 INFO [TG_Test 1-81] o.a.j.e.J.JSR223 PostProcessor: === [COOKIE MANAGER] XSRF-TOKEN додано успішно: c35bbf44-e0cd-4782-9d0f-c2e76a628052
2026-04-20 13:12:20,066 INFO [TG_Test 1-82] o.a.j.e.J.JSR223 - Decode URI: Decoded Redirect URI: https://officer-portal-ck-198-main.apps.krrt-two.ncr.gov.ua/officer/home
vary: Origin
access-control-allow-credentials: true
set-cookie: 107c5fe8f03719f0a4aa22d4e168e5a7=41ffc97b422dde73deb0dd2acd77cc5d; path=/; HttpOnly; Secure; SameSite=None

2026-04-20 13:12:20,066 INFO [TG_Test 1-82] o.a.j.e.J.JSR223 - Decode URI: === Збережено куку балансувальника: 107c5fe8f03719f0a4aa22d4e168e5a7=41ffc97b422dde73deb0dd2acd77cc5d
2026-04-20 13:12:20,128 INFO [TG_Test 1-23] o.a.j.p.j.s.J.Create payload: formData={"id":"6a830b12-3ca1-11f1-beaf-0a580a80027a","taskDefinitionKey":"signPersonProfileActivity","name":"Підписати дані про освітній профіль","assignee":"perf-test-officer-23","created":"2026-04-20T10:12:19.957Z","description":null,"processInstanceId":"687fe78c-3ca1-11f1-beaf-0a580a80027a","rootProcessInstanceId":"687fe78c-3ca1-11f1-beaf-0a580a80027a","processDefinitionId":"b29a4815-3a3c-11f1-9c26-0a580a800265","processDefinitionName":"Процес для перевірки збереження декількох сутностей в рамках однієї транзакції - nested entity","formKey":"feature-form-add-signd","suspended":false,"formVariables":{},"signatureValidationPack":[],"data":{"first_name":"В’ячеслав","last_name":"Семеночко","second_name":"Миколайович","order_date":"2026-04-20","order_number":"9932","order_type":"TRANSFER","birthday":"1991-02-09","file":[{"id":"9e1bb1e4-7020-4312-af9f-41094454e540","checksum":"15e377f79ece4daa09e0de17d9e51284681571c64c12bc7f7049b5deff68b707"}]},"esign":true}
2026-04-20 13:12:20,128 INFO [TG_Test 1-23] o.a.j.p.j.s.J.Create payload: formData={first_name=В’ячеслав, last_name=Семеночко, second_name=Миколайович, order_date=2026-04-20, order_number=9932, order_type=TRANSFER, birthday=1991-02-09, file=[{id=9e1bb1e4-7020-4312-af9f-41094454e540, checksum=15e377f79ece4daa09e0de17d9e51284681571c64c12bc7f7049b5deff68b707}]}
2026-04-20 13:12:20,128 INFO [TG_Test 1-23] o.a.j.p.j.s.J.Create payload: Payload={"data":{"first_name":"\u0412\u2019\u044f\u0447\u0435\u0441\u043b\u0430\u0432","last_name":"\u0421\u0435\u043c\u0435\u043d\u043e\u0447\u043a\u043e","second_name":"\u041c\u0438\u043a\u043e\u043b\u0430\u0439\u043e\u0432\u0438\u0447","order_date":"2026-04-20","order_number":"9932","order_type":"TRANSFER","birthday":"1991-02-09","file":[{"id":"9e1bb1e4-7020-4312-af9f-41094454e540","checksum":"15e377f79ece4daa09e0de17d9e51284681571c64c12bc7f7049b5deff68b707"}]},"signature":"perf-test-officer-23.dat"}
2026-04-20 13:12:20,226 INFO [TG_Test 1-43] o.a.j.m.J.JSR223 PreProcessor: === [XSRF SYNC] Оновлено токен із Cookie Manager: 7ace0b5d-b800-4c05-95ca-dc60857104dc
2026-04-20 13:12:20,234 INFO [TG_Test 1-44] o.a.j.e.J.Set XSRF Token: === [COOKIE MANAGER] XSRF-TOKEN додано успішно: 2e0c7aa0-b898-4c49-839f-b21eb10d975d
2026-04-20 13:12:20,245 INFO [TG_Test 1-83] o.a.j.t.JMeterThread: Thread started: TG_Test 1-83
2026-04-20 13:12:20,262 INFO [TG_Test 1-82] o.a.j.e.J.JSR223 PostProcessor: === [COOKIE MANAGER] XSRF-TOKEN додано успішно: 9ffffb03-3829-4275-ae35-8b380c44443b
2026-04-20 13:12:20,268 INFO [TG_Test 1-83] o.a.j.e.J.JSR223 - Decode URI: Decoded Redirect URI: https://officer-portal-ck-198-main.apps.krrt-two.ncr.gov.ua/officer/home
vary: Origin
access-control-allow-credentials: true
set-cookie: 107c5fe8f03719f0a4aa22d4e168e5a7=41ffc97b422dde73deb0dd2acd77cc5d; path=/; HttpOnly; Secure; SameSite=None

2026-04-20 13:12:20,268 INFO [TG_Test 1-83] o.a.j.e.J.JSR223 - Decode URI: === Збережено куку балансувальника: 107c5fe8f03719f0a4aa22d4e168e5a7=41ffc97b422dde73deb0dd2acd77cc5d
2026-04-20 13:12:20,271 INFO [TG_Test 1-44] o.a.j.p.j.s.J.Create payload: Payload={"data":{"first_name":"\u041c\u0456\u043b\u0430\u043d\u0430","last_name":"\u0422\u0430\u0440\u0430\u0441\u044e\u043a","second_name":"\u0406\u0432\u0430\u043d\u0456\u0432\u043d\u0430","order_date":"2026-04-20","order_number":"1528","order_type":"ENROLLMENT","birthday":"1976-08-27","file":[{"id":"cb1c0375-abf7-44b1-857a-bc771eb66c00","checksum":"15e377f79ece4daa09e0de17d9e51284681571c64c12bc7f7049b5deff68b707"}]}}
2026-04-20 13:12:20,293 INFO [TG_Test 1-12] o.a.j.p.j.s.J.Create payload: formData={"id":"6a955aaf-3ca1-11f1-beaf-0a580a80027a","taskDefinitionKey":"Activity_11jqc4d","name":"переглянути дані та внести зміни","assignee":"perf-test-officer-12","created":"2026-04-20T10:12:20.077Z","description":null,"processInstanceId":"671ed0ed-3ca1-11f1-beaf-0a580a80027a","rootProcessInstanceId":"671ed0ed-3ca1-11f1-beaf-0a580a80027a","processDefinitionId":"b29a4815-3a3c-11f1-9c26-0a580a800265","processDefinitionName":"Процес для перевірки збереження декількох сутностей в рамках однієї транзакції - nested entity","formKey":"feature-form-add-thirdform","suspended":false,"formVariables":{},"signatureValidationPack":[],"data":{"order_type":"TRANSFER","order_number":"7543","order_date":"2026-04-20T13:17:10.952Z","files":[{"id":"bc7d2d40-b968-4285-8bb4-d32187f04a53","checksum":"15e377f79ece4daa09e0de17d9e51284681571c64c12bc7f7049b5deff68b707"}]},"esign":false}
2026-04-20 13:12:20,293 INFO [TG_Test 1-12] o.a.j.p.j.s.J.Create payload: formData={order_type=TRANSFER, order_number=7543, order_date=2026-04-20T13:17:10.952Z, files=[{id=bc7d2d40-b968-4285-8bb4-d32187f04a53, checksum=15e377f79ece4daa09e0de17d9e51284681571c64c12bc7f7049b5deff68b707}]}
2026-04-20 13:12:20,293 INFO [TG_Test 1-12] o.a.j.p.j.s.J.Create payload: Payload={"data":{"order_type":"TRANSFER","order_number":"7543","order_date":"2026-04-20","files":[{"id":"bc7d2d40-b968-4285-8bb4-d32187f04a53","checksum":"15e377f79ece4daa09e0de17d9e51284681571c64c12bc7f7049b5deff68b707"}],"birthday":"1990-04-16"}}
2026-04-20 13:12:20,295 INFO [TG_Test 1-47] o.a.j.m.J.JSR223 PreProcessor: === [XSRF SYNC] Оновлено токен із Cookie Manager: 943bac28-4c48-4756-befb-cb6a5b388dd9
2026-04-20 13:12:20,320 INFO [TG_Test 1-42] o.a.j.m.J.JSR223 PreProcessor: === [XSRF SYNC] Оновлено токен із Cookie Manager: 5b936853-0984-4084-b961-44d83111ee31
2026-04-20 13:12:20,416 INFO [TG_Test 1-45] o.a.j.m.J.JSR223 PreProcessor: === [XSRF SYNC] Оновлено токен із Cookie Manager: cca7d00d-30ab-4b89-8ac1-23d559ad9568
2026-04-20 13:12:20,445 INFO [TG_Test 1-84] o.a.j.t.JMeterThread: Thread started: TG_Test 1-84
2026-04-20 13:12:20,471 INFO [TG_Test 1-84] o.a.j.e.J.JSR223 - Decode URI: Decoded Redirect URI: https://officer-portal-ck-198-main.apps.krrt-two.ncr.gov.ua/officer/home
vary: Origin
access-control-allow-credentials: true
set-cookie: 107c5fe8f03719f0a4aa22d4e168e5a7=41ffc97b422dde73deb0dd2acd77cc5d; path=/; HttpOnly; Secure; SameSite=None

2026-04-20 13:12:20,471 INFO [TG_Test 1-84] o.a.j.e.J.JSR223 - Decode URI: === Збережено куку балансувальника: 107c5fe8f03719f0a4aa22d4e168e5a7=41ffc97b422dde73deb0dd2acd77cc5d
2026-04-20 13:12:20,473 INFO [TG_Test 1-83] o.a.j.e.J.JSR223 PostProcessor: === [COOKIE MANAGER] XSRF-TOKEN додано успішно: 58162823-e1d9-4a09-9924-37ec5597a93b
2026-04-20 13:12:20,568 INFO [TG_Test 1-14] o.a.j.p.j.s.J.Create payload: formData={"id":"6ac23662-3ca1-11f1-beaf-0a580a80027a","taskDefinitionKey":"Activity_11jqc4d","name":"переглянути дані та внести зміни","assignee":"perf-test-officer-14","created":"2026-04-20T10:12:20.371Z","description":null,"processInstanceId":"6703ced0-3ca1-11f1-beaf-0a580a80027a","rootProcessInstanceId":"6703ced0-3ca1-11f1-beaf-0a580a80027a","processDefinitionId":"b29a4815-3a3c-11f1-9c26-0a580a800265","processDefinitionName":"Процес для перевірки збереження декількох сутностей в рамках однієї транзакції - nested entity","formKey":"feature-form-add-thirdform","suspended":false,"formVariables":{},"signatureValidationPack":[],"data":{"order_type":"ENROLLMENT","order_number":"8445","order_date":"2026-04-20T13:17:10.952Z","files":[{"id":"1c796716-aec0-42bf-ba55-401622dbdd87","checksum":"15e377f79ece4daa09e0de17d9e51284681571c64c12bc7f7049b5deff68b707"}]},"esign":false}
2026-04-20 13:12:20,568 INFO [TG_Test 1-14] o.a.j.p.j.s.J.Create payload: formData={order_type=ENROLLMENT, order_number=8445, order_date=2026-04-20T13:17:10.952Z, files=[{id=1c796716-aec0-42bf-ba55-401622dbdd87, checksum=15e377f79ece4daa09e0de17d9e51284681571c64c12bc7f7049b5deff68b707}]}
2026-04-20 13:12:20,568 INFO [TG_Test 1-14] o.a.j.p.j.s.J.Create payload: Payload={"data":{"order_type":"ENROLLMENT","order_number":"8445","order_date":"2026-04-20","files":[{"id":"1c796716-aec0-42bf-ba55-401622dbdd87","checksum":"15e377f79ece4daa09e0de17d9e51284681571c64c12bc7f7049b5deff68b707"}],"birthday":"1996-12-13"}}
2026-04-20 13:12:20,612 INFO [TG_Test 1-43] o.a.j.e.J.Set XSRF Token: === [COOKIE MANAGER] XSRF-TOKEN додано успішно: 874b2eba-47e2-42cf-934d-414e35d641b6
2026-04-20 13:12:20,642 INFO [TG_Test 1-33] o.a.j.p.j.s.J.Create payload: formData={"id":"6ace6b70-3ca1-11f1-beaf-0a580a80027a","taskDefinitionKey":"signPersonProfileActivity","name":"Підписати дані про освітній профіль","assignee":"perf-test-officer-33","created":"2026-04-20T10:12:20.451Z","description":null,"processInstanceId":"6910b628-3ca1-11f1-beaf-0a580a80027a","rootProcessInstanceId":"6910b628-3ca1-11f1-beaf-0a580a80027a","processDefinitionId":"b29a4815-3a3c-11f1-9c26-0a580a800265","processDefinitionName":"Процес для перевірки збереження декількох сутностей в рамках однієї транзакції - nested entity","formKey":"feature-form-add-signd","suspended":false,"formVariables":{},"signatureValidationPack":[],"data":{"first_name":"Подолян","last_name":"Корнїйчук","second_name":"Іванович","order_date":"2026-04-20","order_number":"7538","order_type":"TRANSFER","birthday":"2004-01-16","file":[{"id":"abdcbd73-2933-4977-92a1-e48ffe05be7a","checksum":"15e377f79ece4daa09e0de17d9e51284681571c64c12bc7f7049b5deff68b707"}]},"esign":true}
2026-04-20 13:12:20,642 INFO [TG_Test 1-33] o.a.j.p.j.s.J.Create payload: formData={first_name=Подолян, last_name=Корнїйчук, second_name=Іванович, order_date=2026-04-20, order_number=7538, order_type=TRANSFER, birthday=2004-01-16, file=[{id=abdcbd73-2933-4977-92a1-e48ffe05be7a, checksum=15e377f79ece4daa09e0de17d9e51284681571c64c12bc7f7049b5deff68b707}]}
2026-04-20 13:12:20,642 INFO [TG_Test 1-33] o.a.j.p.j.s.J.Create payload: Payload={"data":{"first_name":"\u041f\u043e\u0434\u043e\u043b\u044f\u043d","last_name":"\u041a\u043e\u0440\u043d\u0457\u0439\u0447\u0443\u043a","second_name":"\u0406\u0432\u0430\u043d\u043e\u0432\u0438\u0447","order_date":"2026-04-20","order_number":"7538","order_type":"TRANSFER","birthday":"2004-01-16","file":[{"id":"abdcbd73-2933-4977-92a1-e48ffe05be7a","checksum":"15e377f79ece4daa09e0de17d9e51284681571c64c12bc7f7049b5deff68b707"}]},"signature":"perf-test-officer-33.dat"}
2026-04-20 13:12:20,644 INFO [TG_Test 1-85] o.a.j.t.JMeterThread: Thread started: TG_Test 1-85
2026-04-20 13:12:20,648 INFO [TG_Test 1-43] o.a.j.p.j.s.J.Create payload: Payload={"data":{"first_name":"\u0410\u0433\u0440\u0438\u043f\u0438\u043d\u0430","last_name":"\u041c\u043e\u0442\u0440\u0456\u0454\u043d\u043a\u043e","second_name":"\u0410\u043d\u0430\u0442\u043e\u043b\u0456\u0457\u0432\u043d\u0430","order_date":"2026-04-20","order_number":"6595","order_type":"TRANSFER","birthday":"2005-01-19","file":[{"id":"185ad1a6-91de-407a-977b-79e7ca6ddfa0","checksum":"15e377f79ece4daa09e0de17d9e51284681571c64c12bc7f7049b5deff68b707"}]}}
2026-04-20 13:12:20,655 INFO [TG_Test 1-84] o.a.j.e.J.JSR223 PostProcessor: === [COOKIE MANAGER] XSRF-TOKEN додано успішно: 9b079a93-d89d-4367-a4d3-71dc9d3f48a2
2026-04-20 13:12:20,668 INFO [TG_Test 1-85] o.a.j.e.J.JSR223 - Decode URI: Decoded Redirect URI: https://officer-portal-ck-198-main.apps.krrt-two.ncr.gov.ua/officer/home
vary: Origin
access-control-allow-credentials: true
set-cookie: 107c5fe8f03719f0a4aa22d4e168e5a7=41ffc97b422dde73deb0dd2acd77cc5d; path=/; HttpOnly; Secure; SameSite=None

2026-04-20 13:12:20,668 INFO [TG_Test 1-85] o.a.j.e.J.JSR223 - Decode URI: === Збережено куку балансувальника: 107c5fe8f03719f0a4aa22d4e168e5a7=41ffc97b422dde73deb0dd2acd77cc5d
2026-04-20 13:12:20,677 INFO [TG_Test 1-28] o.a.j.p.j.s.J.Create payload: formData={"id":"6ad48609-3ca1-11f1-beaf-0a580a80027a","taskDefinitionKey":"signPersonProfileActivity","name":"Підписати дані про освітній профіль","assignee":"perf-test-officer-28","created":"2026-04-20T10:12:20.491Z","description":null,"processInstanceId":"6903bdc5-3ca1-11f1-beaf-0a580a80027a","rootProcessInstanceId":"6903bdc5-3ca1-11f1-beaf-0a580a80027a","processDefinitionId":"b29a4815-3a3c-11f1-9c26-0a580a800265","processDefinitionName":"Процес для перевірки збереження декількох сутностей в рамках однієї транзакції - nested entity","formKey":"feature-form-add-signd","suspended":false,"formVariables":{},"signatureValidationPack":[],"data":{"first_name":"Ликера","last_name":"Вередун","second_name":"Олексіївна","order_date":"2026-04-20","order_number":"8461","order_type":"TRANSFER","birthday":"1972-07-23","file":[{"id":"26e04146-02b0-499d-b156-e72a8513a56a","checksum":"15e377f79ece4daa09e0de17d9e51284681571c64c12bc7f7049b5deff68b707"}]},"esign":true}
2026-04-20 13:12:20,677 INFO [TG_Test 1-28] o.a.j.p.j.s.J.Create payload: formData={first_name=Ликера, last_name=Вередун, second_name=Олексіївна, order_date=2026-04-20, order_number=8461, order_type=TRANSFER, birthday=1972-07-23, file=[{id=26e04146-02b0-499d-b156-e72a8513a56a, checksum=15e377f79ece4daa09e0de17d9e51284681571c64c12bc7f7049b5deff68b707}]}
2026-04-20 13:12:20,677 INFO [TG_Test 1-28] o.a.j.p.j.s.J.Create payload: Payload={"data":{"first_name":"\u041b\u0438\u043a\u0435\u0440\u0430","last_name":"\u0412\u0435\u0440\u0435\u0434\u0443\u043d","second_name":"\u041e\u043b\u0435\u043a\u0441\u0456\u0457\u0432\u043d\u0430","order_date":"2026-04-20","order_number":"8461","order_type":"TRANSFER","birthday":"1972-07-23","file":[{"id":"26e04146-02b0-499d-b156-e72a8513a56a","checksum":"15e377f79ece4daa09e0de17d9e51284681571c64c12bc7f7049b5deff68b707"}]},"signature":"perf-test-officer-28.dat"}
2026-04-20 13:12:20,698 INFO [TG_Test 1-47] o.a.j.e.J.Set XSRF Token: === [COOKIE MANAGER] XSRF-TOKEN додано успішно: bce98eb9-2bb5-497a-8149-3312d6e4361d
2026-04-20 13:12:20,728 INFO [TG_Test 1-47] o.a.j.p.j.s.J.Create payload: Payload={"data":{"first_name":"\u0421\u043b\u0430\u0432\u043e\u043b\u044e\u0431","last_name":"\u041f\u043e\u043b\u0456\u0449\u0443\u043a","second_name":"\u0410\u043d\u0430\u0442\u043e\u043b\u0456\u0439\u043e\u0432\u0438\u0447","order_date":"2026-04-20","order_number":"3676","order_type":"DISMISSAL","birthday":"1986-07-24","file":[{"id":"29d6eb75-eb2c-4a46-982e-aae63f4a0a49","checksum":"15e377f79ece4daa09e0de17d9e51284681571c64c12bc7f7049b5deff68b707"}]}}
2026-04-20 13:12:20,737 INFO [TG_Test 1-42] o.a.j.e.J.Set XSRF Token: === [COOKIE MANAGER] XSRF-TOKEN додано успішно: 1c906b49-64ef-44cc-9f65-62acafebdab3
2026-04-20 13:12:20,778 INFO [TG_Test 1-42] o.a.j.p.j.s.J.Create payload: Payload={"data":{"first_name":"\u041c\u0430\u0440\u043a\u0456\u044f\u043d","last_name":"\u0423\u043d\u0438\u0447","second_name":"\u041e\u043b\u0435\u043a\u0441\u0430\u043d\u0434\u0440\u043e\u0432\u0438\u0447","order_date":"2026-04-20","order_number":"4595","order_type":"TRANSFER","birthday":"2005-03-07","file":[{"id":"1888aecb-4526-46fe-9f86-33f4eca31e03","checksum":"15e377f79ece4daa09e0de17d9e51284681571c64c12bc7f7049b5deff68b707"}]}}
2026-04-20 13:12:20,791 INFO [TG_Test 1-45] o.a.j.e.J.Set XSRF Token: === [COOKIE MANAGER] XSRF-TOKEN додано успішно: 47278a0f-8129-492c-a5d7-bfad0e11dd4c
2026-04-20 13:12:20,816 INFO [TG_Test 1-46] o.a.j.m.J.JSR223 PreProcessor: === [XSRF SYNC] Оновлено токен із Cookie Manager: d918fc45-50ef-49b6-9233-f09a2d48978d
2026-04-20 13:12:20,826 INFO [TG_Test 1-45] o.a.j.p.j.s.J.Create payload: Payload={"data":{"first_name":"\u0413\u0440\u0430\u0434\u0438\u043c\u0438\u0440","last_name":"\u0413\u0430\u043b\u0430\u0442\u0435\u0439","second_name":"\u0412\u0430\u0441\u0438\u043b\u044c\u043e\u0432\u0438\u0447","order_date":"2026-04-20","order_number":"6434","order_type":"TRANSFER","birthday":"1975-04-03","file":[{"id":"e8e313fb-df15-4c5f-8c6e-5e2c6c2d7c8c","checksum":"15e377f79ece4daa09e0de17d9e51284681571c64c12bc7f7049b5deff68b707"}]}}
2026-04-20 13:12:20,844 INFO [TG_Test 1-86] o.a.j.t.JMeterThread: Thread started: TG_Test 1-86
2026-04-20 13:12:20,854 INFO [TG_Test 1-85] o.a.j.e.J.JSR223 PostProcessor: === [COOKIE MANAGER] XSRF-TOKEN додано успішно: ffa8fdc7-7b6d-4c87-afa4-eb4a5a04bdec
2026-04-20 13:12:20,867 INFO [TG_Test 1-86] o.a.j.e.J.JSR223 - Decode URI: Decoded Redirect URI: https://officer-portal-ck-198-main.apps.krrt-two.ncr.gov.ua/officer/home
vary: Origin
access-control-allow-credentials: true
set-cookie: 107c5fe8f03719f0a4aa22d4e168e5a7=41ffc97b422dde73deb0dd2acd77cc5d; path=/; HttpOnly; Secure; SameSite=None

2026-04-20 13:12:20,867 INFO [TG_Test 1-86] o.a.j.e.J.JSR223 - Decode URI: === Збережено куку балансувальника: 107c5fe8f03719f0a4aa22d4e168e5a7=41ffc97b422dde73deb0dd2acd77cc5d
2026-04-20 13:12:20,980 INFO [TG_Test 1-16] o.a.j.p.j.s.J.Create payload: formData={"id":"6b01146f-3ca1-11f1-beaf-0a580a80027a","taskDefinitionKey":"Activity_11jqc4d","name":"переглянути дані та внести зміни","assignee":"perf-test-officer-16","created":"2026-04-20T10:12:20.783Z","description":null,"processInstanceId":"67783be7-3ca1-11f1-beaf-0a580a80027a","rootProcessInstanceId":"67783be7-3ca1-11f1-beaf-0a580a80027a","processDefinitionId":"b29a4815-3a3c-11f1-9c26-0a580a800265","processDefinitionName":"Процес для перевірки збереження декількох сутностей в рамках однієї транзакції - nested entity","formKey":"feature-form-add-thirdform","suspended":false,"formVariables":{},"signatureValidationPack":[],"data":{"order_type":"TRANSFER","order_number":"1639","order_date":"2026-04-20T13:17:10.952Z","files":[{"id":"9712c924-044d-45a2-86d3-ae3092d1d55b","checksum":"15e377f79ece4daa09e0de17d9e51284681571c64c12bc7f7049b5deff68b707"}]},"esign":false}
2026-04-20 13:12:20,980 INFO [TG_Test 1-16] o.a.j.p.j.s.J.Create payload: formData={order_type=TRANSFER, order_number=1639, order_date=2026-04-20T13:17:10.952Z, files=[{id=9712c924-044d-45a2-86d3-ae3092d1d55b, checksum=15e377f79ece4daa09e0de17d9e51284681571c64c12bc7f7049b5deff68b707}]}
2026-04-20 13:12:20,980 INFO [TG_Test 1-16] o.a.j.p.j.s.J.Create payload: Payload={"data":{"order_type":"TRANSFER","order_number":"1639","order_date":"2026-04-20","files":[{"id":"9712c924-044d-45a2-86d3-ae3092d1d55b","checksum":"15e377f79ece4daa09e0de17d9e51284681571c64c12bc7f7049b5deff68b707"}],"birthday":"1977-11-17"}}
2026-04-20 13:12:21,045 INFO [TG_Test 1-32] o.a.j.p.j.s.J.Create payload: formData={"id":"6b0bc2d5-3ca1-11f1-beaf-0a580a80027a","taskDefinitionKey":"signPersonProfileActivity","name":"Підписати дані про освітній профіль","assignee":"perf-test-officer-32","created":"2026-04-20T10:12:20.853Z","description":null,"processInstanceId":"69413c3e-3ca1-11f1-beaf-0a580a80027a","rootProcessInstanceId":"69413c3e-3ca1-11f1-beaf-0a580a80027a","processDefinitionId":"b29a4815-3a3c-11f1-9c26-0a580a800265","processDefinitionName":"Процес для перевірки збереження декількох сутностей в рамках однієї транзакції - nested entity","formKey":"feature-form-add-signd","suspended":false,"formVariables":{},"signatureValidationPack":[],"data":{"first_name":"Феодосія","last_name":"Сідляк","second_name":"Іванівна","order_date":"2026-04-20","order_number":"9648","order_type":"TRANSFER","birthday":"1973-02-14","file":[{"id":"45dd7f4b-6764-4588-8a29-789ea16f6da1","checksum":"15e377f79ece4daa09e0de17d9e51284681571c64c12bc7f7049b5deff68b707"}]},"esign":true}
2026-04-20 13:12:21,045 INFO [TG_Test 1-32] o.a.j.p.j.s.J.Create payload: formData={first_name=Феодосія, last_name=Сідляк, second_name=Іванівна, order_date=2026-04-20, order_number=9648, order_type=TRANSFER, birthday=1973-02-14, file=[{id=45dd7f4b-6764-4588-8a29-789ea16f6da1, checksum=15e377f79ece4daa09e0de17d9e51284681571c64c12bc7f7049b5deff68b707}]}
2026-04-20 13:12:21,045 INFO [TG_Test 1-32] o.a.j.p.j.s.J.Create payload: Payload={"data":{"first_name":"\u0424\u0435\u043e\u0434\u043e\u0441\u0456\u044f","last_name":"\u0421\u0456\u0434\u043b\u044f\u043a","second_name":"\u0406\u0432\u0430\u043d\u0456\u0432\u043d\u0430","order_date":"2026-04-20","order_number":"9648","order_type":"TRANSFER","birthday":"1973-02-14","file":[{"id":"45dd7f4b-6764-4588-8a29-789ea16f6da1","checksum":"15e377f79ece4daa09e0de17d9e51284681571c64c12bc7f7049b5deff68b707"}]},"signature":"perf-test-officer-32.dat"}
2026-04-20 13:12:21,045 INFO [TG_Test 1-87] o.a.j.t.JMeterThread: Thread started: TG_Test 1-87
2026-04-20 13:12:21,066 INFO [TG_Test 1-87] o.a.j.e.J.JSR223 - Decode URI: Decoded Redirect URI: https://officer-portal-ck-198-main.apps.krrt-two.ncr.gov.ua/officer/home
vary: Origin
access-control-allow-credentials: true
set-cookie: 107c5fe8f03719f0a4aa22d4e168e5a7=41ffc97b422dde73deb0dd2acd77cc5d; path=/; HttpOnly; Secure; SameSite=None

2026-04-20 13:12:21,066 INFO [TG_Test 1-87] o.a.j.e.J.JSR223 - Decode URI: === Збережено куку балансувальника: 107c5fe8f03719f0a4aa22d4e168e5a7=41ffc97b422dde73deb0dd2acd77cc5d
2026-04-20 13:12:21,067 INFO [TG_Test 1-86] o.a.j.e.J.JSR223 PostProcessor: === [COOKIE MANAGER] XSRF-TOKEN додано успішно: b29b5646-21dd-4f7e-905e-9500eddbfa26
2026-04-20 13:12:21,079 INFO [TG_Test 1-18] o.a.j.p.j.s.J.Create payload: formData={"id":"6b1315ee-3ca1-11f1-beaf-0a580a80027a","taskDefinitionKey":"Activity_11jqc4d","name":"переглянути дані та внести зміни","assignee":"perf-test-officer-18","created":"2026-04-20T10:12:20.901Z","description":null,"processInstanceId":"67487931-3ca1-11f1-beaf-0a580a80027a","rootProcessInstanceId":"67487931-3ca1-11f1-beaf-0a580a80027a","processDefinitionId":"b29a4815-3a3c-11f1-9c26-0a580a800265","processDefinitionName":"Процес для перевірки збереження декількох сутностей в рамках однієї транзакції - nested entity","formKey":"feature-form-add-thirdform","suspended":false,"formVariables":{},"signatureValidationPack":[],"data":{"order_type":"TRANSFER","order_number":"7932","order_date":"2026-04-20T13:17:10.952Z","files":[{"id":"5cf0e023-38f0-4345-b6d3-648c0daf5725","checksum":"15e377f79ece4daa09e0de17d9e51284681571c64c12bc7f7049b5deff68b707"}]},"esign":false}
2026-04-20 13:12:21,079 INFO [TG_Test 1-18] o.a.j.p.j.s.J.Create payload: formData={order_type=TRANSFER, order_number=7932, order_date=2026-04-20T13:17:10.952Z, files=[{id=5cf0e023-38f0-4345-b6d3-648c0daf5725, checksum=15e377f79ece4daa09e0de17d9e51284681571c64c12bc7f7049b5deff68b707}]}
2026-04-20 13:12:21,079 INFO [TG_Test 1-18] o.a.j.p.j.s.J.Create payload: Payload={"data":{"order_type":"TRANSFER","order_number":"7932","order_date":"2026-04-20","files":[{"id":"5cf0e023-38f0-4345-b6d3-648c0daf5725","checksum":"15e377f79ece4daa09e0de17d9e51284681571c64c12bc7f7049b5deff68b707"}],"birthday":"1969-05-28"}}
2026-04-20 13:12:21,168 INFO [TG_Test 1-3] o.a.j.p.j.s.J.Create payload: formData={"id":"6b1f23e8-3ca1-11f1-beaf-0a580a80027a","taskDefinitionKey":"signDataActivity","name":"Підписати дані про освітній профіль","assignee":"perf-test-officer-3","created":"2026-04-20T10:12:20.980Z","description":null,"processInstanceId":"65e1485b-3ca1-11f1-beaf-0a580a80027a","rootProcessInstanceId":"65e1485b-3ca1-11f1-beaf-0a580a80027a","processDefinitionId":"b29a4815-3a3c-11f1-9c26-0a580a800265","processDefinitionName":"Процес для перевірки збереження декількох сутностей в рамках однієї транзакції - nested entity","formKey":"feature-form-add-fourth","suspended":false,"formVariables":{},"signatureValidationPack":[],"data":{"order_type":"TRANSFER","order_number":"5062","order_date":"2026-04-20","files":[{"id":"cbbef129-d48a-42e1-aa47-fec5f5cccebc","checksum":"15e377f79ece4daa09e0de17d9e51284681571c64c12bc7f7049b5deff68b707"}],"birthday":"1998-08-27"},"esign":true}
2026-04-20 13:12:21,168 INFO [TG_Test 1-3] o.a.j.p.j.s.J.Create payload: formData={order_type=TRANSFER, order_number=5062, order_date=2026-04-20, files=[{id=cbbef129-d48a-42e1-aa47-fec5f5cccebc, checksum=15e377f79ece4daa09e0de17d9e51284681571c64c12bc7f7049b5deff68b707}], birthday=1998-08-27}
2026-04-20 13:12:21,169 INFO [TG_Test 1-3] o.a.j.p.j.s.J.Create payload: Payload={"data":{"order_type":"TRANSFER","order_number":"5062","order_date":"2026-04-20","files":[{"id":"cbbef129-d48a-42e1-aa47-fec5f5cccebc","checksum":"15e377f79ece4daa09e0de17d9e51284681571c64c12bc7f7049b5deff68b707"}],"birthday":"1998-08-27"},"signature":"perf-test-officer-3.dat"}
2026-04-20 13:12:21,226 INFO [TG_Test 1-39] o.a.j.p.j.s.J.Create payload: formData={"id":"6b2872d1-3ca1-11f1-beaf-0a580a80027a","taskDefinitionKey":"signPersonProfileActivity","name":"Підписати дані про освітній профіль","assignee":"perf-test-officer-39","created":"2026-04-20T10:12:21.041Z","description":null,"processInstanceId":"69740c42-3ca1-11f1-beaf-0a580a80027a","rootProcessInstanceId":"69740c42-3ca1-11f1-beaf-0a580a80027a","processDefinitionId":"b29a4815-3a3c-11f1-9c26-0a580a800265","processDefinitionName":"Процес для перевірки збереження декількох сутностей в рамках однієї транзакції - nested entity","formKey":"feature-form-add-signd","suspended":false,"formVariables":{},"signatureValidationPack":[],"data":{"first_name":"Добромисла","last_name":"Юрчишин","second_name":"Анатоліївна","order_date":"2026-04-20","order_number":"6293","order_type":"TRANSFER","birthday":"1976-10-20","file":[{"id":"17de250d-c66d-41ba-8378-640ae607c85d","checksum":"15e377f79ece4daa09e0de17d9e51284681571c64c12bc7f7049b5deff68b707"}]},"esign":true}
2026-04-20 13:12:21,226 INFO [TG_Test 1-39] o.a.j.p.j.s.J.Create payload: formData={first_name=Добромисла, last_name=Юрчишин, second_name=Анатоліївна, order_date=2026-04-20, order_number=6293, order_type=TRANSFER, birthday=1976-10-20, file=[{id=17de250d-c66d-41ba-8378-640ae607c85d, checksum=15e377f79ece4daa09e0de17d9e51284681571c64c12bc7f7049b5deff68b707}]}
2026-04-20 13:12:21,226 INFO [TG_Test 1-39] o.a.j.p.j.s.J.Create payload: Payload={"data":{"first_name":"\u0414\u043e\u0431\u0440\u043e\u043c\u0438\u0441\u043b\u0430","last_name":"\u042e\u0440\u0447\u0438\u0448\u0438\u043d","second_name":"\u0410\u043d\u0430\u0442\u043e\u043b\u0456\u0457\u0432\u043d\u0430","order_date":"2026-04-20","order_number":"6293","order_type":"TRANSFER","birthday":"1976-10-20","file":[{"id":"17de250d-c66d-41ba-8378-640ae607c85d","checksum":"15e377f79ece4daa09e0de17d9e51284681571c64c12bc7f7049b5deff68b707"}]},"signature":"perf-test-officer-39.dat"}
2026-04-20 13:12:21,227 INFO [TG_Test 1-17] o.a.j.p.j.s.J.Create payload: formData={"id":"6b2872d0-3ca1-11f1-beaf-0a580a80027a","taskDefinitionKey":"Activity_11jqc4d","name":"переглянути дані та внести зміни","assignee":"perf-test-officer-17","created":"2026-04-20T10:12:21.041Z","description":null,"processInstanceId":"6746cb74-3ca1-11f1-beaf-0a580a80027a","rootProcessInstanceId":"6746cb74-3ca1-11f1-beaf-0a580a80027a","processDefinitionId":"b29a4815-3a3c-11f1-9c26-0a580a800265","processDefinitionName":"Процес для перевірки збереження декількох сутностей в рамках однієї транзакції - nested entity","formKey":"feature-form-add-thirdform","suspended":false,"formVariables":{},"signatureValidationPack":[],"data":{"order_type":"ENROLLMENT","order_number":"4946","order_date":"2026-04-20T13:17:10.952Z","files":[{"id":"fe75c67a-c2cf-404e-a331-0979aa2367b9","checksum":"15e377f79ece4daa09e0de17d9e51284681571c64c12bc7f7049b5deff68b707"}]},"esign":false}
2026-04-20 13:12:21,227 INFO [TG_Test 1-17] o.a.j.p.j.s.J.Create payload: formData={order_type=ENROLLMENT, order_number=4946, order_date=2026-04-20T13:17:10.952Z, files=[{id=fe75c67a-c2cf-404e-a331-0979aa2367b9, checksum=15e377f79ece4daa09e0de17d9e51284681571c64c12bc7f7049b5deff68b707}]}
2026-04-20 13:12:21,227 INFO [TG_Test 1-17] o.a.j.p.j.s.J.Create payload: Payload={"data":{"order_type":"ENROLLMENT","order_number":"4946","order_date":"2026-04-20","files":[{"id":"fe75c67a-c2cf-404e-a331-0979aa2367b9","checksum":"15e377f79ece4daa09e0de17d9e51284681571c64c12bc7f7049b5deff68b707"}],"birthday":"1983-05-27"}}
2026-04-20 13:12:21,238 INFO [TG_Test 1-46] o.a.j.e.J.Set XSRF Token: === [COOKIE MANAGER] XSRF-TOKEN додано успішно: 59a0e55c-d43c-4e05-8333-07f28c9655e3
2026-04-20 13:12:21,245 INFO [TG_Test 1-88] o.a.j.t.JMeterThread: Thread started: TG_Test 1-88
2026-04-20 13:12:21,253 INFO [TG_Test 1-87] o.a.j.e.J.JSR223 PostProcessor: === [COOKIE MANAGER] XSRF-TOKEN додано успішно: 82111201-4ddd-497d-89d8-11a3f7066108
2026-04-20 13:12:21,269 INFO [TG_Test 1-46] o.a.j.p.j.s.J.Create payload: Payload={"data":{"first_name":"\u0412\u0456\u0442\u0430\u043b\u0456\u0439","last_name":"\u0413\u0430\u043c\u0430\u043d","second_name":"\u0412\u0430\u0441\u0438\u043b\u044c\u043e\u0432\u0438\u0447","order_date":"2026-04-20","order_number":"5232","order_type":"DISMISSAL","birthday":"1995-01-09","file":[{"id":"8e2f3314-fdb8-4ae9-98ba-980a4380c0f0","checksum":"15e377f79ece4daa09e0de17d9e51284681571c64c12bc7f7049b5deff68b707"}]}}
2026-04-20 13:12:21,282 INFO [TG_Test 1-88] o.a.j.e.J.JSR223 - Decode URI: Decoded Redirect URI: https://officer-portal-ck-198-main.apps.krrt-two.ncr.gov.ua/officer/home
vary: Origin
access-control-allow-credentials: true
set-cookie: 107c5fe8f03719f0a4aa22d4e168e5a7=41ffc97b422dde73deb0dd2acd77cc5d; path=/; HttpOnly; Secure; SameSite=None

2026-04-20 13:12:21,282 INFO [TG_Test 1-88] o.a.j.e.J.JSR223 - Decode URI: === Збережено куку балансувальника: 107c5fe8f03719f0a4aa22d4e168e5a7=41ffc97b422dde73deb0dd2acd77cc5d
2026-04-20 13:12:21,340 INFO [TG_Test 1-29] o.a.j.p.j.s.J.Create payload: formData={"id":"6b36a3b0-3ca1-11f1-beaf-0a580a80027a","taskDefinitionKey":"signPersonProfileActivity","name":"Підписати дані про освітній профіль","assignee":"perf-test-officer-29","created":"2026-04-20T10:12:21.134Z","description":null,"processInstanceId":"69355541-3ca1-11f1-beaf-0a580a80027a","rootProcessInstanceId":"69355541-3ca1-11f1-beaf-0a580a80027a","processDefinitionId":"b29a4815-3a3c-11f1-9c26-0a580a800265","processDefinitionName":"Процес для перевірки збереження декількох сутностей в рамках однієї транзакції - nested entity","formKey":"feature-form-add-signd","suspended":false,"formVariables":{},"signatureValidationPack":[],"data":{"first_name":"Марта","last_name":"Саєнко","second_name":"Сергіївна","order_date":"2026-04-20","order_number":"2772","order_type":"TRANSFER","birthday":"2006-04-02","file":[{"id":"afdeb3f2-d44d-455d-a237-9721bc994426","checksum":"15e377f79ece4daa09e0de17d9e51284681571c64c12bc7f7049b5deff68b707"}]},"esign":true}
2026-04-20 13:12:21,340 INFO [TG_Test 1-29] o.a.j.p.j.s.J.Create payload: formData={first_name=Марта, last_name=Саєнко, second_name=Сергіївна, order_date=2026-04-20, order_number=2772, order_type=TRANSFER, birthday=2006-04-02, file=[{id=afdeb3f2-d44d-455d-a237-9721bc994426, checksum=15e377f79ece4daa09e0de17d9e51284681571c64c12bc7f7049b5deff68b707}]}
2026-04-20 13:12:21,340 INFO [TG_Test 1-29] o.a.j.p.j.s.J.Create payload: Payload={"data":{"first_name":"\u041c\u0430\u0440\u0442\u0430","last_name":"\u0421\u0430\u0454\u043d\u043a\u043e","second_name":"\u0421\u0435\u0440\u0433\u0456\u0457\u0432\u043d\u0430","order_date":"2026-04-20","order_number":"2772","order_type":"TRANSFER","birthday":"2006-04-02","file":[{"id":"afdeb3f2-d44d-455d-a237-9721bc994426","checksum":"15e377f79ece4daa09e0de17d9e51284681571c64c12bc7f7049b5deff68b707"}]},"signature":"perf-test-officer-29.dat"}
2026-04-20 13:12:21,381 INFO [TG_Test 1-13] o.a.j.p.j.s.J.Create payload: formData={"id":"6b3e1dcc-3ca1-11f1-beaf-0a580a80027a","taskDefinitionKey":"Activity_11jqc4d","name":"переглянути дані та внести зміни","assignee":"perf-test-officer-13","created":"2026-04-20T10:12:21.183Z","description":null,"processInstanceId":"67487933-3ca1-11f1-beaf-0a580a80027a","rootProcessInstanceId":"67487933-3ca1-11f1-beaf-0a580a80027a","processDefinitionId":"b29a4815-3a3c-11f1-9c26-0a580a800265","processDefinitionName":"Процес для перевірки збереження декількох сутностей в рамках однієї транзакції - nested entity","formKey":"feature-form-add-thirdform","suspended":false,"formVariables":{},"signatureValidationPack":[],"data":{"order_type":"DISMISSAL","order_number":"2962","order_date":"2026-04-20T13:17:10.952Z","files":[{"id":"7742541e-fccf-4be8-b553-27fa7d83b859","checksum":"15e377f79ece4daa09e0de17d9e51284681571c64c12bc7f7049b5deff68b707"}]},"esign":false}
2026-04-20 13:12:21,381 INFO [TG_Test 1-13] o.a.j.p.j.s.J.Create payload: formData={order_type=DISMISSAL, order_number=2962, order_date=2026-04-20T13:17:10.952Z, files=[{id=7742541e-fccf-4be8-b553-27fa7d83b859, checksum=15e377f79ece4daa09e0de17d9e51284681571c64c12bc7f7049b5deff68b707}]}
2026-04-20 13:12:21,381 INFO [TG_Test 1-13] o.a.j.p.j.s.J.Create payload: Payload={"data":{"order_type":"DISMISSAL","order_number":"2962","order_date":"2026-04-20","files":[{"id":"7742541e-fccf-4be8-b553-27fa7d83b859","checksum":"15e377f79ece4daa09e0de17d9e51284681571c64c12bc7f7049b5deff68b707"}],"birthday":"1980-07-27"}}
2026-04-20 13:12:21,396 INFO [TG_Test 1-48] o.a.j.m.J.JSR223 PreProcessor: === [XSRF SYNC] Оновлено токен із Cookie Manager: 782280b1-26f2-43a2-84c1-747c5f776f88
2026-04-20 13:12:21,444 INFO [TG_Test 1-36] o.a.j.p.j.s.J.Create payload: formData={"id":"6b46a952-3ca1-11f1-beaf-0a580a80027a","taskDefinitionKey":"signPersonProfileActivity","name":"Підписати дані про освітній профіль","assignee":"perf-test-officer-36","created":"2026-04-20T10:12:21.239Z","description":null,"processInstanceId":"696c9223-3ca1-11f1-beaf-0a580a80027a","rootProcessInstanceId":"696c9223-3ca1-11f1-beaf-0a580a80027a","processDefinitionId":"b29a4815-3a3c-11f1-9c26-0a580a800265","processDefinitionName":"Процес для перевірки збереження декількох сутностей в рамках однієї транзакції - nested entity","formKey":"feature-form-add-signd","suspended":false,"formVariables":{},"signatureValidationPack":[],"data":{"first_name":"Владислава","last_name":"Степанець","second_name":"Василівна","order_date":"2026-04-20","order_number":"2683","order_type":"DISMISSAL","birthday":"1992-06-06","file":[{"id":"a00370ae-e00b-451e-b117-e39108771e00","checksum":"15e377f79ece4daa09e0de17d9e51284681571c64c12bc7f7049b5deff68b707"}]},"esign":true}
2026-04-20 13:12:21,444 INFO [TG_Test 1-36] o.a.j.p.j.s.J.Create payload: formData={first_name=Владислава, last_name=Степанець, second_name=Василівна, order_date=2026-04-20, order_number=2683, order_type=DISMISSAL, birthday=1992-06-06, file=[{id=a00370ae-e00b-451e-b117-e39108771e00, checksum=15e377f79ece4daa09e0de17d9e51284681571c64c12bc7f7049b5deff68b707}]}
2026-04-20 13:12:21,444 INFO [TG_Test 1-36] o.a.j.p.j.s.J.Create payload: Payload={"data":{"first_name":"\u0412\u043b\u0430\u0434\u0438\u0441\u043b\u0430\u0432\u0430","last_name":"\u0421\u0442\u0435\u043f\u0430\u043d\u0435\u0446\u044c","second_name":"\u0412\u0430\u0441\u0438\u043b\u0456\u0432\u043d\u0430","order_date":"2026-04-20","order_number":"2683","order_type":"DISMISSAL","birthday":"1992-06-06","file":[{"id":"a00370ae-e00b-451e-b117-e39108771e00","checksum":"15e377f79ece4daa09e0de17d9e51284681571c64c12bc7f7049b5deff68b707"}]},"signature":"perf-test-officer-36.dat"}
2026-04-20 13:12:21,445 INFO [TG_Test 1-89] o.a.j.t.JMeterThread: Thread started: TG_Test 1-89
2026-04-20 13:12:21,472 INFO [TG_Test 1-89] o.a.j.e.J.JSR223 - Decode URI: Decoded Redirect URI: https://officer-portal-ck-198-main.apps.krrt-two.ncr.gov.ua/officer/home
vary: Origin
access-control-allow-credentials: true
set-cookie: 107c5fe8f03719f0a4aa22d4e168e5a7=41ffc97b422dde73deb0dd2acd77cc5d; path=/; HttpOnly; Secure; SameSite=None

2026-04-20 13:12:21,472 INFO [TG_Test 1-89] o.a.j.e.J.JSR223 - Decode URI: === Збережено куку балансувальника: 107c5fe8f03719f0a4aa22d4e168e5a7=41ffc97b422dde73deb0dd2acd77cc5d
2026-04-20 13:12:21,485 INFO [TG_Test 1-30] o.a.j.p.j.s.J.Create payload: formData={"id":"6b487e18-3ca1-11f1-beaf-0a580a80027a","taskDefinitionKey":"signPersonProfileActivity","name":"Підписати дані про освітній профіль","assignee":"perf-test-officer-30","created":"2026-04-20T10:12:21.251Z","description":null,"processInstanceId":"69a57bcd-3ca1-11f1-beaf-0a580a80027a","rootProcessInstanceId":"69a57bcd-3ca1-11f1-beaf-0a580a80027a","processDefinitionId":"b29a4815-3a3c-11f1-9c26-0a580a800265","processDefinitionName":"Процес для перевірки збереження декількох сутностей в рамках однієї транзакції - nested entity","formKey":"feature-form-add-signd","suspended":false,"formVariables":{},"signatureValidationPack":[],"data":{"first_name":"Жозефіна","last_name":"Євенко","second_name":"Петрівна","order_date":"2026-04-20","order_number":"5790","order_type":"ENROLLMENT","birthday":"1999-10-16","file":[{"id":"02f33aab-7d03-43e3-ac5d-03bd8ffdacad","checksum":"15e377f79ece4daa09e0de17d9e51284681571c64c12bc7f7049b5deff68b707"}]},"esign":true}
2026-04-20 13:12:21,485 INFO [TG_Test 1-30] o.a.j.p.j.s.J.Create payload: formData={first_name=Жозефіна, last_name=Євенко, second_name=Петрівна, order_date=2026-04-20, order_number=5790, order_type=ENROLLMENT, birthday=1999-10-16, file=[{id=02f33aab-7d03-43e3-ac5d-03bd8ffdacad, checksum=15e377f79ece4daa09e0de17d9e51284681571c64c12bc7f7049b5deff68b707}]}
2026-04-20 13:12:21,485 INFO [TG_Test 1-30] o.a.j.p.j.s.J.Create payload: Payload={"data":{"first_name":"\u0416\u043e\u0437\u0435\u0444\u0456\u043d\u0430","last_name":"\u0404\u0432\u0435\u043d\u043a\u043e","second_name":"\u041f\u0435\u0442\u0440\u0456\u0432\u043d\u0430","order_date":"2026-04-20","order_number":"5790","order_type":"ENROLLMENT","birthday":"1999-10-16","file":[{"id":"02f33aab-7d03-43e3-ac5d-03bd8ffdacad","checksum":"15e377f79ece4daa09e0de17d9e51284681571c64c12bc7f7049b5deff68b707"}]},"signature":"perf-test-officer-30.dat"}
2026-04-20 13:12:21,493 INFO [TG_Test 1-88] o.a.j.e.J.JSR223 PostProcessor: === [COOKIE MANAGER] XSRF-TOKEN додано успішно: 85dd6e91-80d7-4dbe-a5d2-c948ce3393cd
2026-04-20 13:12:21,505 INFO [TG_Test 1-15] o.a.j.p.j.s.J.Create payload: formData={"id":"6b4dfc68-3ca1-11f1-beaf-0a580a80027a","taskDefinitionKey":"Activity_11jqc4d","name":"переглянути дані та внести зміни","assignee":"perf-test-officer-15","created":"2026-04-20T10:12:21.286Z","description":null,"processInstanceId":"673f0337-3ca1-11f1-beaf-0a580a80027a","rootProcessInstanceId":"673f0337-3ca1-11f1-beaf-0a580a80027a","processDefinitionId":"b29a4815-3a3c-11f1-9c26-0a580a800265","processDefinitionName":"Процес для перевірки збереження декількох сутностей в рамках однієї транзакції - nested entity","formKey":"feature-form-add-thirdform","suspended":false,"formVariables":{},"signatureValidationPack":[],"data":{"order_type":"TRANSFER","order_number":"7329","order_date":"2026-04-20T13:17:10.952Z","files":[{"id":"b4ea9650-6036-4269-8151-2572861b4391","checksum":"15e377f79ece4daa09e0de17d9e51284681571c64c12bc7f7049b5deff68b707"}]},"esign":false}
2026-04-20 13:12:21,506 INFO [TG_Test 1-15] o.a.j.p.j.s.J.Create payload: formData={order_type=TRANSFER, order_number=7329, order_date=2026-04-20T13:17:10.952Z, files=[{id=b4ea9650-6036-4269-8151-2572861b4391, checksum=15e377f79ece4daa09e0de17d9e51284681571c64c12bc7f7049b5deff68b707}]}
2026-04-20 13:12:21,506 INFO [TG_Test 1-15] o.a.j.p.j.s.J.Create payload: Payload={"data":{"order_type":"TRANSFER","order_number":"7329","order_date":"2026-04-20","files":[{"id":"b4ea9650-6036-4269-8151-2572861b4391","checksum":"15e377f79ece4daa09e0de17d9e51284681571c64c12bc7f7049b5deff68b707"}],"birthday":"2002-05-16"}}
2026-04-20 13:12:21,569 INFO [TG_Test 1-52] o.a.j.m.J.JSR223 PreProcessor: === [XSRF SYNC] Оновлено токен із Cookie Manager: 7f025870-79c5-406a-90cc-0567ec7f8cfd
2026-04-20 13:12:21,592 INFO [TG_Test 1-37] o.a.j.p.j.s.J.Create payload: formData={"id":"6b5fd5c4-3ca1-11f1-beaf-0a580a80027a","taskDefinitionKey":"signPersonProfileActivity","name":"Підписати дані про освітній профіль","assignee":"perf-test-officer-37","created":"2026-04-20T10:12:21.404Z","description":null,"processInstanceId":"69c33d42-3ca1-11f1-beaf-0a580a80027a","rootProcessInstanceId":"69c33d42-3ca1-11f1-beaf-0a580a80027a","processDefinitionId":"b29a4815-3a3c-11f1-9c26-0a580a800265","processDefinitionName":"Процес для перевірки збереження декількох сутностей в рамках однієї транзакції - nested entity","formKey":"feature-form-add-signd","suspended":false,"formVariables":{},"signatureValidationPack":[],"data":{"first_name":"Будимир","last_name":"Саєнко","second_name":"Миколайович","order_date":"2026-04-20","order_number":"2746","order_type":"ENROLLMENT","birthday":"1968-01-08","file":[{"id":"f2ca4ba5-c367-4705-b11d-d2fa6ac8730b","checksum":"15e377f79ece4daa09e0de17d9e51284681571c64c12bc7f7049b5deff68b707"}]},"esign":true}
2026-04-20 13:12:21,592 INFO [TG_Test 1-37] o.a.j.p.j.s.J.Create payload: formData={first_name=Будимир, last_name=Саєнко, second_name=Миколайович, order_date=2026-04-20, order_number=2746, order_type=ENROLLMENT, birthday=1968-01-08, file=[{id=f2ca4ba5-c367-4705-b11d-d2fa6ac8730b, checksum=15e377f79ece4daa09e0de17d9e51284681571c64c12bc7f7049b5deff68b707}]}
2026-04-20 13:12:21,592 INFO [TG_Test 1-37] o.a.j.p.j.s.J.Create payload: Payload={"data":{"first_name":"\u0411\u0443\u0434\u0438\u043c\u0438\u0440","last_name":"\u0421\u0430\u0454\u043d\u043a\u043e","second_name":"\u041c\u0438\u043a\u043e\u043b\u0430\u0439\u043e\u0432\u0438\u0447","order_date":"2026-04-20","order_number":"2746","order_type":"ENROLLMENT","birthday":"1968-01-08","file":[{"id":"f2ca4ba5-c367-4705-b11d-d2fa6ac8730b","checksum":"15e377f79ece4daa09e0de17d9e51284681571c64c12bc7f7049b5deff68b707"}]},"signature":"perf-test-officer-37.dat"}
2026-04-20 13:12:21,624 INFO [TG_Test 1-34] o.a.j.p.j.s.J.Create payload: formData={"id":"6b63cd6a-3ca1-11f1-beaf-0a580a80027a","taskDefinitionKey":"signPersonProfileActivity","name":"Підписати дані про освітній профіль","assignee":"perf-test-officer-34","created":"2026-04-20T10:12:21.430Z","description":null,"processInstanceId":"69d95d8b-3ca1-11f1-beaf-0a580a80027a","rootProcessInstanceId":"69d95d8b-3ca1-11f1-beaf-0a580a80027a","processDefinitionId":"b29a4815-3a3c-11f1-9c26-0a580a800265","processDefinitionName":"Процес для перевірки збереження декількох сутностей в рамках однієї транзакції - nested entity","formKey":"feature-form-add-signd","suspended":false,"formVariables":{},"signatureValidationPack":[],"data":{"first_name":"Григорій","last_name":"Бондаренко","second_name":"Миколайович","order_date":"2026-04-20","order_number":"4045","order_type":"TRANSFER","birthday":"1992-11-19","file":[{"id":"e1cebd4d-e26f-4c57-a15c-1bf2a0ec35af","checksum":"15e377f79ece4daa09e0de17d9e51284681571c64c12bc7f7049b5deff68b707"}]},"esign":true}
2026-04-20 13:12:21,625 INFO [TG_Test 1-34] o.a.j.p.j.s.J.Create payload: formData={first_name=Григорій, last_name=Бондаренко, second_name=Миколайович, order_date=2026-04-20, order_number=4045, order_type=TRANSFER, birthday=1992-11-19, file=[{id=e1cebd4d-e26f-4c57-a15c-1bf2a0ec35af, checksum=15e377f79ece4daa09e0de17d9e51284681571c64c12bc7f7049b5deff68b707}]}
2026-04-20 13:12:21,625 INFO [TG_Test 1-34] o.a.j.p.j.s.J.Create payload: Payload={"data":{"first_name":"\u0413\u0440\u0438\u0433\u043e\u0440\u0456\u0439","last_name":"\u0411\u043e\u043d\u0434\u0430\u0440\u0435\u043d\u043a\u043e","second_name":"\u041c\u0438\u043a\u043e\u043b\u0430\u0439\u043e\u0432\u0438\u0447","order_date":"2026-04-20","order_number":"4045","order_type":"TRANSFER","birthday":"1992-11-19","file":[{"id":"e1cebd4d-e26f-4c57-a15c-1bf2a0ec35af","checksum":"15e377f79ece4daa09e0de17d9e51284681571c64c12bc7f7049b5deff68b707"}]},"signature":"perf-test-officer-34.dat"}
2026-04-20 13:12:21,627 INFO [TG_Test 1-11] o.a.j.p.j.s.J.Create payload: formData={"id":"6b6505f6-3ca1-11f1-beaf-0a580a80027a","taskDefinitionKey":"Activity_11jqc4d","name":"переглянути дані та внести зміни","assignee":"perf-test-officer-11","created":"2026-04-20T10:12:21.438Z","description":null,"processInstanceId":"672f72ca-3ca1-11f1-beaf-0a580a80027a","rootProcessInstanceId":"672f72ca-3ca1-11f1-beaf-0a580a80027a","processDefinitionId":"b29a4815-3a3c-11f1-9c26-0a580a800265","processDefinitionName":"Процес для перевірки збереження декількох сутностей в рамках однієї транзакції - nested entity","formKey":"feature-form-add-thirdform","suspended":false,"formVariables":{},"signatureValidationPack":[],"data":{"order_type":"TRANSFER","order_number":"3507","order_date":"2026-04-20T13:17:10.952Z","files":[{"id":"27e1430e-e4ed-41be-b18d-2ed5a88b7a44","checksum":"15e377f79ece4daa09e0de17d9e51284681571c64c12bc7f7049b5deff68b707"}]},"esign":false}
2026-04-20 13:12:21,627 INFO [TG_Test 1-11] o.a.j.p.j.s.J.Create payload: formData={order_type=TRANSFER, order_number=3507, order_date=2026-04-20T13:17:10.952Z, files=[{id=27e1430e-e4ed-41be-b18d-2ed5a88b7a44, checksum=15e377f79ece4daa09e0de17d9e51284681571c64c12bc7f7049b5deff68b707}]}
2026-04-20 13:12:21,627 INFO [TG_Test 1-11] o.a.j.p.j.s.J.Create payload: Payload={"data":{"order_type":"TRANSFER","order_number":"3507","order_date":"2026-04-20","files":[{"id":"27e1430e-e4ed-41be-b18d-2ed5a88b7a44","checksum":"15e377f79ece4daa09e0de17d9e51284681571c64c12bc7f7049b5deff68b707"}],"birthday":"1990-01-03"}}
2026-04-20 13:12:21,644 INFO [TG_Test 1-90] o.a.j.t.JMeterThread: Thread started: TG_Test 1-90
2026-04-20 13:12:21,659 INFO [TG_Test 1-89] o.a.j.e.J.JSR223 PostProcessor: === [COOKIE MANAGER] XSRF-TOKEN додано успішно: 16a25e27-1f69-4588-8789-70dd69457447
2026-04-20 13:12:21,662 INFO [TG_Test 1-6] o.a.j.p.j.s.J.Create payload: formData={"id":"6b6d6a7f-3ca1-11f1-beaf-0a580a80027a","taskDefinitionKey":"signDataActivity","name":"Підписати дані про освітній профіль","assignee":"perf-test-officer-6","created":"2026-04-20T10:12:21.493Z","description":null,"processInstanceId":"6603c495-3ca1-11f1-beaf-0a580a80027a","rootProcessInstanceId":"6603c495-3ca1-11f1-beaf-0a580a80027a","processDefinitionId":"b29a4815-3a3c-11f1-9c26-0a580a800265","processDefinitionName":"Процес для перевірки збереження декількох сутностей в рамках однієї транзакції - nested entity","formKey":"feature-form-add-fourth","suspended":false,"formVariables":{},"signatureValidationPack":[],"data":{"order_type":"DISMISSAL","order_number":"8057","order_date":"2026-04-20","files":[{"id":"c692f574-102c-49ab-ac93-65e07784952f","checksum":"15e377f79ece4daa09e0de17d9e51284681571c64c12bc7f7049b5deff68b707"}],"birthday":"1983-04-19"},"esign":true}
2026-04-20 13:12:21,662 INFO [TG_Test 1-6] o.a.j.p.j.s.J.Create payload: formData={order_type=DISMISSAL, order_number=8057, order_date=2026-04-20, files=[{id=c692f574-102c-49ab-ac93-65e07784952f, checksum=15e377f79ece4daa09e0de17d9e51284681571c64c12bc7f7049b5deff68b707}], birthday=1983-04-19}
2026-04-20 13:12:21,662 INFO [TG_Test 1-6] o.a.j.p.j.s.J.Create payload: Payload={"data":{"order_type":"DISMISSAL","order_number":"8057","order_date":"2026-04-20","files":[{"id":"c692f574-102c-49ab-ac93-65e07784952f","checksum":"15e377f79ece4daa09e0de17d9e51284681571c64c12bc7f7049b5deff68b707"}],"birthday":"1983-04-19"},"signature":"perf-test-officer-6.dat"}
2026-04-20 13:12:21,663 INFO [TG_Test 1-5] o.a.j.p.j.s.J.Create payload: formData={"id":"6b6cce3a-3ca1-11f1-beaf-0a580a80027a","taskDefinitionKey":"signDataActivity","name":"Підписати дані про освітній профіль","assignee":"perf-test-officer-5","created":"2026-04-20T10:12:21.489Z","description":null,"processInstanceId":"65bb97de-3ca1-11f1-beaf-0a580a80027a","rootProcessInstanceId":"65bb97de-3ca1-11f1-beaf-0a580a80027a","processDefinitionId":"b29a4815-3a3c-11f1-9c26-0a580a800265","processDefinitionName":"Процес для перевірки збереження декількох сутностей в рамках однієї транзакції - nested entity","formKey":"feature-form-add-fourth","suspended":false,"formVariables":{},"signatureValidationPack":[],"data":{"order_type":"DISMISSAL","order_number":"7749","order_date":"2026-04-20","files":[{"id":"984c19f5-71e1-4524-9d39-949d9a4211ad","checksum":"15e377f79ece4daa09e0de17d9e51284681571c64c12bc7f7049b5deff68b707"}],"birthday":"2002-11-17"},"esign":true}
2026-04-20 13:12:21,663 INFO [TG_Test 1-5] o.a.j.p.j.s.J.Create payload: formData={order_type=DISMISSAL, order_number=7749, order_date=2026-04-20, files=[{id=984c19f5-71e1-4524-9d39-949d9a4211ad, checksum=15e377f79ece4daa09e0de17d9e51284681571c64c12bc7f7049b5deff68b707}], birthday=2002-11-17}
2026-04-20 13:12:21,663 INFO [TG_Test 1-5] o.a.j.p.j.s.J.Create payload: Payload={"data":{"order_type":"DISMISSAL","order_number":"7749","order_date":"2026-04-20","files":[{"id":"984c19f5-71e1-4524-9d39-949d9a4211ad","checksum":"15e377f79ece4daa09e0de17d9e51284681571c64c12bc7f7049b5deff68b707"}],"birthday":"2002-11-17"},"signature":"perf-test-officer-5.dat"}
2026-04-20 13:12:21,672 INFO [TG_Test 1-90] o.a.j.e.J.JSR223 - Decode URI: Decoded Redirect URI: https://officer-portal-ck-198-main.apps.krrt-two.ncr.gov.ua/officer/home
vary: Origin
access-control-allow-credentials: true
set-cookie: 107c5fe8f03719f0a4aa22d4e168e5a7=41ffc97b422dde73deb0dd2acd77cc5d; path=/; HttpOnly; Secure; SameSite=None

2026-04-20 13:12:21,672 INFO [TG_Test 1-90] o.a.j.e.J.JSR223 - Decode URI: === Збережено куку балансувальника: 107c5fe8f03719f0a4aa22d4e168e5a7=41ffc97b422dde73deb0dd2acd77cc5d
2026-04-20 13:12:21,674 INFO [TG_Test 1-35] o.a.j.p.j.s.J.Create payload: formData={"id":"6b6fdb8a-3ca1-11f1-beaf-0a580a80027a","taskDefinitionKey":"signPersonProfileActivity","name":"Підписати дані про освітній профіль","assignee":"perf-test-officer-35","created":"2026-04-20T10:12:21.509Z","description":null,"processInstanceId":"69a8891c-3ca1-11f1-beaf-0a580a80027a","rootProcessInstanceId":"69a8891c-3ca1-11f1-beaf-0a580a80027a","processDefinitionId":"b29a4815-3a3c-11f1-9c26-0a580a800265","processDefinitionName":"Процес для перевірки збереження декількох сутностей в рамках однієї транзакції - nested entity","formKey":"feature-form-add-signd","suspended":false,"formVariables":{},"signatureValidationPack":[],"data":{"first_name":"Мечислав","last_name":"Саєнко","second_name":"Олександрович","order_date":"2026-04-20","order_number":"5196","order_type":"TRANSFER","birthday":"1998-08-16","file":[{"id":"7f6c3f90-5a5b-43db-8077-240c3fd1b981","checksum":"15e377f79ece4daa09e0de17d9e51284681571c64c12bc7f7049b5deff68b707"}]},"esign":true}
2026-04-20 13:12:21,675 INFO [TG_Test 1-35] o.a.j.p.j.s.J.Create payload: formData={first_name=Мечислав, last_name=Саєнко, second_name=Олександрович, order_date=2026-04-20, order_number=5196, order_type=TRANSFER, birthday=1998-08-16, file=[{id=7f6c3f90-5a5b-43db-8077-240c3fd1b981, checksum=15e377f79ece4daa09e0de17d9e51284681571c64c12bc7f7049b5deff68b707}]}
2026-04-20 13:12:21,675 INFO [TG_Test 1-35] o.a.j.p.j.s.J.Create payload: Payload={"data":{"first_name":"\u041c\u0435\u0447\u0438\u0441\u043b\u0430\u0432","last_name":"\u0421\u0430\u0454\u043d\u043a\u043e","second_name":"\u041e\u043b\u0435\u043a\u0441\u0430\u043d\u0434\u0440\u043e\u0432\u0438\u0447","order_date":"2026-04-20","order_number":"5196","order_type":"TRANSFER","birthday":"1998-08-16","file":[{"id":"7f6c3f90-5a5b-43db-8077-240c3fd1b981","checksum":"15e377f79ece4daa09e0de17d9e51284681571c64c12bc7f7049b5deff68b707"}]},"signature":"perf-test-officer-35.dat"}
2026-04-20 13:12:21,749 INFO [TG_Test 1-9] o.a.j.p.j.s.J.Create payload: formData={"id":"6b77f1e3-3ca1-11f1-beaf-0a580a80027a","taskDefinitionKey":"signDataActivity","name":"Підписати дані про освітній профіль","assignee":"perf-test-officer-9","created":"2026-04-20T10:12:21.562Z","description":null,"processInstanceId":"663ea9e9-3ca1-11f1-beaf-0a580a80027a","rootProcessInstanceId":"663ea9e9-3ca1-11f1-beaf-0a580a80027a","processDefinitionId":"b29a4815-3a3c-11f1-9c26-0a580a800265","processDefinitionName":"Процес для перевірки збереження декількох сутностей в рамках однієї транзакції - nested entity","formKey":"feature-form-add-fourth","suspended":false,"formVariables":{},"signatureValidationPack":[],"data":{"order_type":"TRANSFER","order_number":"4241","order_date":"2026-04-20","files":[{"id":"f76014e6-111d-49ce-8f00-2eaebefa98dd","checksum":"15e377f79ece4daa09e0de17d9e51284681571c64c12bc7f7049b5deff68b707"}],"birthday":"1995-06-03"},"esign":true}
2026-04-20 13:12:21,749 INFO [TG_Test 1-9] o.a.j.p.j.s.J.Create payload: formData={order_type=TRANSFER, order_number=4241, order_date=2026-04-20, files=[{id=f76014e6-111d-49ce-8f00-2eaebefa98dd, checksum=15e377f79ece4daa09e0de17d9e51284681571c64c12bc7f7049b5deff68b707}], birthday=1995-06-03}
2026-04-20 13:12:21,749 INFO [TG_Test 1-9] o.a.j.p.j.s.J.Create payload: Payload={"data":{"order_type":"TRANSFER","order_number":"4241","order_date":"2026-04-20","files":[{"id":"f76014e6-111d-49ce-8f00-2eaebefa98dd","checksum":"15e377f79ece4daa09e0de17d9e51284681571c64c12bc7f7049b5deff68b707"}],"birthday":"1995-06-03"},"signature":"perf-test-officer-9.dat"}
2026-04-20 13:12:21,800 INFO [TG_Test 1-51] o.a.j.m.J.JSR223 PreProcessor: === [XSRF SYNC] Оновлено токен із Cookie Manager: bdc5ebc8-2099-4531-972f-746425e153ec
2026-04-20 13:12:21,807 INFO [TG_Test 1-53] o.a.j.m.J.JSR223 PreProcessor: === [XSRF SYNC] Оновлено токен із Cookie Manager: 6df56365-3e4a-49d0-93f5-3c980e641988
2026-04-20 13:12:21,844 INFO [TG_Test 1-91] o.a.j.t.JMeterThread: Thread started: TG_Test 1-91
2026-04-20 13:12:21,846 INFO [TG_Test 1-48] o.a.j.e.J.Set XSRF Token: === [COOKIE MANAGER] XSRF-TOKEN додано успішно: efedfdf0-d987-48a0-9c90-dcb4105256b0
2026-04-20 13:12:21,866 INFO [TG_Test 1-7] o.a.j.p.j.s.J.Create payload: formData={"id":"6b8845a6-3ca1-11f1-beaf-0a580a80027a","taskDefinitionKey":"signDataActivity","name":"Підписати дані про освітній профіль","assignee":"perf-test-officer-7","created":"2026-04-20T10:12:21.669Z","description":null,"processInstanceId":"661e5182-3ca1-11f1-beaf-0a580a80027a","rootProcessInstanceId":"661e5182-3ca1-11f1-beaf-0a580a80027a","processDefinitionId":"b29a4815-3a3c-11f1-9c26-0a580a800265","processDefinitionName":"Процес для перевірки збереження декількох сутностей в рамках однієї транзакції - nested entity","formKey":"feature-form-add-fourth","suspended":false,"formVariables":{},"signatureValidationPack":[],"data":{"order_type":"TRANSFER","order_number":"7661","order_date":"2026-04-20","files":[{"id":"a4dcfe37-d53f-4f9d-843e-43db22ae9544","checksum":"15e377f79ece4daa09e0de17d9e51284681571c64c12bc7f7049b5deff68b707"}],"birthday":"1969-03-18"},"esign":true}
2026-04-20 13:12:21,866 INFO [TG_Test 1-7] o.a.j.p.j.s.J.Create payload: formData={order_type=TRANSFER, order_number=7661, order_date=2026-04-20, files=[{id=a4dcfe37-d53f-4f9d-843e-43db22ae9544, checksum=15e377f79ece4daa09e0de17d9e51284681571c64c12bc7f7049b5deff68b707}], birthday=1969-03-18}
2026-04-20 13:12:21,866 INFO [TG_Test 1-7] o.a.j.p.j.s.J.Create payload: Payload={"data":{"order_type":"TRANSFER","order_number":"7661","order_date":"2026-04-20","files":[{"id":"a4dcfe37-d53f-4f9d-843e-43db22ae9544","checksum":"15e377f79ece4daa09e0de17d9e51284681571c64c12bc7f7049b5deff68b707"}],"birthday":"1969-03-18"},"signature":"perf-test-officer-7.dat"}
2026-04-20 13:12:21,866 INFO [TG_Test 1-91] o.a.j.e.J.JSR223 - Decode URI: Decoded Redirect URI: https://officer-portal-ck-198-main.apps.krrt-two.ncr.gov.ua/officer/home
vary: Origin
access-control-allow-credentials: true
set-cookie: 107c5fe8f03719f0a4aa22d4e168e5a7=41ffc97b422dde73deb0dd2acd77cc5d; path=/; HttpOnly; Secure; SameSite=None

2026-04-20 13:12:21,866 INFO [TG_Test 1-91] o.a.j.e.J.JSR223 - Decode URI: === Збережено куку балансувальника: 107c5fe8f03719f0a4aa22d4e168e5a7=41ffc97b422dde73deb0dd2acd77cc5d
2026-04-20 13:12:21,879 INFO [TG_Test 1-48] o.a.j.p.j.s.J.Create payload: Payload={"data":{"first_name":"\u042f\u0440\u043e\u043c\u0438\u0440","last_name":"\u0421\u0442\u043e\u0440\u0447\u0430\u043a","second_name":"\u0410\u043d\u0430\u0442\u043e\u043b\u0456\u0439\u043e\u0432\u0438\u0447","order_date":"2026-04-20","order_number":"8483","order_type":"TRANSFER","birthday":"1993-05-26","file":[{"id":"637c17e6-974c-405b-ba15-f76f7bb114c1","checksum":"15e377f79ece4daa09e0de17d9e51284681571c64c12bc7f7049b5deff68b707"}]}}
2026-04-20 13:12:21,887 INFO [TG_Test 1-49] o.a.j.m.J.JSR223 PreProcessor: === [XSRF SYNC] Оновлено токен із Cookie Manager: e81b76be-0a90-4306-8503-87d0ca18961a
2026-04-20 13:12:21,888 INFO [TG_Test 1-90] o.a.j.e.J.JSR223 PostProcessor: === [COOKIE MANAGER] XSRF-TOKEN додано успішно: 07d1016a-c33c-454e-8cba-e1a97a4f7c62
2026-04-20 13:12:21,972 INFO [TG_Test 1-2] o.a.j.p.j.s.J.Create payload: formData={"id":"6b95650c-3ca1-11f1-beaf-0a580a80027a","taskDefinitionKey":"signDataActivity","name":"Підписати дані про освітній профіль","assignee":"perf-test-officer-2","created":"2026-04-20T10:12:21.755Z","description":null,"processInstanceId":"663c60ec-3ca1-11f1-beaf-0a580a80027a","rootProcessInstanceId":"663c60ec-3ca1-11f1-beaf-0a580a80027a","processDefinitionId":"b29a4815-3a3c-11f1-9c26-0a580a800265","processDefinitionName":"Процес для перевірки збереження декількох сутностей в рамках однієї транзакції - nested entity","formKey":"feature-form-add-fourth","suspended":false,"formVariables":{},"signatureValidationPack":[],"data":{"order_type":"ENROLLMENT","order_number":"2467","order_date":"2026-04-20","files":[{"id":"2d18b4c3-ab83-411c-908d-b19c90c4bd69","checksum":"15e377f79ece4daa09e0de17d9e51284681571c64c12bc7f7049b5deff68b707"}],"birthday":"1974-12-28"},"esign":true}
2026-04-20 13:12:21,972 INFO [TG_Test 1-2] o.a.j.p.j.s.J.Create payload: formData={order_type=ENROLLMENT, order_number=2467, order_date=2026-04-20, files=[{id=2d18b4c3-ab83-411c-908d-b19c90c4bd69, checksum=15e377f79ece4daa09e0de17d9e51284681571c64c12bc7f7049b5deff68b707}], birthday=1974-12-28}
2026-04-20 13:12:21,972 INFO [TG_Test 1-2] o.a.j.p.j.s.J.Create payload: Payload={"data":{"order_type":"ENROLLMENT","order_number":"2467","order_date":"2026-04-20","files":[{"id":"2d18b4c3-ab83-411c-908d-b19c90c4bd69","checksum":"15e377f79ece4daa09e0de17d9e51284681571c64c12bc7f7049b5deff68b707"}],"birthday":"1974-12-28"},"signature":"perf-test-officer-2.dat"}
2026-04-20 13:12:21,987 INFO [TG_Test 1-57] o.a.j.m.J.JSR223 PreProcessor: === [XSRF SYNC] Оновлено токен із Cookie Manager: d37cce61-1e47-41ba-928e-e0c861e5154f
2026-04-20 13:12:22,030 INFO [TG_Test 1-52] o.a.j.e.J.Set XSRF Token: === [COOKIE MANAGER] XSRF-TOKEN додано успішно: 92e3283d-7951-4aef-9162-812987f69e50
2026-04-20 13:12:22,032 INFO [TG_Test 1-55] o.a.j.m.J.JSR223 PreProcessor: === [XSRF SYNC] Оновлено токен із Cookie Manager: af6617ff-1a49-498e-8a29-6363f19fb4e9
2026-04-20 13:12:22,034 INFO [TG_Test 1-54] o.a.j.m.J.JSR223 PreProcessor: === [XSRF SYNC] Оновлено токен із Cookie Manager: eb7a61e0-0ba4-4966-92f2-c31d03e42de2
2026-04-20 13:12:22,045 INFO [TG_Test 1-92] o.a.j.t.JMeterThread: Thread started: TG_Test 1-92
2026-04-20 13:12:22,069 INFO [TG_Test 1-92] o.a.j.e.J.JSR223 - Decode URI: Decoded Redirect URI: https://officer-portal-ck-198-main.apps.krrt-two.ncr.gov.ua/officer/home
vary: Origin
access-control-allow-credentials: true
set-cookie: 107c5fe8f03719f0a4aa22d4e168e5a7=41ffc97b422dde73deb0dd2acd77cc5d; path=/; HttpOnly; Secure; SameSite=None

2026-04-20 13:12:22,069 INFO [TG_Test 1-92] o.a.j.e.J.JSR223 - Decode URI: === Збережено куку балансувальника: 107c5fe8f03719f0a4aa22d4e168e5a7=41ffc97b422dde73deb0dd2acd77cc5d
2026-04-20 13:12:22,070 INFO [TG_Test 1-52] o.a.j.p.j.s.J.Create payload: Payload={"data":{"first_name":"\u041c\u0430\u0440\u2019\u044f\u043d","last_name":"\u0422\u043a\u0430\u0447\u0435\u043d\u043a\u043e","second_name":"\u0406\u0432\u0430\u043d\u043e\u0432\u0438\u0447","order_date":"2026-04-20","order_number":"2362","order_type":"ENROLLMENT","birthday":"1983-08-29","file":[{"id":"a7722337-4955-4350-b0c1-6f4981dad6c0","checksum":"15e377f79ece4daa09e0de17d9e51284681571c64c12bc7f7049b5deff68b707"}]}}
2026-04-20 13:12:22,085 INFO [TG_Test 1-91] o.a.j.e.J.JSR223 PostProcessor: === [COOKIE MANAGER] XSRF-TOKEN додано успішно: 5256bf35-9e45-42a3-9a37-61ba935d5ac0
2026-04-20 13:12:22,170 INFO [TG_Test 1-22] o.a.j.p.j.s.J.Create payload: formData={"id":"6bb06757-3ca1-11f1-beaf-0a580a80027a","taskDefinitionKey":"Activity_11jqc4d","name":"переглянути дані та внести зміни","assignee":"perf-test-officer-22","created":"2026-04-20T10:12:21.932Z","description":null,"processInstanceId":"67990a64-3ca1-11f1-beaf-0a580a80027a","rootProcessInstanceId":"67990a64-3ca1-11f1-beaf-0a580a80027a","processDefinitionId":"b29a4815-3a3c-11f1-9c26-0a580a800265","processDefinitionName":"Процес для перевірки збереження декількох сутностей в рамках однієї транзакції - nested entity","formKey":"feature-form-add-thirdform","suspended":false,"formVariables":{},"signatureValidationPack":[],"data":{"order_type":"DISMISSAL","order_number":"4021","order_date":"2026-04-20T13:17:10.952Z","files":[{"id":"b10834a5-59f6-42ac-8aec-aa375cc775a7","checksum":"15e377f79ece4daa09e0de17d9e51284681571c64c12bc7f7049b5deff68b707"}]},"esign":false}
2026-04-20 13:12:22,170 INFO [TG_Test 1-22] o.a.j.p.j.s.J.Create payload: formData={order_type=DISMISSAL, order_number=4021, order_date=2026-04-20T13:17:10.952Z, files=[{id=b10834a5-59f6-42ac-8aec-aa375cc775a7, checksum=15e377f79ece4daa09e0de17d9e51284681571c64c12bc7f7049b5deff68b707}]}
2026-04-20 13:12:22,170 INFO [TG_Test 1-22] o.a.j.p.j.s.J.Create payload: Payload={"data":{"order_type":"DISMISSAL","order_number":"4021","order_date":"2026-04-20","files":[{"id":"b10834a5-59f6-42ac-8aec-aa375cc775a7","checksum":"15e377f79ece4daa09e0de17d9e51284681571c64c12bc7f7049b5deff68b707"}],"birthday":"1992-10-15"}}
2026-04-20 13:12:22,171 INFO [TG_Test 1-41] o.a.j.p.j.s.J.Create payload: formData={"id":"6bb151ba-3ca1-11f1-beaf-0a580a80027a","taskDefinitionKey":"signPersonProfileActivity","name":"Підписати дані про освітній профіль","assignee":"perf-test-officer-41","created":"2026-04-20T10:12:21.938Z","description":null,"processInstanceId":"6a0aa606-3ca1-11f1-beaf-0a580a80027a","rootProcessInstanceId":"6a0aa606-3ca1-11f1-beaf-0a580a80027a","processDefinitionId":"b29a4815-3a3c-11f1-9c26-0a580a800265","processDefinitionName":"Процес для перевірки збереження декількох сутностей в рамках однієї транзакції - nested entity","formKey":"feature-form-add-signd","suspended":false,"formVariables":{},"signatureValidationPack":[],"data":{"first_name":"Альберт","last_name":"Горовий","second_name":"Миколайович","order_date":"2026-04-20","order_number":"3850","order_type":"DISMISSAL","birthday":"2008-03-24","file":[{"id":"d8a75859-0f2f-4752-9594-fd0c966cb351","checksum":"15e377f79ece4daa09e0de17d9e51284681571c64c12bc7f7049b5deff68b707"}]},"esign":true}
2026-04-20 13:12:22,171 INFO [TG_Test 1-41] o.a.j.p.j.s.J.Create payload: formData={first_name=Альберт, last_name=Горовий, second_name=Миколайович, order_date=2026-04-20, order_number=3850, order_type=DISMISSAL, birthday=2008-03-24, file=[{id=d8a75859-0f2f-4752-9594-fd0c966cb351, checksum=15e377f79ece4daa09e0de17d9e51284681571c64c12bc7f7049b5deff68b707}]}
2026-04-20 13:12:22,171 INFO [TG_Test 1-41] o.a.j.p.j.s.J.Create payload: Payload={"data":{"first_name":"\u0410\u043b\u044c\u0431\u0435\u0440\u0442","last_name":"\u0413\u043e\u0440\u043e\u0432\u0438\u0439","second_name":"\u041c\u0438\u043a\u043e\u043b\u0430\u0439\u043e\u0432\u0438\u0447","order_date":"2026-04-20","order_number":"3850","order_type":"DISMISSAL","birthday":"2008-03-24","file":[{"id":"d8a75859-0f2f-4752-9594-fd0c966cb351","checksum":"15e377f79ece4daa09e0de17d9e51284681571c64c12bc7f7049b5deff68b707"}]},"signature":"perf-test-officer-41.dat"}
2026-04-20 13:12:22,189 INFO [TG_Test 1-8] o.a.j.p.j.s.J.Create payload: formData={"id":"6bb4d43d-3ca1-11f1-beaf-0a580a80027a","taskDefinitionKey":"signDataActivity","name":"Підписати дані про освітній профіль","assignee":"perf-test-officer-8","created":"2026-04-20T10:12:21.961Z","description":null,"processInstanceId":"66859e06-3ca1-11f1-beaf-0a580a80027a","rootProcessInstanceId":"66859e06-3ca1-11f1-beaf-0a580a80027a","processDefinitionId":"b29a4815-3a3c-11f1-9c26-0a580a800265","processDefinitionName":"Процес для перевірки збереження декількох сутностей в рамках однієї транзакції - nested entity","formKey":"feature-form-add-fourth","suspended":false,"formVariables":{},"signatureValidationPack":[],"data":{"order_type":"TRANSFER","order_number":"8207","order_date":"2026-04-20","files":[{"id":"bc54094e-ffde-454d-aa25-93dfa948cf59","checksum":"15e377f79ece4daa09e0de17d9e51284681571c64c12bc7f7049b5deff68b707"}],"birthday":"1978-07-23"},"esign":true}
2026-04-20 13:12:22,189 INFO [TG_Test 1-8] o.a.j.p.j.s.J.Create payload: formData={order_type=TRANSFER, order_number=8207, order_date=2026-04-20, files=[{id=bc54094e-ffde-454d-aa25-93dfa948cf59, checksum=15e377f79ece4daa09e0de17d9e51284681571c64c12bc7f7049b5deff68b707}], birthday=1978-07-23}
2026-04-20 13:12:22,189 INFO [TG_Test 1-8] o.a.j.p.j.s.J.Create payload: Payload={"data":{"order_type":"TRANSFER","order_number":"8207","order_date":"2026-04-20","files":[{"id":"bc54094e-ffde-454d-aa25-93dfa948cf59","checksum":"15e377f79ece4daa09e0de17d9e51284681571c64c12bc7f7049b5deff68b707"}],"birthday":"1978-07-23"},"signature":"perf-test-officer-8.dat"}
2026-04-20 13:12:22,245 INFO [TG_Test 1-93] o.a.j.t.JMeterThread: Thread started: TG_Test 1-93
2026-04-20 13:12:22,250 INFO [TG_Test 1-53] o.a.j.e.J.Set XSRF Token: === [COOKIE MANAGER] XSRF-TOKEN додано успішно: c690d12b-dbe4-4217-a6b6-37d205f27d4e
2026-04-20 13:12:22,263 INFO [TG_Test 1-31] o.a.j.p.j.s.J.Create payload: formData={"id":"6bc21ab3-3ca1-11f1-beaf-0a580a80027a","taskDefinitionKey":"signPersonProfileActivity","name":"Підписати дані про освітній профіль","assignee":"perf-test-officer-31","created":"2026-04-20T10:12:22.048Z","description":null,"processInstanceId":"69a8d740-3ca1-11f1-beaf-0a580a80027a","rootProcessInstanceId":"69a8d740-3ca1-11f1-beaf-0a580a80027a","processDefinitionId":"b29a4815-3a3c-11f1-9c26-0a580a800265","processDefinitionName":"Процес для перевірки збереження декількох сутностей в рамках однієї транзакції - nested entity","formKey":"feature-form-add-signd","suspended":false,"formVariables":{},"signatureValidationPack":[],"data":{"first_name":"Артем","last_name":"Опенько","second_name":"Іванович","order_date":"2026-04-20","order_number":"2703","order_type":"DISMISSAL","birthday":"1995-08-06","file":[{"id":"1b58e0d3-579e-418b-aab1-17564acee3d5","checksum":"15e377f79ece4daa09e0de17d9e51284681571c64c12bc7f7049b5deff68b707"}]},"esign":true}
2026-04-20 13:12:22,263 INFO [TG_Test 1-31] o.a.j.p.j.s.J.Create payload: formData={first_name=Артем, last_name=Опенько, second_name=Іванович, order_date=2026-04-20, order_number=2703, order_type=DISMISSAL, birthday=1995-08-06, file=[{id=1b58e0d3-579e-418b-aab1-17564acee3d5, checksum=15e377f79ece4daa09e0de17d9e51284681571c64c12bc7f7049b5deff68b707}]}
2026-04-20 13:12:22,263 INFO [TG_Test 1-31] o.a.j.p.j.s.J.Create payload: Payload={"data":{"first_name":"\u0410\u0440\u0442\u0435\u043c","last_name":"\u041e\u043f\u0435\u043d\u044c\u043a\u043e","second_name":"\u0406\u0432\u0430\u043d\u043e\u0432\u0438\u0447","order_date":"2026-04-20","order_number":"2703","order_type":"DISMISSAL","birthday":"1995-08-06","file":[{"id":"1b58e0d3-579e-418b-aab1-17564acee3d5","checksum":"15e377f79ece4daa09e0de17d9e51284681571c64c12bc7f7049b5deff68b707"}]},"signature":"perf-test-officer-31.dat"}
2026-04-20 13:12:22,270 INFO [TG_Test 1-93] o.a.j.e.J.JSR223 - Decode URI: Decoded Redirect URI: https://officer-portal-ck-198-main.apps.krrt-two.ncr.gov.ua/officer/home
vary: Origin
access-control-allow-credentials: true
set-cookie: 107c5fe8f03719f0a4aa22d4e168e5a7=41ffc97b422dde73deb0dd2acd77cc5d; path=/; HttpOnly; Secure; SameSite=None

2026-04-20 13:12:22,270 INFO [TG_Test 1-93] o.a.j.e.J.JSR223 - Decode URI: === Збережено куку балансувальника: 107c5fe8f03719f0a4aa22d4e168e5a7=41ffc97b422dde73deb0dd2acd77cc5d
2026-04-20 13:12:22,289 INFO [TG_Test 1-92] o.a.j.e.J.JSR223 PostProcessor: === [COOKIE MANAGER] XSRF-TOKEN додано успішно: fb5e5f1a-e04d-4bfc-af68-36b46497bc56
2026-04-20 13:12:22,290 INFO [TG_Test 1-53] o.a.j.p.j.s.J.Create payload: Payload={"data":{"first_name":"\u041b\u044e\u0434\u043e\u043c\u0438\u043b\u0430","last_name":"\u0413\u0440\u0438\u043d\u0435\u0432\u0441\u044c\u043a\u0438\u0439","second_name":"\u041e\u043b\u0435\u043a\u0441\u0456\u0457\u0432\u043d\u0430","order_date":"2026-04-20","order_number":"8097","order_type":"DISMISSAL","birthday":"1974-05-19","file":[{"id":"41d16530-482e-4e4c-8c26-4161714019e8","checksum":"15e377f79ece4daa09e0de17d9e51284681571c64c12bc7f7049b5deff68b707"}]}}
2026-04-20 13:12:22,308 INFO [TG_Test 1-51] o.a.j.e.J.Set XSRF Token: === [COOKIE MANAGER] XSRF-TOKEN додано успішно: 9ecb0e58-aa1a-4f31-a143-9ca61fdbca9b
2026-04-20 13:12:22,344 INFO [TG_Test 1-51] o.a.j.p.j.s.J.Create payload: Payload={"data":{"first_name":"\u0410\u0432\u0433\u0443\u0441\u0442\u0438\u043d","last_name":"\u0422\u0440\u0435\u0442\u044f\u043a","second_name":"\u041c\u0438\u043a\u043e\u043b\u0430\u0439\u043e\u0432\u0438\u0447","order_date":"2026-04-20","order_number":"5861","order_type":"ENROLLMENT","birthday":"1978-02-15","file":[{"id":"08b61ba1-3135-473b-9d92-09b4ebcb02a8","checksum":"15e377f79ece4daa09e0de17d9e51284681571c64c12bc7f7049b5deff68b707"}]}}
2026-04-20 13:12:22,353 INFO [TG_Test 1-49] o.a.j.e.J.Set XSRF Token: === [COOKIE MANAGER] XSRF-TOKEN додано успішно: 86d3b4f4-4482-4be4-bd25-416e462c7783
2026-04-20 13:12:22,392 INFO [TG_Test 1-49] o.a.j.p.j.s.J.Create payload: Payload={"data":{"first_name":"\u041c\u0438\u043b\u043e\u0441\u043b\u0430\u0432\u0430","last_name":"\u0413\u043e\u043b\u043e\u0432\u0435\u0446\u044c","second_name":"\u0412\u0430\u0441\u0438\u043b\u0456\u0432\u043d\u0430","order_date":"2026-04-20","order_number":"9628","order_type":"TRANSFER","birthday":"1990-06-29","file":[{"id":"eb29cfec-6b95-4506-8b63-918208a9cf4c","checksum":"15e377f79ece4daa09e0de17d9e51284681571c64c12bc7f7049b5deff68b707"}]}}
2026-04-20 13:12:22,446 INFO [TG_Test 1-94] o.a.j.t.JMeterThread: Thread started: TG_Test 1-94
2026-04-20 13:12:22,448 INFO [TG_Test 1-56] o.a.j.m.J.JSR223 PreProcessor: === [XSRF SYNC] Оновлено токен із Cookie Manager: ff9f9a76-19b8-4e30-8d01-3ac0e8d87420
2026-04-20 13:12:22,461 INFO [TG_Test 1-93] o.a.j.e.J.JSR223 PostProcessor: === [COOKIE MANAGER] XSRF-TOKEN додано успішно: fef7ddcf-84a8-4f6d-afba-f0eeda516af7
2026-04-20 13:12:22,471 INFO [TG_Test 1-94] o.a.j.e.J.JSR223 - Decode URI: Decoded Redirect URI: https://officer-portal-ck-198-main.apps.krrt-two.ncr.gov.ua/officer/home
vary: Origin
access-control-allow-credentials: true
set-cookie: 107c5fe8f03719f0a4aa22d4e168e5a7=41ffc97b422dde73deb0dd2acd77cc5d; path=/; HttpOnly; Secure; SameSite=None

2026-04-20 13:12:22,471 INFO [TG_Test 1-94] o.a.j.e.J.JSR223 - Decode URI: === Збережено куку балансувальника: 107c5fe8f03719f0a4aa22d4e168e5a7=41ffc97b422dde73deb0dd2acd77cc5d
2026-04-20 13:12:22,472 INFO [TG_Test 1-57] o.a.j.e.J.Set XSRF Token: === [COOKIE MANAGER] XSRF-TOKEN додано успішно: 11c8c4fa-6223-470b-b574-6a01f234fb48
2026-04-20 13:12:22,472 INFO [TG_Test 1-60] o.a.j.m.J.JSR223 PreProcessor: === [XSRF SYNC] Оновлено токен із Cookie Manager: e73d7668-1521-4008-addd-7ab7e5e5414e
2026-04-20 13:12:22,483 INFO [TG_Test 1-40] o.a.j.p.j.s.J.Create payload: formData={"id":"6be72e3c-3ca1-11f1-beaf-0a580a80027a","taskDefinitionKey":"signPersonProfileActivity","name":"Підписати дані про освітній профіль","assignee":"perf-test-officer-40","created":"2026-04-20T10:12:22.291Z","description":null,"processInstanceId":"6a26e0cb-3ca1-11f1-beaf-0a580a80027a","rootProcessInstanceId":"6a26e0cb-3ca1-11f1-beaf-0a580a80027a","processDefinitionId":"b29a4815-3a3c-11f1-9c26-0a580a800265","processDefinitionName":"Процес для перевірки збереження декількох сутностей в рамках однієї транзакції - nested entity","formKey":"feature-form-add-signd","suspended":false,"formVariables":{},"signatureValidationPack":[],"data":{"first_name":"Корній","last_name":"Вередун","second_name":"Олексійович","order_date":"2026-04-20","order_number":"8658","order_type":"TRANSFER","birthday":"1970-01-29","file":[{"id":"b43f4801-9fdf-45de-be36-d089aa06395c","checksum":"15e377f79ece4daa09e0de17d9e51284681571c64c12bc7f7049b5deff68b707"}]},"esign":true}
2026-04-20 13:12:22,483 INFO [TG_Test 1-40] o.a.j.p.j.s.J.Create payload: formData={first_name=Корній, last_name=Вередун, second_name=Олексійович, order_date=2026-04-20, order_number=8658, order_type=TRANSFER, birthday=1970-01-29, file=[{id=b43f4801-9fdf-45de-be36-d089aa06395c, checksum=15e377f79ece4daa09e0de17d9e51284681571c64c12bc7f7049b5deff68b707}]}
2026-04-20 13:12:22,483 INFO [TG_Test 1-40] o.a.j.p.j.s.J.Create payload: Payload={"data":{"first_name":"\u041a\u043e\u0440\u043d\u0456\u0439","last_name":"\u0412\u0435\u0440\u0435\u0434\u0443\u043d","second_name":"\u041e\u043b\u0435\u043a\u0441\u0456\u0439\u043e\u0432\u0438\u0447","order_date":"2026-04-20","order_number":"8658","order_type":"TRANSFER","birthday":"1970-01-29","file":[{"id":"b43f4801-9fdf-45de-be36-d089aa06395c","checksum":"15e377f79ece4daa09e0de17d9e51284681571c64c12bc7f7049b5deff68b707"}]},"signature":"perf-test-officer-40.dat"}
2026-04-20 13:12:22,524 INFO [TG_Test 1-54] o.a.j.e.J.Set XSRF Token: === [COOKIE MANAGER] XSRF-TOKEN додано успішно: 8b68b710-6a04-4d6a-a190-0eea48b88bec
2026-04-20 13:12:22,524 INFO [TG_Test 1-55] o.a.j.e.J.Set XSRF Token: === [COOKIE MANAGER] XSRF-TOKEN додано успішно: 94b0d3fe-7f9f-430e-b318-b8faa7624649
2026-04-20 13:12:22,525 INFO [TG_Test 1-57] o.a.j.p.j.s.J.Create payload: Payload={"data":{"first_name":"\u0421\u043d\u0456\u0436\u0430\u043d\u0430","last_name":"\u041f\u0430\u0441\u0456\u0447\u043d\u0438\u043a","second_name":"\u0412\u0430\u0441\u0438\u043b\u0456\u0432\u043d\u0430","order_date":"2026-04-20","order_number":"3912","order_type":"TRANSFER","birthday":"1985-06-09","file":[{"id":"5857f9b9-e8e7-4b6d-896c-1a2af4e9ea25","checksum":"15e377f79ece4daa09e0de17d9e51284681571c64c12bc7f7049b5deff68b707"}]}}
2026-04-20 13:12:22,561 INFO [TG_Test 1-55] o.a.j.p.j.s.J.Create payload: Payload={"data":{"first_name":"\u0412\u0456\u0440\u0433\u0456\u043d\u0456\u044f","last_name":"\u0411\u0430\u043b\u0430\u043a\u0443\u043d","second_name":"\u0406\u0432\u0430\u043d\u0456\u0432\u043d\u0430","order_date":"2026-04-20","order_number":"5533","order_type":"DISMISSAL","birthday":"1988-04-29","file":[{"id":"7b5596ce-189c-4733-b195-e5179136e890","checksum":"15e377f79ece4daa09e0de17d9e51284681571c64c12bc7f7049b5deff68b707"}]}}
2026-04-20 13:12:22,568 INFO [TG_Test 1-54] o.a.j.p.j.s.J.Create payload: Payload={"data":{"first_name":"\u0411\u043e\u0433\u0434\u0430\u043d","last_name":"\u0420\u043e\u043c\u043e\u0447\u043a\u043e","second_name":"\u0410\u043d\u0430\u0442\u043e\u043b\u0456\u0439\u043e\u0432\u0438\u0447","order_date":"2026-04-20","order_number":"7712","order_type":"DISMISSAL","birthday":"2006-09-07","file":[{"id":"b9acf6f7-0c37-4784-82db-22cb15cd65ff","checksum":"15e377f79ece4daa09e0de17d9e51284681571c64c12bc7f7049b5deff68b707"}]}}
2026-04-20 13:12:22,596 INFO [TG_Test 1-59] o.a.j.m.J.JSR223 PreProcessor: === [XSRF SYNC] Оновлено токен із Cookie Manager: 2c237179-509a-4bad-b185-0a1162f559ce
2026-04-20 13:12:22,646 INFO [TG_Test 1-95] o.a.j.t.JMeterThread: Thread started: TG_Test 1-95
2026-04-20 13:12:22,650 INFO [TG_Test 1-50] o.a.j.m.J.JSR223 PreProcessor: === [XSRF SYNC] Оновлено токен із Cookie Manager: 54ee19d8-00c6-4ada-961b-c35b5834e8c8
2026-04-20 13:12:22,668 INFO [TG_Test 1-27] o.a.j.p.j.s.J.Create payload: formData={"id":"6bfd7574-3ca1-11f1-beaf-0a580a80027a","taskDefinitionKey":"Activity_11jqc4d","name":"переглянути дані та внести зміни","assignee":"perf-test-officer-27","created":"2026-04-20T10:12:22.437Z","description":null,"processInstanceId":"67ec33a6-3ca1-11f1-beaf-0a580a80027a","rootProcessInstanceId":"67ec33a6-3ca1-11f1-beaf-0a580a80027a","processDefinitionId":"b29a4815-3a3c-11f1-9c26-0a580a800265","processDefinitionName":"Процес для перевірки збереження декількох сутностей в рамках однієї транзакції - nested entity","formKey":"feature-form-add-thirdform","suspended":false,"formVariables":{},"signatureValidationPack":[],"data":{"order_type":"ENROLLMENT","order_number":"1946","order_date":"2026-04-20T13:17:10.952Z","files":[{"id":"45585d68-657b-4430-8b12-96e391419218","checksum":"15e377f79ece4daa09e0de17d9e51284681571c64c12bc7f7049b5deff68b707"}]},"esign":false}
2026-04-20 13:12:22,668 INFO [TG_Test 1-27] o.a.j.p.j.s.J.Create payload: formData={order_type=ENROLLMENT, order_number=1946, order_date=2026-04-20T13:17:10.952Z, files=[{id=45585d68-657b-4430-8b12-96e391419218, checksum=15e377f79ece4daa09e0de17d9e51284681571c64c12bc7f7049b5deff68b707}]}
2026-04-20 13:12:22,668 INFO [TG_Test 1-27] o.a.j.p.j.s.J.Create payload: Payload={"data":{"order_type":"ENROLLMENT","order_number":"1946","order_date":"2026-04-20","files":[{"id":"45585d68-657b-4430-8b12-96e391419218","checksum":"15e377f79ece4daa09e0de17d9e51284681571c64c12bc7f7049b5deff68b707"}],"birthday":"1996-04-03"}}
2026-04-20 13:12:22,669 INFO [TG_Test 1-95] o.a.j.e.J.JSR223 - Decode URI: Decoded Redirect URI: https://officer-portal-ck-198-main.apps.krrt-two.ncr.gov.ua/officer/home
vary: Origin
access-control-allow-credentials: true
set-cookie: 107c5fe8f03719f0a4aa22d4e168e5a7=41ffc97b422dde73deb0dd2acd77cc5d; path=/; HttpOnly; Secure; SameSite=None

2026-04-20 13:12:22,669 INFO [TG_Test 1-95] o.a.j.e.J.JSR223 - Decode URI: === Збережено куку балансувальника: 107c5fe8f03719f0a4aa22d4e168e5a7=41ffc97b422dde73deb0dd2acd77cc5d
2026-04-20 13:12:22,678 INFO [TG_Test 1-94] o.a.j.e.J.JSR223 PostProcessor: === [COOKIE MANAGER] XSRF-TOKEN додано успішно: f655ba86-c39e-49d2-abd8-793239a7d0b1
2026-04-20 13:12:22,704 INFO [TG_Test 1-1] o.a.j.p.j.s.J.Create payload: formData={"id":"6c09f8ad-3ca1-11f1-beaf-0a580a80027a","taskDefinitionKey":"signDataActivity","name":"Підписати дані про освітній профіль","assignee":"perf-test-officer-1","created":"2026-04-20T10:12:22.519Z","description":null,"processInstanceId":"65f0d8c8-3ca1-11f1-beaf-0a580a80027a","rootProcessInstanceId":"65f0d8c8-3ca1-11f1-beaf-0a580a80027a","processDefinitionId":"b29a4815-3a3c-11f1-9c26-0a580a800265","processDefinitionName":"Процес для перевірки збереження декількох сутностей в рамках однієї транзакції - nested entity","formKey":"feature-form-add-fourth","suspended":false,"formVariables":{},"signatureValidationPack":[],"data":{"order_type":"TRANSFER","order_number":"6945","order_date":"2026-04-20","files":[{"id":"3d645ba4-0c8d-4ff9-8b11-ed061bd45cc3","checksum":"15e377f79ece4daa09e0de17d9e51284681571c64c12bc7f7049b5deff68b707"}],"birthday":"1989-01-28"},"esign":true}
2026-04-20 13:12:22,704 INFO [TG_Test 1-1] o.a.j.p.j.s.J.Create payload: formData={order_type=TRANSFER, order_number=6945, order_date=2026-04-20, files=[{id=3d645ba4-0c8d-4ff9-8b11-ed061bd45cc3, checksum=15e377f79ece4daa09e0de17d9e51284681571c64c12bc7f7049b5deff68b707}], birthday=1989-01-28}
2026-04-20 13:12:22,704 INFO [TG_Test 1-1] o.a.j.p.j.s.J.Create payload: Payload={"data":{"order_type":"TRANSFER","order_number":"6945","order_date":"2026-04-20","files":[{"id":"3d645ba4-0c8d-4ff9-8b11-ed061bd45cc3","checksum":"15e377f79ece4daa09e0de17d9e51284681571c64c12bc7f7049b5deff68b707"}],"birthday":"1989-01-28"},"signature":"perf-test-officer-1.dat"}
2026-04-20 13:12:22,801 INFO [TG_Test 1-58] o.a.j.m.J.JSR223 PreProcessor: === [XSRF SYNC] Оновлено токен із Cookie Manager: 1d92c4c3-2050-4a34-bd5f-193b1b52ebc2
2026-04-20 13:12:22,844 INFO [TG_Test 1-96] o.a.j.t.JMeterThread: Thread started: TG_Test 1-96
2026-04-20 13:12:22,852 INFO [TG_Test 1-56] o.a.j.e.J.Set XSRF Token: === [COOKIE MANAGER] XSRF-TOKEN додано успішно: 0f13d52f-f292-4a9a-9b3e-6f9cadc5a89d
2026-04-20 13:12:22,868 INFO [TG_Test 1-96] o.a.j.e.J.JSR223 - Decode URI: Decoded Redirect URI: https://officer-portal-ck-198-main.apps.krrt-two.ncr.gov.ua/officer/home
vary: Origin
access-control-allow-credentials: true
set-cookie: 107c5fe8f03719f0a4aa22d4e168e5a7=41ffc97b422dde73deb0dd2acd77cc5d; path=/; HttpOnly; Secure; SameSite=None

2026-04-20 13:12:22,868 INFO [TG_Test 1-96] o.a.j.e.J.JSR223 - Decode URI: === Збережено куку балансувальника: 107c5fe8f03719f0a4aa22d4e168e5a7=41ffc97b422dde73deb0dd2acd77cc5d
2026-04-20 13:12:22,891 INFO [TG_Test 1-95] o.a.j.e.J.JSR223 PostProcessor: === [COOKIE MANAGER] XSRF-TOKEN додано успішно: 8bf038c6-d1f8-451c-bed0-8dd90bf5b991
2026-04-20 13:12:22,892 INFO [TG_Test 1-60] o.a.j.e.J.Set XSRF Token: === [COOKIE MANAGER] XSRF-TOKEN додано успішно: 2ac55e79-accf-445b-b713-7bf3f859a392
2026-04-20 13:12:22,893 INFO [TG_Test 1-56] o.a.j.p.j.s.J.Create payload: Payload={"data":{"first_name":"\u0410\u0444\u0430\u043d\u0430\u0441\u0456\u044f","last_name":"\u0427\u0435\u0440\u0432\u043e\u043d\u0456\u0439","second_name":"\u041f\u0435\u0442\u0440\u0456\u0432\u043d\u0430","order_date":"2026-04-20","order_number":"2877","order_type":"ENROLLMENT","birthday":"2005-03-26","file":[{"id":"8f3b05e4-3468-48ee-b547-840162981deb","checksum":"15e377f79ece4daa09e0de17d9e51284681571c64c12bc7f7049b5deff68b707"}]}}
2026-04-20 13:12:22,930 INFO [TG_Test 1-38] o.a.j.p.j.s.J.Create payload: formData={"id":"6c2a522a-3ca1-11f1-beaf-0a580a80027a","taskDefinitionKey":"signPersonProfileActivity","name":"Підписати дані про освітній профіль","assignee":"perf-test-officer-38","created":"2026-04-20T10:12:22.731Z","description":null,"processInstanceId":"6a3315e3-3ca1-11f1-beaf-0a580a80027a","rootProcessInstanceId":"6a3315e3-3ca1-11f1-beaf-0a580a80027a","processDefinitionId":"b29a4815-3a3c-11f1-9c26-0a580a800265","processDefinitionName":"Процес для перевірки збереження декількох сутностей в рамках однієї транзакції - nested entity","formKey":"feature-form-add-signd","suspended":false,"formVariables":{},"signatureValidationPack":[],"data":{"first_name":"Юхим","last_name":"Майборода","second_name":"Анатолійович","order_date":"2026-04-20","order_number":"2805","order_type":"TRANSFER","birthday":"1992-12-08","file":[{"id":"18aee200-df9a-477f-928e-cc64deb1b1cf","checksum":"15e377f79ece4daa09e0de17d9e51284681571c64c12bc7f7049b5deff68b707"}]},"esign":true}
2026-04-20 13:12:22,931 INFO [TG_Test 1-38] o.a.j.p.j.s.J.Create payload: formData={first_name=Юхим, last_name=Майборода, second_name=Анатолійович, order_date=2026-04-20, order_number=2805, order_type=TRANSFER, birthday=1992-12-08, file=[{id=18aee200-df9a-477f-928e-cc64deb1b1cf, checksum=15e377f79ece4daa09e0de17d9e51284681571c64c12bc7f7049b5deff68b707}]}
2026-04-20 13:12:22,931 INFO [TG_Test 1-38] o.a.j.p.j.s.J.Create payload: Payload={"data":{"first_name":"\u042e\u0445\u0438\u043c","last_name":"\u041c\u0430\u0439\u0431\u043e\u0440\u043e\u0434\u0430","second_name":"\u0410\u043d\u0430\u0442\u043e\u043b\u0456\u0439\u043e\u0432\u0438\u0447","order_date":"2026-04-20","order_number":"2805","order_type":"TRANSFER","birthday":"1992-12-08","file":[{"id":"18aee200-df9a-477f-928e-cc64deb1b1cf","checksum":"15e377f79ece4daa09e0de17d9e51284681571c64c12bc7f7049b5deff68b707"}]},"signature":"perf-test-officer-38.dat"}
2026-04-20 13:12:22,932 INFO [TG_Test 1-60] o.a.j.p.j.s.J.Create payload: Payload={"data":{"first_name":"\u0412\u0430\u0441\u0438\u043b\u0438\u043d\u0430","last_name":"\u041a\u043e\u0432\u0430\u043b\u044c\u0441\u044c\u043a\u0438\u0439","second_name":"\u041e\u043b\u0435\u043a\u0441\u0430\u043d\u0434\u0440\u0456\u0432\u043d\u0430","order_date":"2026-04-20","order_number":"6485","order_type":"TRANSFER","birthday":"2000-07-27","file":[{"id":"8a1102e5-7619-46fa-a2da-7399d24ba3a0","checksum":"15e377f79ece4daa09e0de17d9e51284681571c64c12bc7f7049b5deff68b707"}]}}
2026-04-20 13:12:22,961 INFO [TG_Test 1-21] o.a.j.p.j.s.J.Create payload: formData={"id":"6c2e97f6-3ca1-11f1-beaf-0a580a80027a","taskDefinitionKey":"Activity_11jqc4d","name":"переглянути дані та внести зміни","assignee":"perf-test-officer-21","created":"2026-04-20T10:12:22.759Z","description":null,"processInstanceId":"68480e8c-3ca1-11f1-beaf-0a580a80027a","rootProcessInstanceId":"68480e8c-3ca1-11f1-beaf-0a580a80027a","processDefinitionId":"b29a4815-3a3c-11f1-9c26-0a580a800265","processDefinitionName":"Процес для перевірки збереження декількох сутностей в рамках однієї транзакції - nested entity","formKey":"feature-form-add-thirdform","suspended":false,"formVariables":{},"signatureValidationPack":[],"data":{"order_type":"ENROLLMENT","order_number":"1666","order_date":"2026-04-20T13:17:10.952Z","files":[{"id":"1dd29494-6331-466e-a6ba-5afa0b5fa9cf","checksum":"15e377f79ece4daa09e0de17d9e51284681571c64c12bc7f7049b5deff68b707"}]},"esign":false}
2026-04-20 13:12:22,961 INFO [TG_Test 1-21] o.a.j.p.j.s.J.Create payload: formData={order_type=ENROLLMENT, order_number=1666, order_date=2026-04-20T13:17:10.952Z, files=[{id=1dd29494-6331-466e-a6ba-5afa0b5fa9cf, checksum=15e377f79ece4daa09e0de17d9e51284681571c64c12bc7f7049b5deff68b707}]}
2026-04-20 13:12:22,961 INFO [TG_Test 1-21] o.a.j.p.j.s.J.Create payload: Payload={"data":{"order_type":"ENROLLMENT","order_number":"1666","order_date":"2026-04-20","files":[{"id":"1dd29494-6331-466e-a6ba-5afa0b5fa9cf","checksum":"15e377f79ece4daa09e0de17d9e51284681571c64c12bc7f7049b5deff68b707"}],"birthday":"2003-10-06"}}
2026-04-20 13:12:23,026 INFO [TG_Test 1-59] o.a.j.e.J.Set XSRF Token: === [COOKIE MANAGER] XSRF-TOKEN додано успішно: 309895d5-a185-4f50-a379-c1552e7fa4f2
2026-04-20 13:12:23,044 INFO [TG_Test 1-97] o.a.j.t.JMeterThread: Thread started: TG_Test 1-97
2026-04-20 13:12:23,055 INFO [TG_Test 1-59] o.a.j.p.j.s.J.Create payload: Payload={"data":{"first_name":"\u0417\u043e\u0440\u0435\u0441\u043b\u0430\u0432","last_name":"\u041a\u0430\u043b\u0430\u0447","second_name":"\u0421\u0435\u0440\u0433\u0456\u0439\u043e\u0432\u0438\u0447","order_date":"2026-04-20","order_number":"3800","order_type":"DISMISSAL","birthday":"1971-07-11","file":[{"id":"bfe9bfb4-75a2-4af1-89af-dbfe99c2c883","checksum":"15e377f79ece4daa09e0de17d9e51284681571c64c12bc7f7049b5deff68b707"}]}}
2026-04-20 13:12:23,066 INFO [TG_Test 1-97] o.a.j.e.J.JSR223 - Decode URI: Decoded Redirect URI: https://officer-portal-ck-198-main.apps.krrt-two.ncr.gov.ua/officer/home
vary: Origin
access-control-allow-credentials: true
set-cookie: 107c5fe8f03719f0a4aa22d4e168e5a7=41ffc97b422dde73deb0dd2acd77cc5d; path=/; HttpOnly; Secure; SameSite=None

2026-04-20 13:12:23,066 INFO [TG_Test 1-97] o.a.j.e.J.JSR223 - Decode URI: === Збережено куку балансувальника: 107c5fe8f03719f0a4aa22d4e168e5a7=41ffc97b422dde73deb0dd2acd77cc5d
2026-04-20 13:12:23,069 INFO [TG_Test 1-50] o.a.j.e.J.Set XSRF Token: === [COOKIE MANAGER] XSRF-TOKEN додано успішно: b4dd9371-8991-4ec2-84bb-4bb29b0d722f
2026-04-20 13:12:23,072 INFO [TG_Test 1-96] o.a.j.e.J.JSR223 PostProcessor: === [COOKIE MANAGER] XSRF-TOKEN додано успішно: cb12c911-1732-45dd-82fa-ea52facc72c8
2026-04-20 13:12:23,103 INFO [TG_Test 1-50] o.a.j.p.j.s.J.Create payload: Payload={"data":{"first_name":"\u0406\u0440\u043c\u0430","last_name":"\u0417\u043b\u0435\u043d\u043a\u043e","second_name":"\u0410\u043d\u0430\u0442\u043e\u043b\u0456\u0457\u0432\u043d\u0430","order_date":"2026-04-20","order_number":"6652","order_type":"TRANSFER","birthday":"1986-08-13","file":[{"id":"375f819d-badb-41f8-b8aa-887aca38843e","checksum":"15e377f79ece4daa09e0de17d9e51284681571c64c12bc7f7049b5deff68b707"}]}}
2026-04-20 13:12:23,113 INFO [TG_Test 1-10] o.a.j.p.j.s.J.Create payload: formData={"id":"6c48fdd6-3ca1-11f1-beaf-0a580a80027a","taskDefinitionKey":"signDataActivity","name":"Підписати дані про освітній профіль","assignee":"perf-test-officer-10","created":"2026-04-20T10:12:22.932Z","description":null,"processInstanceId":"66d62f13-3ca1-11f1-beaf-0a580a80027a","rootProcessInstanceId":"66d62f13-3ca1-11f1-beaf-0a580a80027a","processDefinitionId":"b29a4815-3a3c-11f1-9c26-0a580a800265","processDefinitionName":"Процес для перевірки збереження декількох сутностей в рамках однієї транзакції - nested entity","formKey":"feature-form-add-fourth","suspended":false,"formVariables":{},"signatureValidationPack":[],"data":{"order_type":"ENROLLMENT","order_number":"1746","order_date":"2026-04-20","files":[{"id":"10817d46-3cfc-4210-94b3-f7d752a7e957","checksum":"15e377f79ece4daa09e0de17d9e51284681571c64c12bc7f7049b5deff68b707"}],"birthday":"1999-09-07"},"esign":true}
2026-04-20 13:12:23,113 INFO [TG_Test 1-10] o.a.j.p.j.s.J.Create payload: formData={order_type=ENROLLMENT, order_number=1746, order_date=2026-04-20, files=[{id=10817d46-3cfc-4210-94b3-f7d752a7e957, checksum=15e377f79ece4daa09e0de17d9e51284681571c64c12bc7f7049b5deff68b707}], birthday=1999-09-07}
2026-04-20 13:12:23,113 INFO [TG_Test 1-10] o.a.j.p.j.s.J.Create payload: Payload={"data":{"order_type":"ENROLLMENT","order_number":"1746","order_date":"2026-04-20","files":[{"id":"10817d46-3cfc-4210-94b3-f7d752a7e957","checksum":"15e377f79ece4daa09e0de17d9e51284681571c64c12bc7f7049b5deff68b707"}],"birthday":"1999-09-07"},"signature":"perf-test-officer-10.dat"}
2026-04-20 13:12:23,210 INFO [TG_Test 1-47] o.a.j.p.j.s.J.Create payload: formData={"id":"6c54e4c8-3ca1-11f1-beaf-0a580a80027a","taskDefinitionKey":"signPersonProfileActivity","name":"Підписати дані про освітній профіль","assignee":"perf-test-officer-47","created":"2026-04-20T10:12:23.010Z","description":null,"processInstanceId":"6abb586c-3ca1-11f1-beaf-0a580a80027a","rootProcessInstanceId":"6abb586c-3ca1-11f1-beaf-0a580a80027a","processDefinitionId":"b29a4815-3a3c-11f1-9c26-0a580a800265","processDefinitionName":"Процес для перевірки збереження декількох сутностей в рамках однієї транзакції - nested entity","formKey":"feature-form-add-signd","suspended":false,"formVariables":{},"signatureValidationPack":[],"data":{"first_name":"Славолюб","last_name":"Поліщук","second_name":"Анатолійович","order_date":"2026-04-20","order_number":"3676","order_type":"DISMISSAL","birthday":"1986-07-24","file":[{"id":"29d6eb75-eb2c-4a46-982e-aae63f4a0a49","checksum":"15e377f79ece4daa09e0de17d9e51284681571c64c12bc7f7049b5deff68b707"}]},"esign":true}
2026-04-20 13:12:23,210 INFO [TG_Test 1-47] o.a.j.p.j.s.J.Create payload: formData={first_name=Славолюб, last_name=Поліщук, second_name=Анатолійович, order_date=2026-04-20, order_number=3676, order_type=DISMISSAL, birthday=1986-07-24, file=[{id=29d6eb75-eb2c-4a46-982e-aae63f4a0a49, checksum=15e377f79ece4daa09e0de17d9e51284681571c64c12bc7f7049b5deff68b707}]}
2026-04-20 13:12:23,211 INFO [TG_Test 1-47] o.a.j.p.j.s.J.Create payload: Payload={"data":{"first_name":"\u0421\u043b\u0430\u0432\u043e\u043b\u044e\u0431","last_name":"\u041f\u043e\u043b\u0456\u0449\u0443\u043a","second_name":"\u0410\u043d\u0430\u0442\u043e\u043b\u0456\u0439\u043e\u0432\u0438\u0447","order_date":"2026-04-20","order_number":"3676","order_type":"DISMISSAL","birthday":"1986-07-24","file":[{"id":"29d6eb75-eb2c-4a46-982e-aae63f4a0a49","checksum":"15e377f79ece4daa09e0de17d9e51284681571c64c12bc7f7049b5deff68b707"}]},"signature":"perf-test-officer-47.dat"}
2026-04-20 13:12:23,245 INFO [TG_Test 1-98] o.a.j.t.JMeterThread: Thread started: TG_Test 1-98
2026-04-20 13:12:23,270 INFO [TG_Test 1-98] o.a.j.e.J.JSR223 - Decode URI: Decoded Redirect URI: https://officer-portal-ck-198-main.apps.krrt-two.ncr.gov.ua/officer/home
vary: Origin
access-control-allow-credentials: true
set-cookie: 107c5fe8f03719f0a4aa22d4e168e5a7=41ffc97b422dde73deb0dd2acd77cc5d; path=/; HttpOnly; Secure; SameSite=None

2026-04-20 13:12:23,270 INFO [TG_Test 1-98] o.a.j.e.J.JSR223 - Decode URI: === Збережено куку балансувальника: 107c5fe8f03719f0a4aa22d4e168e5a7=41ffc97b422dde73deb0dd2acd77cc5d
2026-04-20 13:12:23,275 INFO [TG_Test 1-20] o.a.j.p.j.s.J.Create payload: formData={"id":"6c5a6314-3ca1-11f1-beaf-0a580a80027a","taskDefinitionKey":"Activity_11jqc4d","name":"переглянути дані та внести зміни","assignee":"perf-test-officer-20","created":"2026-04-20T10:12:23.046Z","description":null,"processInstanceId":"67c4ae5d-3ca1-11f1-beaf-0a580a80027a","rootProcessInstanceId":"67c4ae5d-3ca1-11f1-beaf-0a580a80027a","processDefinitionId":"b29a4815-3a3c-11f1-9c26-0a580a800265","processDefinitionName":"Процес для перевірки збереження декількох сутностей в рамках однієї транзакції - nested entity","formKey":"feature-form-add-thirdform","suspended":false,"formVariables":{},"signatureValidationPack":[],"data":{"order_type":"ENROLLMENT","order_number":"7383","order_date":"2026-04-20T13:17:10.952Z","files":[{"id":"f12b83d6-3cc6-4f78-b854-23f0bb08dbb2","checksum":"15e377f79ece4daa09e0de17d9e51284681571c64c12bc7f7049b5deff68b707"}]},"esign":false}
2026-04-20 13:12:23,276 INFO [TG_Test 1-20] o.a.j.p.j.s.J.Create payload: formData={order_type=ENROLLMENT, order_number=7383, order_date=2026-04-20T13:17:10.952Z, files=[{id=f12b83d6-3cc6-4f78-b854-23f0bb08dbb2, checksum=15e377f79ece4daa09e0de17d9e51284681571c64c12bc7f7049b5deff68b707}]}
2026-04-20 13:12:23,276 INFO [TG_Test 1-20] o.a.j.p.j.s.J.Create payload: Payload={"data":{"order_type":"ENROLLMENT","order_number":"7383","order_date":"2026-04-20","files":[{"id":"f12b83d6-3cc6-4f78-b854-23f0bb08dbb2","checksum":"15e377f79ece4daa09e0de17d9e51284681571c64c12bc7f7049b5deff68b707"}],"birthday":"1995-01-20"}}
2026-04-20 13:12:23,283 INFO [TG_Test 1-97] o.a.j.e.J.JSR223 PostProcessor: === [COOKIE MANAGER] XSRF-TOKEN додано успішно: fb5c40ed-bc46-4be9-9ab2-4604acde3698
2026-04-20 13:12:23,373 INFO [TG_Test 1-4] o.a.j.p.j.s.J.Create payload: formData={"id":"6c6b2c1d-3ca1-11f1-beaf-0a580a80027a","taskDefinitionKey":"signDataActivity","name":"Підписати дані про освітній профіль","assignee":"perf-test-officer-4","created":"2026-04-20T10:12:23.156Z","description":null,"processInstanceId":"66324ebf-3ca1-11f1-beaf-0a580a80027a","rootProcessInstanceId":"66324ebf-3ca1-11f1-beaf-0a580a80027a","processDefinitionId":"b29a4815-3a3c-11f1-9c26-0a580a800265","processDefinitionName":"Процес для перевірки збереження декількох сутностей в рамках однієї транзакції - nested entity","formKey":"feature-form-add-fourth","suspended":false,"formVariables":{},"signatureValidationPack":[],"data":{"order_type":"ENROLLMENT","order_number":"2318","order_date":"2026-04-20","files":[{"id":"507f871f-4d41-4fee-b6c7-af6dd97884bf","checksum":"15e377f79ece4daa09e0de17d9e51284681571c64c12bc7f7049b5deff68b707"}],"birthday":"1986-01-01"},"esign":true}
2026-04-20 13:12:23,373 INFO [TG_Test 1-4] o.a.j.p.j.s.J.Create payload: formData={order_type=ENROLLMENT, order_number=2318, order_date=2026-04-20, files=[{id=507f871f-4d41-4fee-b6c7-af6dd97884bf, checksum=15e377f79ece4daa09e0de17d9e51284681571c64c12bc7f7049b5deff68b707}], birthday=1986-01-01}
2026-04-20 13:12:23,373 INFO [TG_Test 1-4] o.a.j.p.j.s.J.Create payload: Payload={"data":{"order_type":"ENROLLMENT","order_number":"2318","order_date":"2026-04-20","files":[{"id":"507f871f-4d41-4fee-b6c7-af6dd97884bf","checksum":"15e377f79ece4daa09e0de17d9e51284681571c64c12bc7f7049b5deff68b707"}],"birthday":"1986-01-01"},"signature":"perf-test-officer-4.dat"}
2026-04-20 13:12:23,379 INFO [TG_Test 1-45] o.a.j.p.j.s.J.Create payload: formData={"id":"6c6addfa-3ca1-11f1-beaf-0a580a80027a","taskDefinitionKey":"signPersonProfileActivity","name":"Підписати дані про освітній профіль","assignee":"perf-test-officer-45","created":"2026-04-20T10:12:23.154Z","description":null,"processInstanceId":"6ace445e-3ca1-11f1-beaf-0a580a80027a","rootProcessInstanceId":"6ace445e-3ca1-11f1-beaf-0a580a80027a","processDefinitionId":"b29a4815-3a3c-11f1-9c26-0a580a800265","processDefinitionName":"Процес для перевірки збереження декількох сутностей в рамках однієї транзакції - nested entity","formKey":"feature-form-add-signd","suspended":false,"formVariables":{},"signatureValidationPack":[],"data":{"first_name":"Градимир","last_name":"Галатей","second_name":"Васильович","order_date":"2026-04-20","order_number":"6434","order_type":"TRANSFER","birthday":"1975-04-03","file":[{"id":"e8e313fb-df15-4c5f-8c6e-5e2c6c2d7c8c","checksum":"15e377f79ece4daa09e0de17d9e51284681571c64c12bc7f7049b5deff68b707"}]},"esign":true}
2026-04-20 13:12:23,380 INFO [TG_Test 1-45] o.a.j.p.j.s.J.Create payload: formData={first_name=Градимир, last_name=Галатей, second_name=Васильович, order_date=2026-04-20, order_number=6434, order_type=TRANSFER, birthday=1975-04-03, file=[{id=e8e313fb-df15-4c5f-8c6e-5e2c6c2d7c8c, checksum=15e377f79ece4daa09e0de17d9e51284681571c64c12bc7f7049b5deff68b707}]}
2026-04-20 13:12:23,380 INFO [TG_Test 1-45] o.a.j.p.j.s.J.Create payload: Payload={"data":{"first_name":"\u0413\u0440\u0430\u0434\u0438\u043c\u0438\u0440","last_name":"\u0413\u0430\u043b\u0430\u0442\u0435\u0439","second_name":"\u0412\u0430\u0441\u0438\u043b\u044c\u043e\u0432\u0438\u0447","order_date":"2026-04-20","order_number":"6434","order_type":"TRANSFER","birthday":"1975-04-03","file":[{"id":"e8e313fb-df15-4c5f-8c6e-5e2c6c2d7c8c","checksum":"15e377f79ece4daa09e0de17d9e51284681571c64c12bc7f7049b5deff68b707"}]},"signature":"perf-test-officer-45.dat"}
2026-04-20 13:12:23,380 INFO [TG_Test 1-24] o.a.j.p.j.s.J.Create payload: formData={"id":"6c6a1aa3-3ca1-11f1-beaf-0a580a80027a","taskDefinitionKey":"Activity_11jqc4d","name":"переглянути дані та внести зміни","assignee":"perf-test-officer-24","created":"2026-04-20T10:12:23.149Z","description":null,"processInstanceId":"687c8c1f-3ca1-11f1-beaf-0a580a80027a","rootProcessInstanceId":"687c8c1f-3ca1-11f1-beaf-0a580a80027a","processDefinitionId":"b29a4815-3a3c-11f1-9c26-0a580a800265","processDefinitionName":"Процес для перевірки збереження декількох сутностей в рамках однієї транзакції - nested entity","formKey":"feature-form-add-thirdform","suspended":false,"formVariables":{},"signatureValidationPack":[],"data":{"order_type":"DISMISSAL","order_number":"2677","order_date":"2026-04-20T13:17:10.952Z","files":[{"id":"72fa82c3-c834-43c8-86f5-31696604bd98","checksum":"15e377f79ece4daa09e0de17d9e51284681571c64c12bc7f7049b5deff68b707"}]},"esign":false}
2026-04-20 13:12:23,380 INFO [TG_Test 1-24] o.a.j.p.j.s.J.Create payload: formData={order_type=DISMISSAL, order_number=2677, order_date=2026-04-20T13:17:10.952Z, files=[{id=72fa82c3-c834-43c8-86f5-31696604bd98, checksum=15e377f79ece4daa09e0de17d9e51284681571c64c12bc7f7049b5deff68b707}]}
2026-04-20 13:12:23,381 INFO [TG_Test 1-24] o.a.j.p.j.s.J.Create payload: Payload={"data":{"order_type":"DISMISSAL","order_number":"2677","order_date":"2026-04-20","files":[{"id":"72fa82c3-c834-43c8-86f5-31696604bd98","checksum":"15e377f79ece4daa09e0de17d9e51284681571c64c12bc7f7049b5deff68b707"}],"birthday":"1982-01-25"}}
2026-04-20 13:12:23,446 INFO [TG_Test 1-99] o.a.j.t.JMeterThread: Thread started: TG_Test 1-99
2026-04-20 13:12:23,447 INFO [TG_Test 1-58] o.a.j.e.J.Set XSRF Token: === [COOKIE MANAGER] XSRF-TOKEN додано успішно: c6f226b5-2414-4a46-ab4a-c12df1b7d7f9
2026-04-20 13:12:23,465 INFO [TG_Test 1-98] o.a.j.e.J.JSR223 PostProcessor: === [COOKIE MANAGER] XSRF-TOKEN додано успішно: df3b6d0d-b67d-4306-ad7d-b822b84ce69f
2026-04-20 13:12:23,475 INFO [TG_Test 1-26] o.a.j.p.j.s.J.Create payload: formData={"id":"6c7b7ff3-3ca1-11f1-beaf-0a580a80027a","taskDefinitionKey":"Activity_11jqc4d","name":"переглянути дані та внести зміни","assignee":"perf-test-officer-26","created":"2026-04-20T10:12:23.263Z","description":null,"processInstanceId":"682d819f-3ca1-11f1-beaf-0a580a80027a","rootProcessInstanceId":"682d819f-3ca1-11f1-beaf-0a580a80027a","processDefinitionId":"b29a4815-3a3c-11f1-9c26-0a580a800265","processDefinitionName":"Процес для перевірки збереження декількох сутностей в рамках однієї транзакції - nested entity","formKey":"feature-form-add-thirdform","suspended":false,"formVariables":{},"signatureValidationPack":[],"data":{"order_type":"ENROLLMENT","order_number":"4920","order_date":"2026-04-20T13:17:10.952Z","files":[{"id":"f01cc1a6-e764-4409-b8be-e26248a61825","checksum":"15e377f79ece4daa09e0de17d9e51284681571c64c12bc7f7049b5deff68b707"}]},"esign":false}
2026-04-20 13:12:23,475 INFO [TG_Test 1-26] o.a.j.p.j.s.J.Create payload: formData={order_type=ENROLLMENT, order_number=4920, order_date=2026-04-20T13:17:10.952Z, files=[{id=f01cc1a6-e764-4409-b8be-e26248a61825, checksum=15e377f79ece4daa09e0de17d9e51284681571c64c12bc7f7049b5deff68b707}]}
2026-04-20 13:12:23,475 INFO [TG_Test 1-26] o.a.j.p.j.s.J.Create payload: Payload={"data":{"order_type":"ENROLLMENT","order_number":"4920","order_date":"2026-04-20","files":[{"id":"f01cc1a6-e764-4409-b8be-e26248a61825","checksum":"15e377f79ece4daa09e0de17d9e51284681571c64c12bc7f7049b5deff68b707"}],"birthday":"1992-08-30"}}
2026-04-20 13:12:23,488 INFO [TG_Test 1-99] o.a.j.e.J.JSR223 - Decode URI: Decoded Redirect URI: https://officer-portal-ck-198-main.apps.krrt-two.ncr.gov.ua/officer/home
vary: Origin
access-control-allow-credentials: true
set-cookie: 107c5fe8f03719f0a4aa22d4e168e5a7=41ffc97b422dde73deb0dd2acd77cc5d; path=/; HttpOnly; Secure; SameSite=None

2026-04-20 13:12:23,488 INFO [TG_Test 1-99] o.a.j.e.J.JSR223 - Decode URI: === Збережено куку балансувальника: 107c5fe8f03719f0a4aa22d4e168e5a7=41ffc97b422dde73deb0dd2acd77cc5d
2026-04-20 13:12:23,491 INFO [TG_Test 1-58] o.a.j.p.j.s.J.Create payload: Payload={"data":{"first_name":"\u0413\u0435\u043b\u0435\u043d\u0430","last_name":"\u041a\u043e\u0440\u0434\u0443\u043d","second_name":"\u0412\u0430\u0441\u0438\u043b\u0456\u0432\u043d\u0430","order_date":"2026-04-20","order_number":"4854","order_type":"ENROLLMENT","birthday":"1986-07-14","file":[{"id":"5285bd01-4c7d-4ac2-8c0d-9a60227b5318","checksum":"15e377f79ece4daa09e0de17d9e51284681571c64c12bc7f7049b5deff68b707"}]}}
2026-04-20 13:12:23,502 INFO [TG_Test 1-61] o.a.j.m.J.JSR223 PreProcessor: === [XSRF SYNC] Оновлено токен із Cookie Manager: 50478e0a-9fca-48c6-9eca-323b530a3c32
2026-04-20 13:12:23,515 INFO [TG_Test 1-12] o.a.j.p.j.s.J.Create payload: formData={"id":"6c82f90f-3ca1-11f1-beaf-0a580a80027a","taskDefinitionKey":"signDataActivity","name":"Підписати дані про освітній профіль","assignee":"perf-test-officer-12","created":"2026-04-20T10:12:23.312Z","description":null,"processInstanceId":"671ed0ed-3ca1-11f1-beaf-0a580a80027a","rootProcessInstanceId":"671ed0ed-3ca1-11f1-beaf-0a580a80027a","processDefinitionId":"b29a4815-3a3c-11f1-9c26-0a580a800265","processDefinitionName":"Процес для перевірки збереження декількох сутностей в рамках однієї транзакції - nested entity","formKey":"feature-form-add-fourth","suspended":false,"formVariables":{},"signatureValidationPack":[],"data":{"order_type":"TRANSFER","order_number":"7543","order_date":"2026-04-20","files":[{"id":"bc7d2d40-b968-4285-8bb4-d32187f04a53","checksum":"15e377f79ece4daa09e0de17d9e51284681571c64c12bc7f7049b5deff68b707"}],"birthday":"1990-04-16"},"esign":true}
2026-04-20 13:12:23,515 INFO [TG_Test 1-12] o.a.j.p.j.s.J.Create payload: formData={order_type=TRANSFER, order_number=7543, order_date=2026-04-20, files=[{id=bc7d2d40-b968-4285-8bb4-d32187f04a53, checksum=15e377f79ece4daa09e0de17d9e51284681571c64c12bc7f7049b5deff68b707}], birthday=1990-04-16}
2026-04-20 13:12:23,515 INFO [TG_Test 1-12] o.a.j.p.j.s.J.Create payload: Payload={"data":{"order_type":"TRANSFER","order_number":"7543","order_date":"2026-04-20","files":[{"id":"bc7d2d40-b968-4285-8bb4-d32187f04a53","checksum":"15e377f79ece4daa09e0de17d9e51284681571c64c12bc7f7049b5deff68b707"}],"birthday":"1990-04-16"},"signature":"perf-test-officer-12.dat"}
2026-04-20 13:12:23,564 INFO [TG_Test 1-25] o.a.j.p.j.s.J.Create payload: formData={"id":"6c88c57b-3ca1-11f1-beaf-0a580a80027a","taskDefinitionKey":"Activity_11jqc4d","name":"переглянути дані та внести зміни","assignee":"perf-test-officer-25","created":"2026-04-20T10:12:23.350Z","description":null,"processInstanceId":"681b0bf5-3ca1-11f1-beaf-0a580a80027a","rootProcessInstanceId":"681b0bf5-3ca1-11f1-beaf-0a580a80027a","processDefinitionId":"b29a4815-3a3c-11f1-9c26-0a580a800265","processDefinitionName":"Процес для перевірки збереження декількох сутностей в рамках однієї транзакції - nested entity","formKey":"feature-form-add-thirdform","suspended":false,"formVariables":{},"signatureValidationPack":[],"data":{"order_type":"ENROLLMENT","order_number":"2434","order_date":"2026-04-20T13:17:10.952Z","files":[{"id":"46e7ebb6-de56-42c4-a2d7-436333e3dfd1","checksum":"15e377f79ece4daa09e0de17d9e51284681571c64c12bc7f7049b5deff68b707"}]},"esign":false}
2026-04-20 13:12:23,564 INFO [TG_Test 1-25] o.a.j.p.j.s.J.Create payload: formData={order_type=ENROLLMENT, order_number=2434, order_date=2026-04-20T13:17:10.952Z, files=[{id=46e7ebb6-de56-42c4-a2d7-436333e3dfd1, checksum=15e377f79ece4daa09e0de17d9e51284681571c64c12bc7f7049b5deff68b707}]}
2026-04-20 13:12:23,564 INFO [TG_Test 1-25] o.a.j.p.j.s.J.Create payload: Payload={"data":{"order_type":"ENROLLMENT","order_number":"2434","order_date":"2026-04-20","files":[{"id":"46e7ebb6-de56-42c4-a2d7-436333e3dfd1","checksum":"15e377f79ece4daa09e0de17d9e51284681571c64c12bc7f7049b5deff68b707"}],"birthday":"1972-08-18"}}
2026-04-20 13:12:23,635 INFO [TG_Test 1-42] o.a.j.p.j.s.J.Create payload: formData={"id":"6c91ed45-3ca1-11f1-beaf-0a580a80027a","taskDefinitionKey":"signPersonProfileActivity","name":"Підписати дані про освітній профіль","assignee":"perf-test-officer-42","created":"2026-04-20T10:12:23.410Z","description":null,"processInstanceId":"6ac0618c-3ca1-11f1-beaf-0a580a80027a","rootProcessInstanceId":"6ac0618c-3ca1-11f1-beaf-0a580a80027a","processDefinitionId":"b29a4815-3a3c-11f1-9c26-0a580a800265","processDefinitionName":"Процес для перевірки збереження декількох сутностей в рамках однієї транзакції - nested entity","formKey":"feature-form-add-signd","suspended":false,"formVariables":{},"signatureValidationPack":[],"data":{"first_name":"Маркіян","last_name":"Унич","second_name":"Олександрович","order_date":"2026-04-20","order_number":"4595","order_type":"TRANSFER","birthday":"2005-03-07","file":[{"id":"1888aecb-4526-46fe-9f86-33f4eca31e03","checksum":"15e377f79ece4daa09e0de17d9e51284681571c64c12bc7f7049b5deff68b707"}]},"esign":true}
2026-04-20 13:12:23,635 INFO [TG_Test 1-42] o.a.j.p.j.s.J.Create payload: formData={first_name=Маркіян, last_name=Унич, second_name=Олександрович, order_date=2026-04-20, order_number=4595, order_type=TRANSFER, birthday=2005-03-07, file=[{id=1888aecb-4526-46fe-9f86-33f4eca31e03, checksum=15e377f79ece4daa09e0de17d9e51284681571c64c12bc7f7049b5deff68b707}]}
2026-04-20 13:12:23,635 INFO [TG_Test 1-42] o.a.j.p.j.s.J.Create payload: Payload={"data":{"first_name":"\u041c\u0430\u0440\u043a\u0456\u044f\u043d","last_name":"\u0423\u043d\u0438\u0447","second_name":"\u041e\u043b\u0435\u043a\u0441\u0430\u043d\u0434\u0440\u043e\u0432\u0438\u0447","order_date":"2026-04-20","order_number":"4595","order_type":"TRANSFER","birthday":"2005-03-07","file":[{"id":"1888aecb-4526-46fe-9f86-33f4eca31e03","checksum":"15e377f79ece4daa09e0de17d9e51284681571c64c12bc7f7049b5deff68b707"}]},"signature":"perf-test-officer-42.dat"}
2026-04-20 13:12:23,645 INFO [TG_Test 1-100] o.a.j.t.JMeterThread: Thread started: TG_Test 1-100
2026-04-20 13:12:23,658 INFO [TG_Test 1-18] o.a.j.p.j.s.J.Create payload: formData={"id":"6c9ac6f1-3ca1-11f1-beaf-0a580a80027a","taskDefinitionKey":"signDataActivity","name":"Підписати дані про освітній профіль","assignee":"perf-test-officer-18","created":"2026-04-20T10:12:23.468Z","description":null,"processInstanceId":"67487931-3ca1-11f1-beaf-0a580a80027a","rootProcessInstanceId":"67487931-3ca1-11f1-beaf-0a580a80027a","processDefinitionId":"b29a4815-3a3c-11f1-9c26-0a580a800265","processDefinitionName":"Процес для перевірки збереження декількох сутностей в рамках однієї транзакції - nested entity","formKey":"feature-form-add-fourth","suspended":false,"formVariables":{},"signatureValidationPack":[],"data":{"order_type":"TRANSFER","order_number":"7932","order_date":"2026-04-20","files":[{"id":"5cf0e023-38f0-4345-b6d3-648c0daf5725","checksum":"15e377f79ece4daa09e0de17d9e51284681571c64c12bc7f7049b5deff68b707"}],"birthday":"1969-05-28"},"esign":true}
2026-04-20 13:12:23,658 INFO [TG_Test 1-18] o.a.j.p.j.s.J.Create payload: formData={order_type=TRANSFER, order_number=7932, order_date=2026-04-20, files=[{id=5cf0e023-38f0-4345-b6d3-648c0daf5725, checksum=15e377f79ece4daa09e0de17d9e51284681571c64c12bc7f7049b5deff68b707}], birthday=1969-05-28}
2026-04-20 13:12:23,658 INFO [TG_Test 1-18] o.a.j.p.j.s.J.Create payload: Payload={"data":{"order_type":"TRANSFER","order_number":"7932","order_date":"2026-04-20","files":[{"id":"5cf0e023-38f0-4345-b6d3-648c0daf5725","checksum":"15e377f79ece4daa09e0de17d9e51284681571c64c12bc7f7049b5deff68b707"}],"birthday":"1969-05-28"},"signature":"perf-test-officer-18.dat"}
2026-04-20 13:12:23,660 INFO [TG_Test 1-17] o.a.j.p.j.s.J.Create payload: formData={"id":"6c99dc8c-3ca1-11f1-beaf-0a580a80027a","taskDefinitionKey":"signDataActivity","name":"Підписати дані про освітній профіль","assignee":"perf-test-officer-17","created":"2026-04-20T10:12:23.462Z","description":null,"processInstanceId":"6746cb74-3ca1-11f1-beaf-0a580a80027a","rootProcessInstanceId":"6746cb74-3ca1-11f1-beaf-0a580a80027a","processDefinitionId":"b29a4815-3a3c-11f1-9c26-0a580a800265","processDefinitionName":"Процес для перевірки збереження декількох сутностей в рамках однієї транзакції - nested entity","formKey":"feature-form-add-fourth","suspended":false,"formVariables":{},"signatureValidationPack":[],"data":{"order_type":"ENROLLMENT","order_number":"4946","order_date":"2026-04-20","files":[{"id":"fe75c67a-c2cf-404e-a331-0979aa2367b9","checksum":"15e377f79ece4daa09e0de17d9e51284681571c64c12bc7f7049b5deff68b707"}],"birthday":"1983-05-27"},"esign":true}
2026-04-20 13:12:23,661 INFO [TG_Test 1-17] o.a.j.p.j.s.J.Create payload: formData={order_type=ENROLLMENT, order_number=4946, order_date=2026-04-20, files=[{id=fe75c67a-c2cf-404e-a331-0979aa2367b9, checksum=15e377f79ece4daa09e0de17d9e51284681571c64c12bc7f7049b5deff68b707}], birthday=1983-05-27}
2026-04-20 13:12:23,661 INFO [TG_Test 1-17] o.a.j.p.j.s.J.Create payload: Payload={"data":{"order_type":"ENROLLMENT","order_number":"4946","order_date":"2026-04-20","files":[{"id":"fe75c67a-c2cf-404e-a331-0979aa2367b9","checksum":"15e377f79ece4daa09e0de17d9e51284681571c64c12bc7f7049b5deff68b707"}],"birthday":"1983-05-27"},"signature":"perf-test-officer-17.dat"}
2026-04-20 13:12:23,672 INFO [TG_Test 1-100] o.a.j.e.J.JSR223 - Decode URI: Decoded Redirect URI: https://officer-portal-ck-198-main.apps.krrt-two.ncr.gov.ua/officer/home
vary: Origin
access-control-allow-credentials: true
set-cookie: 107c5fe8f03719f0a4aa22d4e168e5a7=41ffc97b422dde73deb0dd2acd77cc5d; path=/; HttpOnly; Secure; SameSite=None

2026-04-20 13:12:23,672 INFO [TG_Test 1-100] o.a.j.e.J.JSR223 - Decode URI: === Збережено куку балансувальника: 107c5fe8f03719f0a4aa22d4e168e5a7=41ffc97b422dde73deb0dd2acd77cc5d
2026-04-20 13:12:23,684 INFO [TG_Test 1-44] o.a.j.p.j.s.J.Create payload: formData={"id":"6c7ba604-3ca1-11f1-beaf-0a580a80027a","taskDefinitionKey":"signPersonProfileActivity","name":"Підписати дані про освітній профіль","assignee":"perf-test-officer-44","created":"2026-04-20T10:12:23.264Z","description":null,"processInstanceId":"6a77e76c-3ca1-11f1-beaf-0a580a80027a","rootProcessInstanceId":"6a77e76c-3ca1-11f1-beaf-0a580a80027a","processDefinitionId":"b29a4815-3a3c-11f1-9c26-0a580a800265","processDefinitionName":"Процес для перевірки збереження декількох сутностей в рамках однієї транзакції - nested entity","formKey":"feature-form-add-signd","suspended":false,"formVariables":{},"signatureValidationPack":[],"data":{"first_name":"Мілана","last_name":"Тарасюк","second_name":"Іванівна","order_date":"2026-04-20","order_number":"1528","order_type":"ENROLLMENT","birthday":"1976-08-27","file":[{"id":"cb1c0375-abf7-44b1-857a-bc771eb66c00","checksum":"15e377f79ece4daa09e0de17d9e51284681571c64c12bc7f7049b5deff68b707"}]},"esign":true}
2026-04-20 13:12:23,684 INFO [TG_Test 1-44] o.a.j.p.j.s.J.Create payload: formData={first_name=Мілана, last_name=Тарасюк, second_name=Іванівна, order_date=2026-04-20, order_number=1528, order_type=ENROLLMENT, birthday=1976-08-27, file=[{id=cb1c0375-abf7-44b1-857a-bc771eb66c00, checksum=15e377f79ece4daa09e0de17d9e51284681571c64c12bc7f7049b5deff68b707}]}
2026-04-20 13:12:23,684 INFO [TG_Test 1-44] o.a.j.p.j.s.J.Create payload: Payload={"data":{"first_name":"\u041c\u0456\u043b\u0430\u043d\u0430","last_name":"\u0422\u0430\u0440\u0430\u0441\u044e\u043a","second_name":"\u0406\u0432\u0430\u043d\u0456\u0432\u043d\u0430","order_date":"2026-04-20","order_number":"1528","order_type":"ENROLLMENT","birthday":"1976-08-27","file":[{"id":"cb1c0375-abf7-44b1-857a-bc771eb66c00","checksum":"15e377f79ece4daa09e0de17d9e51284681571c64c12bc7f7049b5deff68b707"}]},"signature":"perf-test-officer-44.dat"}
2026-04-20 13:12:23,690 INFO [TG_Test 1-19] o.a.j.p.j.s.J.Create payload: formData={"id":"6c9e225d-3ca1-11f1-beaf-0a580a80027a","taskDefinitionKey":"Activity_11jqc4d","name":"переглянути дані та внести зміни","assignee":"perf-test-officer-19","created":"2026-04-20T10:12:23.490Z","description":null,"processInstanceId":"68201412-3ca1-11f1-beaf-0a580a80027a","rootProcessInstanceId":"68201412-3ca1-11f1-beaf-0a580a80027a","processDefinitionId":"b29a4815-3a3c-11f1-9c26-0a580a800265","processDefinitionName":"Процес для перевірки збереження декількох сутностей в рамках однієї транзакції - nested entity","formKey":"feature-form-add-thirdform","suspended":false,"formVariables":{},"signatureValidationPack":[],"data":{"order_type":"DISMISSAL","order_number":"9249","order_date":"2026-04-20T13:17:10.952Z","files":[{"id":"50b76596-eeb7-45f0-a715-ab66ac50044b","checksum":"15e377f79ece4daa09e0de17d9e51284681571c64c12bc7f7049b5deff68b707"}]},"esign":false}
2026-04-20 13:12:23,690 INFO [TG_Test 1-19] o.a.j.p.j.s.J.Create payload: formData={order_type=DISMISSAL, order_number=9249, order_date=2026-04-20T13:17:10.952Z, files=[{id=50b76596-eeb7-45f0-a715-ab66ac50044b, checksum=15e377f79ece4daa09e0de17d9e51284681571c64c12bc7f7049b5deff68b707}]}
2026-04-20 13:12:23,690 INFO [TG_Test 1-19] o.a.j.p.j.s.J.Create payload: Payload={"data":{"order_type":"DISMISSAL","order_number":"9249","order_date":"2026-04-20","files":[{"id":"50b76596-eeb7-45f0-a715-ab66ac50044b","checksum":"15e377f79ece4daa09e0de17d9e51284681571c64c12bc7f7049b5deff68b707"}],"birthday":"1992-08-04"}}
2026-04-20 13:12:23,691 INFO [TG_Test 1-99] o.a.j.e.J.JSR223 PostProcessor: === [COOKIE MANAGER] XSRF-TOKEN додано успішно: 7ef75f77-1c68-4d19-8197-2ccb4a57ce04
2026-04-20 13:12:23,787 INFO [TG_Test 1-14] o.a.j.p.j.s.J.Create payload: formData={"id":"6caec456-3ca1-11f1-beaf-0a580a80027a","taskDefinitionKey":"signDataActivity","name":"Підписати дані про освітній профіль","assignee":"perf-test-officer-14","created":"2026-04-20T10:12:23.599Z","description":null,"processInstanceId":"6703ced0-3ca1-11f1-beaf-0a580a80027a","rootProcessInstanceId":"6703ced0-3ca1-11f1-beaf-0a580a80027a","processDefinitionId":"b29a4815-3a3c-11f1-9c26-0a580a800265","processDefinitionName":"Процес для перевірки збереження декількох сутностей в рамках однієї транзакції - nested entity","formKey":"feature-form-add-fourth","suspended":false,"formVariables":{},"signatureValidationPack":[],"data":{"order_type":"ENROLLMENT","order_number":"8445","order_date":"2026-04-20","files":[{"id":"1c796716-aec0-42bf-ba55-401622dbdd87","checksum":"15e377f79ece4daa09e0de17d9e51284681571c64c12bc7f7049b5deff68b707"}],"birthday":"1996-12-13"},"esign":true}
2026-04-20 13:12:23,787 INFO [TG_Test 1-14] o.a.j.p.j.s.J.Create payload: formData={order_type=ENROLLMENT, order_number=8445, order_date=2026-04-20, files=[{id=1c796716-aec0-42bf-ba55-401622dbdd87, checksum=15e377f79ece4daa09e0de17d9e51284681571c64c12bc7f7049b5deff68b707}], birthday=1996-12-13}
2026-04-20 13:12:23,787 INFO [TG_Test 1-14] o.a.j.p.j.s.J.Create payload: Payload={"data":{"order_type":"ENROLLMENT","order_number":"8445","order_date":"2026-04-20","files":[{"id":"1c796716-aec0-42bf-ba55-401622dbdd87","checksum":"15e377f79ece4daa09e0de17d9e51284681571c64c12bc7f7049b5deff68b707"}],"birthday":"1996-12-13"},"signature":"perf-test-officer-14.dat"}
2026-04-20 13:12:23,861 INFO [TG_Test 1-43] o.a.j.p.j.s.J.Create payload: formData={"id":"6cb6daad-3ca1-11f1-beaf-0a580a80027a","taskDefinitionKey":"signPersonProfileActivity","name":"Підписати дані про освітній профіль","assignee":"perf-test-officer-43","created":"2026-04-20T10:12:23.652Z","description":null,"processInstanceId":"6ab2319a-3ca1-11f1-beaf-0a580a80027a","rootProcessInstanceId":"6ab2319a-3ca1-11f1-beaf-0a580a80027a","processDefinitionId":"b29a4815-3a3c-11f1-9c26-0a580a800265","processDefinitionName":"Процес для перевірки збереження декількох сутностей в рамках однієї транзакції - nested entity","formKey":"feature-form-add-signd","suspended":false,"formVariables":{},"signatureValidationPack":[],"data":{"first_name":"Агрипина","last_name":"Мотрієнко","second_name":"Анатоліївна","order_date":"2026-04-20","order_number":"6595","order_type":"TRANSFER","birthday":"2005-01-19","file":[{"id":"185ad1a6-91de-407a-977b-79e7ca6ddfa0","checksum":"15e377f79ece4daa09e0de17d9e51284681571c64c12bc7f7049b5deff68b707"}]},"esign":true}
2026-04-20 13:12:23,862 INFO [TG_Test 1-43] o.a.j.p.j.s.J.Create payload: formData={first_name=Агрипина, last_name=Мотрієнко, second_name=Анатоліївна, order_date=2026-04-20, order_number=6595, order_type=TRANSFER, birthday=2005-01-19, file=[{id=185ad1a6-91de-407a-977b-79e7ca6ddfa0, checksum=15e377f79ece4daa09e0de17d9e51284681571c64c12bc7f7049b5deff68b707}]}
2026-04-20 13:12:23,862 INFO [TG_Test 1-43] o.a.j.p.j.s.J.Create payload: Payload={"data":{"first_name":"\u0410\u0433\u0440\u0438\u043f\u0438\u043d\u0430","last_name":"\u041c\u043e\u0442\u0440\u0456\u0454\u043d\u043a\u043e","second_name":"\u0410\u043d\u0430\u0442\u043e\u043b\u0456\u0457\u0432\u043d\u0430","order_date":"2026-04-20","order_number":"6595","order_type":"TRANSFER","birthday":"2005-01-19","file":[{"id":"185ad1a6-91de-407a-977b-79e7ca6ddfa0","checksum":"15e377f79ece4daa09e0de17d9e51284681571c64c12bc7f7049b5deff68b707"}]},"signature":"perf-test-officer-43.dat"}
2026-04-20 13:12:23,862 INFO [TG_Test 1-15] o.a.j.p.j.s.J.Create payload: formData={"id":"6cb776f2-3ca1-11f1-beaf-0a580a80027a","taskDefinitionKey":"signDataActivity","name":"Підписати дані про освітній профіль","assignee":"perf-test-officer-15","created":"2026-04-20T10:12:23.656Z","description":null,"processInstanceId":"673f0337-3ca1-11f1-beaf-0a580a80027a","rootProcessInstanceId":"673f0337-3ca1-11f1-beaf-0a580a80027a","processDefinitionId":"b29a4815-3a3c-11f1-9c26-0a580a800265","processDefinitionName":"Процес для перевірки збереження декількох сутностей в рамках однієї транзакції - nested entity","formKey":"feature-form-add-fourth","suspended":false,"formVariables":{},"signatureValidationPack":[],"data":{"order_type":"TRANSFER","order_number":"7329","order_date":"2026-04-20","files":[{"id":"b4ea9650-6036-4269-8151-2572861b4391","checksum":"15e377f79ece4daa09e0de17d9e51284681571c64c12bc7f7049b5deff68b707"}],"birthday":"2002-05-16"},"esign":true}
2026-04-20 13:12:23,862 INFO [TG_Test 1-15] o.a.j.p.j.s.J.Create payload: formData={order_type=TRANSFER, order_number=7329, order_date=2026-04-20, files=[{id=b4ea9650-6036-4269-8151-2572861b4391, checksum=15e377f79ece4daa09e0de17d9e51284681571c64c12bc7f7049b5deff68b707}], birthday=2002-05-16}
2026-04-20 13:12:23,862 INFO [TG_Test 1-15] o.a.j.p.j.s.J.Create payload: Payload={"data":{"order_type":"TRANSFER","order_number":"7329","order_date":"2026-04-20","files":[{"id":"b4ea9650-6036-4269-8151-2572861b4391","checksum":"15e377f79ece4daa09e0de17d9e51284681571c64c12bc7f7049b5deff68b707"}],"birthday":"2002-05-16"},"signature":"perf-test-officer-15.dat"}
2026-04-20 13:12:23,895 INFO [TG_Test 1-100] o.a.j.e.J.JSR223 PostProcessor: === [COOKIE MANAGER] XSRF-TOKEN додано успішно: 6ca02e88-8412-462f-ae7d-0eb804dec4da
2026-04-20 13:12:23,920 INFO [TG_Test 1-61] o.a.j.e.J.Set XSRF Token: === [COOKIE MANAGER] XSRF-TOKEN додано успішно: c4dd898f-1d45-45f4-944b-9249ba5d278f
2026-04-20 13:12:23,961 INFO [TG_Test 1-61] o.a.j.p.j.s.J.Create payload: Payload={"data":{"first_name":"\u0417\u0430\u0445\u0430\u0440","last_name":"\u0411\u0435\u0440\u0434\u043d\u0438\u043a","second_name":"\u0410\u043d\u0430\u0442\u043e\u043b\u0456\u0439\u043e\u0432\u0438\u0447","order_date":"2026-04-20","order_number":"4971","order_type":"DISMISSAL","birthday":"1966-06-01","file":[{"id":"fd387f7c-991f-42ad-9ebe-7531cfb09dad","checksum":"15e377f79ece4daa09e0de17d9e51284681571c64c12bc7f7049b5deff68b707"}]}}
2026-04-20 13:12:23,965 INFO [TG_Test 1-64] o.a.j.m.J.JSR223 PreProcessor: === [XSRF SYNC] Оновлено токен із Cookie Manager: 4e0eb6bb-5aa5-49e2-b676-a32d1ea9122b
2026-04-20 13:12:24,009 INFO [TG_Test 1-13] o.a.j.p.j.s.J.Create payload: formData={"id":"6ccdbe2a-3ca1-11f1-beaf-0a580a80027a","taskDefinitionKey":"signDataActivity","name":"Підписати дані про освітній профіль","assignee":"perf-test-officer-13","created":"2026-04-20T10:12:23.802Z","description":null,"processInstanceId":"67487933-3ca1-11f1-beaf-0a580a80027a","rootProcessInstanceId":"67487933-3ca1-11f1-beaf-0a580a80027a","processDefinitionId":"b29a4815-3a3c-11f1-9c26-0a580a800265","processDefinitionName":"Процес для перевірки збереження декількох сутностей в рамках однієї транзакції - nested entity","formKey":"feature-form-add-fourth","suspended":false,"formVariables":{},"signatureValidationPack":[],"data":{"order_type":"DISMISSAL","order_number":"2962","order_date":"2026-04-20","files":[{"id":"7742541e-fccf-4be8-b553-27fa7d83b859","checksum":"15e377f79ece4daa09e0de17d9e51284681571c64c12bc7f7049b5deff68b707"}],"birthday":"1980-07-27"},"esign":true}
2026-04-20 13:12:24,009 INFO [TG_Test 1-13] o.a.j.p.j.s.J.Create payload: formData={order_type=DISMISSAL, order_number=2962, order_date=2026-04-20, files=[{id=7742541e-fccf-4be8-b553-27fa7d83b859, checksum=15e377f79ece4daa09e0de17d9e51284681571c64c12bc7f7049b5deff68b707}], birthday=1980-07-27}
2026-04-20 13:12:24,009 INFO [TG_Test 1-13] o.a.j.p.j.s.J.Create payload: Payload={"data":{"order_type":"DISMISSAL","order_number":"2962","order_date":"2026-04-20","files":[{"id":"7742541e-fccf-4be8-b553-27fa7d83b859","checksum":"15e377f79ece4daa09e0de17d9e51284681571c64c12bc7f7049b5deff68b707"}],"birthday":"1980-07-27"},"signature":"perf-test-officer-13.dat"}
2026-04-20 13:12:24,134 INFO [TG_Test 1-23] o.a.j.p.j.s.J.Create payload: formData={"id":"6cd0082d-3ca1-11f1-beaf-0a580a80027a","taskDefinitionKey":"Activity_11jqc4d","name":"переглянути дані та внести зміни","assignee":"perf-test-officer-23","created":"2026-04-20T10:12:23.817Z","description":null,"processInstanceId":"687fe78c-3ca1-11f1-beaf-0a580a80027a","rootProcessInstanceId":"687fe78c-3ca1-11f1-beaf-0a580a80027a","processDefinitionId":"b29a4815-3a3c-11f1-9c26-0a580a800265","processDefinitionName":"Процес для перевірки збереження декількох сутностей в рамках однієї транзакції - nested entity","formKey":"feature-form-add-thirdform","suspended":false,"formVariables":{},"signatureValidationPack":[],"data":{"order_type":"TRANSFER","order_number":"9932","order_date":"2026-04-20T13:17:10.952Z","files":[{"id":"9e1bb1e4-7020-4312-af9f-41094454e540","checksum":"15e377f79ece4daa09e0de17d9e51284681571c64c12bc7f7049b5deff68b707"}]},"esign":false}
2026-04-20 13:12:24,134 INFO [TG_Test 1-23] o.a.j.p.j.s.J.Create payload: formData={order_type=TRANSFER, order_number=9932, order_date=2026-04-20T13:17:10.952Z, files=[{id=9e1bb1e4-7020-4312-af9f-41094454e540, checksum=15e377f79ece4daa09e0de17d9e51284681571c64c12bc7f7049b5deff68b707}]}
2026-04-20 13:12:24,134 INFO [TG_Test 1-23] o.a.j.p.j.s.J.Create payload: Payload={"data":{"order_type":"TRANSFER","order_number":"9932","order_date":"2026-04-20","files":[{"id":"9e1bb1e4-7020-4312-af9f-41094454e540","checksum":"15e377f79ece4daa09e0de17d9e51284681571c64c12bc7f7049b5deff68b707"}],"birthday":"1991-02-09"}}
2026-04-20 13:12:24,313 INFO [TG_Test 1-63] o.a.j.m.J.JSR223 PreProcessor: === [XSRF SYNC] Оновлено токен із Cookie Manager: d6493195-1f84-440d-afcc-280f9cfd0ff9
2026-04-20 13:12:24,390 INFO [TG_Test 1-3] o.a.j.e.J.JSR223 - Clear Cookie: === [SESSION CLEAR] HTTP Cookie Manager очищено ===
2026-04-20 13:12:24,390 INFO [TG_Test 1-3] o.a.j.e.J.JSR223 - Clear Cookie: === [SESSION CLEAR] Змінні авторизації видалено. Готові до логіну Провайдера. ===
2026-04-20 13:12:24,391 INFO [TG_Test 1-3] o.a.j.t.JMeterThread: Stop Thread seen for thread TG_Test 1-3, reason: org.apache.jorphan.util.JMeterStopThreadException: End of file:/home/vlad/diia/projects/perf-testing-methodology/test-data/nested-entity-execution-plan.csv detected for CSV DataSet:CSV - Users Data configured with stopThread:true, recycle:false
2026-04-20 13:12:24,391 INFO [TG_Test 1-3] o.a.j.t.JMeterThread: Thread finished: TG_Test 1-3
2026-04-20 13:12:24,394 INFO [TG_Test 1-65] o.a.j.m.J.JSR223 PreProcessor: === [XSRF SYNC] Оновлено токен із Cookie Manager: 83097519-1e96-4e88-9381-65bd16286de4
2026-04-20 13:12:24,455 INFO [TG_Test 1-16] o.a.j.p.j.s.J.Create payload: formData={"id":"6ce58c11-3ca1-11f1-beaf-0a580a80027a","taskDefinitionKey":"signDataActivity","name":"Підписати дані про освітній профіль","assignee":"perf-test-officer-16","created":"2026-04-20T10:12:23.958Z","description":null,"processInstanceId":"67783be7-3ca1-11f1-beaf-0a580a80027a","rootProcessInstanceId":"67783be7-3ca1-11f1-beaf-0a580a80027a","processDefinitionId":"b29a4815-3a3c-11f1-9c26-0a580a800265","processDefinitionName":"Процес для перевірки збереження декількох сутностей в рамках однієї транзакції - nested entity","formKey":"feature-form-add-fourth","suspended":false,"formVariables":{},"signatureValidationPack":[],"data":{"order_type":"TRANSFER","order_number":"1639","order_date":"2026-04-20","files":[{"id":"9712c924-044d-45a2-86d3-ae3092d1d55b","checksum":"15e377f79ece4daa09e0de17d9e51284681571c64c12bc7f7049b5deff68b707"}],"birthday":"1977-11-17"},"esign":true}
2026-04-20 13:12:24,455 INFO [TG_Test 1-16] o.a.j.p.j.s.J.Create payload: formData={order_type=TRANSFER, order_number=1639, order_date=2026-04-20, files=[{id=9712c924-044d-45a2-86d3-ae3092d1d55b, checksum=15e377f79ece4daa09e0de17d9e51284681571c64c12bc7f7049b5deff68b707}], birthday=1977-11-17}
2026-04-20 13:12:24,455 INFO [TG_Test 1-16] o.a.j.p.j.s.J.Create payload: Payload={"data":{"order_type":"TRANSFER","order_number":"1639","order_date":"2026-04-20","files":[{"id":"9712c924-044d-45a2-86d3-ae3092d1d55b","checksum":"15e377f79ece4daa09e0de17d9e51284681571c64c12bc7f7049b5deff68b707"}],"birthday":"1977-11-17"},"signature":"perf-test-officer-16.dat"}
2026-04-20 13:12:24,509 INFO [TG_Test 1-69] o.a.j.m.J.JSR223 PreProcessor: === [XSRF SYNC] Оновлено токен із Cookie Manager: 53b03320-aa59-498b-86b9-e561b2873343
2026-04-20 13:12:24,577 INFO [TG_Test 1-33] o.a.j.p.j.s.J.Create payload: formData={"id":"6d0633b0-3ca1-11f1-beaf-0a580a80027a","taskDefinitionKey":"Activity_11jqc4d","name":"переглянути дані та внести зміни","assignee":"perf-test-officer-33","created":"2026-04-20T10:12:24.172Z","description":null,"processInstanceId":"6910b628-3ca1-11f1-beaf-0a580a80027a","rootProcessInstanceId":"6910b628-3ca1-11f1-beaf-0a580a80027a","processDefinitionId":"b29a4815-3a3c-11f1-9c26-0a580a800265","processDefinitionName":"Процес для перевірки збереження декількох сутностей в рамках однієї транзакції - nested entity","formKey":"feature-form-add-thirdform","suspended":false,"formVariables":{},"signatureValidationPack":[],"data":{"order_type":"TRANSFER","order_number":"7538","order_date":"2026-04-20T13:17:10.952Z","files":[{"id":"abdcbd73-2933-4977-92a1-e48ffe05be7a","checksum":"15e377f79ece4daa09e0de17d9e51284681571c64c12bc7f7049b5deff68b707"}]},"esign":false}
2026-04-20 13:12:24,577 INFO [TG_Test 1-33] o.a.j.p.j.s.J.Create payload: formData={order_type=TRANSFER, order_number=7538, order_date=2026-04-20T13:17:10.952Z, files=[{id=abdcbd73-2933-4977-92a1-e48ffe05be7a, checksum=15e377f79ece4daa09e0de17d9e51284681571c64c12bc7f7049b5deff68b707}]}
2026-04-20 13:12:24,577 INFO [TG_Test 1-33] o.a.j.p.j.s.J.Create payload: Payload={"data":{"order_type":"TRANSFER","order_number":"7538","order_date":"2026-04-20","files":[{"id":"abdcbd73-2933-4977-92a1-e48ffe05be7a","checksum":"15e377f79ece4daa09e0de17d9e51284681571c64c12bc7f7049b5deff68b707"}],"birthday":"2004-01-16"}}
2026-04-20 13:12:24,625 INFO [TG_Test 1-66] o.a.j.m.J.JSR223 PreProcessor: === [XSRF SYNC] Оновлено токен із Cookie Manager: 1cee1255-1094-43f4-af84-a6a65ac5d1d4
2026-04-20 13:12:24,661 INFO [TG_Test 1-46] o.a.j.p.j.s.J.Create payload: formData={"id":"6d0410c0-3ca1-11f1-beaf-0a580a80027a","taskDefinitionKey":"signPersonProfileActivity","name":"Підписати дані про освітній профіль","assignee":"perf-test-officer-46","created":"2026-04-20T10:12:24.158Z","description":null,"processInstanceId":"6b0be9e6-3ca1-11f1-beaf-0a580a80027a","rootProcessInstanceId":"6b0be9e6-3ca1-11f1-beaf-0a580a80027a","processDefinitionId":"b29a4815-3a3c-11f1-9c26-0a580a800265","processDefinitionName":"Процес для перевірки збереження декількох сутностей в рамках однієї транзакції - nested entity","formKey":"feature-form-add-signd","suspended":false,"formVariables":{},"signatureValidationPack":[],"data":{"first_name":"Віталій","last_name":"Гаман","second_name":"Васильович","order_date":"2026-04-20","order_number":"5232","order_type":"DISMISSAL","birthday":"1995-01-09","file":[{"id":"8e2f3314-fdb8-4ae9-98ba-980a4380c0f0","checksum":"15e377f79ece4daa09e0de17d9e51284681571c64c12bc7f7049b5deff68b707"}]},"esign":true}
2026-04-20 13:12:24,661 INFO [TG_Test 1-46] o.a.j.p.j.s.J.Create payload: formData={first_name=Віталій, last_name=Гаман, second_name=Васильович, order_date=2026-04-20, order_number=5232, order_type=DISMISSAL, birthday=1995-01-09, file=[{id=8e2f3314-fdb8-4ae9-98ba-980a4380c0f0, checksum=15e377f79ece4daa09e0de17d9e51284681571c64c12bc7f7049b5deff68b707}]}
2026-04-20 13:12:24,662 INFO [TG_Test 1-46] o.a.j.p.j.s.J.Create payload: Payload={"data":{"first_name":"\u0412\u0456\u0442\u0430\u043b\u0456\u0439","last_name":"\u0413\u0430\u043c\u0430\u043d","second_name":"\u0412\u0430\u0441\u0438\u043b\u044c\u043e\u0432\u0438\u0447","order_date":"2026-04-20","order_number":"5232","order_type":"DISMISSAL","birthday":"1995-01-09","file":[{"id":"8e2f3314-fdb8-4ae9-98ba-980a4380c0f0","checksum":"15e377f79ece4daa09e0de17d9e51284681571c64c12bc7f7049b5deff68b707"}]},"signature":"perf-test-officer-46.dat"}
2026-04-20 13:12:24,707 INFO [TG_Test 1-62] o.a.j.m.J.JSR223 PreProcessor: === [XSRF SYNC] Оновлено токен із Cookie Manager: e42918f5-1abd-465c-9e2f-ae64f6285a27
2026-04-20 13:12:24,781 INFO [TG_Test 1-28] o.a.j.p.j.s.J.Create payload: formData={"id":"6d1bb6a5-3ca1-11f1-beaf-0a580a80027a","taskDefinitionKey":"Activity_11jqc4d","name":"переглянути дані та внести зміни","assignee":"perf-test-officer-28","created":"2026-04-20T10:12:24.313Z","description":null,"processInstanceId":"6903bdc5-3ca1-11f1-beaf-0a580a80027a","rootProcessInstanceId":"6903bdc5-3ca1-11f1-beaf-0a580a80027a","processDefinitionId":"b29a4815-3a3c-11f1-9c26-0a580a800265","processDefinitionName":"Процес для перевірки збереження декількох сутностей в рамках однієї транзакції - nested entity","formKey":"feature-form-add-thirdform","suspended":false,"formVariables":{},"signatureValidationPack":[],"data":{"order_type":"TRANSFER","order_number":"8461","order_date":"2026-04-20T13:17:10.952Z","files":[{"id":"26e04146-02b0-499d-b156-e72a8513a56a","checksum":"15e377f79ece4daa09e0de17d9e51284681571c64c12bc7f7049b5deff68b707"}]},"esign":false}
2026-04-20 13:12:24,781 INFO [TG_Test 1-28] o.a.j.p.j.s.J.Create payload: formData={order_type=TRANSFER, order_number=8461, order_date=2026-04-20T13:17:10.952Z, files=[{id=26e04146-02b0-499d-b156-e72a8513a56a, checksum=15e377f79ece4daa09e0de17d9e51284681571c64c12bc7f7049b5deff68b707}]}
2026-04-20 13:12:24,781 INFO [TG_Test 1-28] o.a.j.p.j.s.J.Create payload: Payload={"data":{"order_type":"TRANSFER","order_number":"8461","order_date":"2026-04-20","files":[{"id":"26e04146-02b0-499d-b156-e72a8513a56a","checksum":"15e377f79ece4daa09e0de17d9e51284681571c64c12bc7f7049b5deff68b707"}],"birthday":"1972-07-23"}}
2026-04-20 13:12:24,820 INFO [TG_Test 1-64] o.a.j.e.J.Set XSRF Token: === [COOKIE MANAGER] XSRF-TOKEN додано успішно: 60b71750-12c5-48a0-9134-a1e396a9a61c
2026-04-20 13:12:24,864 INFO [TG_Test 1-64] o.a.j.p.j.s.J.Create payload: Payload={"data":{"first_name":"\u0410\u0440\u0442\u0435\u043c","last_name":"\u0413\u043d\u0430\u0442\u0438\u0448\u0438\u043d","second_name":"\u041f\u0435\u0442\u0440\u043e\u0432\u0438\u0447","order_date":"2026-04-20","order_number":"8438","order_type":"ENROLLMENT","birthday":"1968-06-22","file":[{"id":"0440bab2-e4e6-4c3e-baa5-a064ad238163","checksum":"15e377f79ece4daa09e0de17d9e51284681571c64c12bc7f7049b5deff68b707"}]}}
2026-04-20 13:12:24,888 INFO [TG_Test 1-6] o.a.j.e.J.JSR223 - Clear Cookie: === [SESSION CLEAR] HTTP Cookie Manager очищено ===
2026-04-20 13:12:24,888 INFO [TG_Test 1-6] o.a.j.e.J.JSR223 - Clear Cookie: === [SESSION CLEAR] Змінні авторизації видалено. Готові до логіну Провайдера. ===
2026-04-20 13:12:24,888 INFO [TG_Test 1-6] o.a.j.t.JMeterThread: Stop Thread seen for thread TG_Test 1-6, reason: org.apache.jorphan.util.JMeterStopThreadException: End of file:/home/vlad/diia/projects/perf-testing-methodology/test-data/nested-entity-execution-plan.csv detected for CSV DataSet:CSV - Users Data configured with stopThread:true, recycle:false
2026-04-20 13:12:24,888 INFO [TG_Test 1-6] o.a.j.t.JMeterThread: Thread finished: TG_Test 1-6
2026-04-20 13:12:24,997 INFO [TG_Test 1-70] o.a.j.m.J.JSR223 PreProcessor: === [XSRF SYNC] Оновлено токен із Cookie Manager: 996a2e04-b56e-497c-9a6d-32b98a0f6ea3
2026-04-20 13:12:25,065 INFO [TG_Test 1-68] o.a.j.m.J.JSR223 PreProcessor: === [XSRF SYNC] Оновлено токен із Cookie Manager: a2e08db2-ff8e-4cd2-a62b-586fb42e59b2
2026-04-20 13:12:25,143 INFO [TG_Test 1-7] o.a.j.e.J.JSR223 - Clear Cookie: === [SESSION CLEAR] HTTP Cookie Manager очищено ===
2026-04-20 13:12:25,143 INFO [TG_Test 1-7] o.a.j.e.J.JSR223 - Clear Cookie: === [SESSION CLEAR] Змінні авторизації видалено. Готові до логіну Провайдера. ===
2026-04-20 13:12:25,143 INFO [TG_Test 1-7] o.a.j.t.JMeterThread: Stop Thread seen for thread TG_Test 1-7, reason: org.apache.jorphan.util.JMeterStopThreadException: End of file:/home/vlad/diia/projects/perf-testing-methodology/test-data/nested-entity-execution-plan.csv detected for CSV DataSet:CSV - Users Data configured with stopThread:true, recycle:false
2026-04-20 13:12:25,143 INFO [TG_Test 1-7] o.a.j.t.JMeterThread: Thread finished: TG_Test 1-7
2026-04-20 13:12:25,194 INFO [TG_Test 1-39] o.a.j.p.j.s.J.Create payload: formData={"id":"6d36b8ea-3ca1-11f1-beaf-0a580a80027a","taskDefinitionKey":"Activity_11jqc4d","name":"переглянути дані та внести зміни","assignee":"perf-test-officer-39","created":"2026-04-20T10:12:24.490Z","description":null,"processInstanceId":"69740c42-3ca1-11f1-beaf-0a580a80027a","rootProcessInstanceId":"69740c42-3ca1-11f1-beaf-0a580a80027a","processDefinitionId":"b29a4815-3a3c-11f1-9c26-0a580a800265","processDefinitionName":"Процес для перевірки збереження декількох сутностей в рамках однієї транзакції - nested entity","formKey":"feature-form-add-thirdform","suspended":false,"formVariables":{},"signatureValidationPack":[],"data":{"order_type":"TRANSFER","order_number":"6293","order_date":"2026-04-20T13:17:10.952Z","files":[{"id":"17de250d-c66d-41ba-8378-640ae607c85d","checksum":"15e377f79ece4daa09e0de17d9e51284681571c64c12bc7f7049b5deff68b707"}]},"esign":false}
2026-04-20 13:12:25,194 INFO [TG_Test 1-39] o.a.j.p.j.s.J.Create payload: formData={order_type=TRANSFER, order_number=6293, order_date=2026-04-20T13:17:10.952Z, files=[{id=17de250d-c66d-41ba-8378-640ae607c85d, checksum=15e377f79ece4daa09e0de17d9e51284681571c64c12bc7f7049b5deff68b707}]}
2026-04-20 13:12:25,194 INFO [TG_Test 1-39] o.a.j.p.j.s.J.Create payload: Payload={"data":{"order_type":"TRANSFER","order_number":"6293","order_date":"2026-04-20","files":[{"id":"17de250d-c66d-41ba-8378-640ae607c85d","checksum":"15e377f79ece4daa09e0de17d9e51284681571c64c12bc7f7049b5deff68b707"}],"birthday":"1976-10-20"}}
2026-04-20 13:12:25,232 INFO [TG_Test 1-72] o.a.j.m.J.JSR223 PreProcessor: === [XSRF SYNC] Оновлено токен із Cookie Manager: ca3d3b6a-efb5-44a6-81fd-80c50e46cfa4
2026-04-20 13:12:25,279 INFO [TG_Test 1-67] o.a.j.m.J.JSR223 PreProcessor: === [XSRF SYNC] Оновлено токен із Cookie Manager: 29c14430-efce-4451-868b-201854b323b5
2026-04-20 13:12:25,374 INFO [TG_Test 1-63] o.a.j.e.J.Set XSRF Token: === [COOKIE MANAGER] XSRF-TOKEN додано успішно: 789f1732-006c-4506-9acc-cff2eddaca09
2026-04-20 13:12:25,420 INFO [TG_Test 1-63] o.a.j.p.j.s.J.Create payload: Payload={"data":{"first_name":"\u041c\u0435\u0447\u0438\u0441\u043b\u0430\u0432","last_name":"\u0413\u043e\u043b\u043e\u0432\u0435\u0446\u044c","second_name":"\u0410\u043d\u0430\u0442\u043e\u043b\u0456\u0439\u043e\u0432\u0438\u0447","order_date":"2026-04-20","order_number":"4180","order_type":"DISMISSAL","birthday":"1980-06-18","file":[{"id":"eda1c2d0-0c5c-4454-907d-7f8537f476c7","checksum":"15e377f79ece4daa09e0de17d9e51284681571c64c12bc7f7049b5deff68b707"}]}}
2026-04-20 13:12:25,481 INFO [TG_Test 1-71] o.a.j.m.J.JSR223 PreProcessor: === [XSRF SYNC] Оновлено токен із Cookie Manager: 9e3bb818-0d18-4283-9255-02d00fa98f86
2026-04-20 13:12:25,483 INFO [TG_Test 1-5] o.a.j.e.J.JSR223 - Clear Cookie: === [SESSION CLEAR] HTTP Cookie Manager очищено ===
2026-04-20 13:12:25,483 INFO [TG_Test 1-5] o.a.j.e.J.JSR223 - Clear Cookie: === [SESSION CLEAR] Змінні авторизації видалено. Готові до логіну Провайдера. ===
2026-04-20 13:12:25,483 INFO [TG_Test 1-5] o.a.j.t.JMeterThread: Stop Thread seen for thread TG_Test 1-5, reason: org.apache.jorphan.util.JMeterStopThreadException: End of file:/home/vlad/diia/projects/perf-testing-methodology/test-data/nested-entity-execution-plan.csv detected for CSV DataSet:CSV - Users Data configured with stopThread:true, recycle:false
2026-04-20 13:12:25,483 INFO [TG_Test 1-5] o.a.j.t.JMeterThread: Thread finished: TG_Test 1-5
2026-04-20 13:12:25,508 INFO [TG_Test 1-36] o.a.j.p.j.s.J.Create payload: formData={"id":"6d5e6573-3ca1-11f1-beaf-0a580a80027a","taskDefinitionKey":"Activity_11jqc4d","name":"переглянути дані та внести зміни","assignee":"perf-test-officer-36","created":"2026-04-20T10:12:24.750Z","description":null,"processInstanceId":"696c9223-3ca1-11f1-beaf-0a580a80027a","rootProcessInstanceId":"696c9223-3ca1-11f1-beaf-0a580a80027a","processDefinitionId":"b29a4815-3a3c-11f1-9c26-0a580a800265","processDefinitionName":"Процес для перевірки збереження декількох сутностей в рамках однієї транзакції - nested entity","formKey":"feature-form-add-thirdform","suspended":false,"formVariables":{},"signatureValidationPack":[],"data":{"order_type":"DISMISSAL","order_number":"2683","order_date":"2026-04-20T13:17:10.952Z","files":[{"id":"a00370ae-e00b-451e-b117-e39108771e00","checksum":"15e377f79ece4daa09e0de17d9e51284681571c64c12bc7f7049b5deff68b707"}]},"esign":false}
2026-04-20 13:12:25,508 INFO [TG_Test 1-36] o.a.j.p.j.s.J.Create payload: formData={order_type=DISMISSAL, order_number=2683, order_date=2026-04-20T13:17:10.952Z, files=[{id=a00370ae-e00b-451e-b117-e39108771e00, checksum=15e377f79ece4daa09e0de17d9e51284681571c64c12bc7f7049b5deff68b707}]}
2026-04-20 13:12:25,508 INFO [TG_Test 1-36] o.a.j.p.j.s.J.Create payload: Payload={"data":{"order_type":"DISMISSAL","order_number":"2683","order_date":"2026-04-20","files":[{"id":"a00370ae-e00b-451e-b117-e39108771e00","checksum":"15e377f79ece4daa09e0de17d9e51284681571c64c12bc7f7049b5deff68b707"}],"birthday":"1992-06-06"}}
2026-04-20 13:12:25,593 INFO [TG_Test 1-32] o.a.j.p.j.s.J.Create payload: formData={"id":"6d5341cd-3ca1-11f1-beaf-0a580a80027a","taskDefinitionKey":"Activity_11jqc4d","name":"переглянути дані та внести зміни","assignee":"perf-test-officer-32","created":"2026-04-20T10:12:24.677Z","description":null,"processInstanceId":"69413c3e-3ca1-11f1-beaf-0a580a80027a","rootProcessInstanceId":"69413c3e-3ca1-11f1-beaf-0a580a80027a","processDefinitionId":"b29a4815-3a3c-11f1-9c26-0a580a800265","processDefinitionName":"Процес для перевірки збереження декількох сутностей в рамках однієї транзакції - nested entity","formKey":"feature-form-add-thirdform","suspended":false,"formVariables":{},"signatureValidationPack":[],"data":{"order_type":"TRANSFER","order_number":"9648","order_date":"2026-04-20T13:17:10.952Z","files":[{"id":"45dd7f4b-6764-4588-8a29-789ea16f6da1","checksum":"15e377f79ece4daa09e0de17d9e51284681571c64c12bc7f7049b5deff68b707"}]},"esign":false}
2026-04-20 13:12:25,593 INFO [TG_Test 1-32] o.a.j.p.j.s.J.Create payload: formData={order_type=TRANSFER, order_number=9648, order_date=2026-04-20T13:17:10.952Z, files=[{id=45dd7f4b-6764-4588-8a29-789ea16f6da1, checksum=15e377f79ece4daa09e0de17d9e51284681571c64c12bc7f7049b5deff68b707}]}
2026-04-20 13:12:25,593 INFO [TG_Test 1-32] o.a.j.p.j.s.J.Create payload: Payload={"data":{"order_type":"TRANSFER","order_number":"9648","order_date":"2026-04-20","files":[{"id":"45dd7f4b-6764-4588-8a29-789ea16f6da1","checksum":"15e377f79ece4daa09e0de17d9e51284681571c64c12bc7f7049b5deff68b707"}],"birthday":"1973-02-14"}}
2026-04-20 13:12:25,630 INFO [TG_Test 1-8] o.a.j.e.J.JSR223 - Clear Cookie: === [SESSION CLEAR] HTTP Cookie Manager очищено ===
2026-04-20 13:12:25,630 INFO [TG_Test 1-8] o.a.j.e.J.JSR223 - Clear Cookie: === [SESSION CLEAR] Змінні авторизації видалено. Готові до логіну Провайдера. ===
2026-04-20 13:12:25,630 INFO [TG_Test 1-8] o.a.j.t.JMeterThread: Stop Thread seen for thread TG_Test 1-8, reason: org.apache.jorphan.util.JMeterStopThreadException: End of file:/home/vlad/diia/projects/perf-testing-methodology/test-data/nested-entity-execution-plan.csv detected for CSV DataSet:CSV - Users Data configured with stopThread:true, recycle:false
2026-04-20 13:12:25,630 INFO [TG_Test 1-8] o.a.j.t.JMeterThread: Thread finished: TG_Test 1-8
2026-04-20 13:12:25,643 INFO [TG_Test 1-74] o.a.j.m.J.JSR223 PreProcessor: === [XSRF SYNC] Оновлено токен із Cookie Manager: 2e41712f-2081-4ad0-812e-18f46bb0f5b0
2026-04-20 13:12:25,651 INFO [TG_Test 1-65] o.a.j.e.J.Set XSRF Token: === [COOKIE MANAGER] XSRF-TOKEN додано успішно: c779d5d7-b9f4-4998-9177-f13566daccc9
2026-04-20 13:12:25,693 INFO [TG_Test 1-65] o.a.j.p.j.s.J.Create payload: Payload={"data":{"first_name":"\u0410\u043b\u0435\u0432\u0442\u0438\u043d\u0430","last_name":"\u0421\u0442\u0438\u0433\u0430\u0439\u043b\u043e","second_name":"\u0406\u0432\u0430\u043d\u0456\u0432\u043d\u0430","order_date":"2026-04-20","order_number":"9364","order_type":"TRANSFER","birthday":"1975-05-29","file":[{"id":"64a52728-5f52-4000-b7d2-6e7dc80808c9","checksum":"15e377f79ece4daa09e0de17d9e51284681571c64c12bc7f7049b5deff68b707"}]}}
2026-04-20 13:12:25,698 INFO [TG_Test 1-22] o.a.j.p.j.s.J.Create payload: formData={"id":"6d4c8b01-3ca1-11f1-beaf-0a580a80027a","taskDefinitionKey":"signDataActivity","name":"Підписати дані про освітній профіль","assignee":"perf-test-officer-22","created":"2026-04-20T10:12:24.633Z","description":null,"processInstanceId":"67990a64-3ca1-11f1-beaf-0a580a80027a","rootProcessInstanceId":"67990a64-3ca1-11f1-beaf-0a580a80027a","processDefinitionId":"b29a4815-3a3c-11f1-9c26-0a580a800265","processDefinitionName":"Процес для перевірки збереження декількох сутностей в рамках однієї транзакції - nested entity","formKey":"feature-form-add-fourth","suspended":false,"formVariables":{},"signatureValidationPack":[],"data":{"order_type":"DISMISSAL","order_number":"4021","order_date":"2026-04-20","files":[{"id":"b10834a5-59f6-42ac-8aec-aa375cc775a7","checksum":"15e377f79ece4daa09e0de17d9e51284681571c64c12bc7f7049b5deff68b707"}],"birthday":"1992-10-15"},"esign":true}
2026-04-20 13:12:25,698 INFO [TG_Test 1-22] o.a.j.p.j.s.J.Create payload: formData={order_type=DISMISSAL, order_number=4021, order_date=2026-04-20, files=[{id=b10834a5-59f6-42ac-8aec-aa375cc775a7, checksum=15e377f79ece4daa09e0de17d9e51284681571c64c12bc7f7049b5deff68b707}], birthday=1992-10-15}
2026-04-20 13:12:25,698 INFO [TG_Test 1-22] o.a.j.p.j.s.J.Create payload: Payload={"data":{"order_type":"DISMISSAL","order_number":"4021","order_date":"2026-04-20","files":[{"id":"b10834a5-59f6-42ac-8aec-aa375cc775a7","checksum":"15e377f79ece4daa09e0de17d9e51284681571c64c12bc7f7049b5deff68b707"}],"birthday":"1992-10-15"},"signature":"perf-test-officer-22.dat"}
2026-04-20 13:12:25,716 INFO [TG_Test 1-34] o.a.j.p.j.s.J.Create payload: formData={"id":"6d85c3df-3ca1-11f1-beaf-0a580a80027a","taskDefinitionKey":"Activity_11jqc4d","name":"переглянути дані та внести зміни","assignee":"perf-test-officer-34","created":"2026-04-20T10:12:25.008Z","description":null,"processInstanceId":"69d95d8b-3ca1-11f1-beaf-0a580a80027a","rootProcessInstanceId":"69d95d8b-3ca1-11f1-beaf-0a580a80027a","processDefinitionId":"b29a4815-3a3c-11f1-9c26-0a580a800265","processDefinitionName":"Процес для перевірки збереження декількох сутностей в рамках однієї транзакції - nested entity","formKey":"feature-form-add-thirdform","suspended":false,"formVariables":{},"signatureValidationPack":[],"data":{"order_type":"TRANSFER","order_number":"4045","order_date":"2026-04-20T13:17:10.952Z","files":[{"id":"e1cebd4d-e26f-4c57-a15c-1bf2a0ec35af","checksum":"15e377f79ece4daa09e0de17d9e51284681571c64c12bc7f7049b5deff68b707"}]},"esign":false}
2026-04-20 13:12:25,716 INFO [TG_Test 1-34] o.a.j.p.j.s.J.Create payload: formData={order_type=TRANSFER, order_number=4045, order_date=2026-04-20T13:17:10.952Z, files=[{id=e1cebd4d-e26f-4c57-a15c-1bf2a0ec35af, checksum=15e377f79ece4daa09e0de17d9e51284681571c64c12bc7f7049b5deff68b707}]}
2026-04-20 13:12:25,716 INFO [TG_Test 1-34] o.a.j.p.j.s.J.Create payload: Payload={"data":{"order_type":"TRANSFER","order_number":"4045","order_date":"2026-04-20","files":[{"id":"e1cebd4d-e26f-4c57-a15c-1bf2a0ec35af","checksum":"15e377f79ece4daa09e0de17d9e51284681571c64c12bc7f7049b5deff68b707"}],"birthday":"1992-11-19"}}
2026-04-20 13:12:25,932 INFO [TG_Test 1-11] o.a.j.p.j.s.J.Create payload: formData={"id":"6db7a89d-3ca1-11f1-beaf-0a580a80027a","taskDefinitionKey":"signDataActivity","name":"Підписати дані про освітній профіль","assignee":"perf-test-officer-11","created":"2026-04-20T10:12:25.335Z","description":null,"processInstanceId":"672f72ca-3ca1-11f1-beaf-0a580a80027a","rootProcessInstanceId":"672f72ca-3ca1-11f1-beaf-0a580a80027a","processDefinitionId":"b29a4815-3a3c-11f1-9c26-0a580a800265","processDefinitionName":"Процес для перевірки збереження декількох сутностей в рамках однієї транзакції - nested entity","formKey":"feature-form-add-fourth","suspended":false,"formVariables":{},"signatureValidationPack":[],"data":{"order_type":"TRANSFER","order_number":"3507","order_date":"2026-04-20","files":[{"id":"27e1430e-e4ed-41be-b18d-2ed5a88b7a44","checksum":"15e377f79ece4daa09e0de17d9e51284681571c64c12bc7f7049b5deff68b707"}],"birthday":"1990-01-03"},"esign":true}
2026-04-20 13:12:25,933 INFO [TG_Test 1-11] o.a.j.p.j.s.J.Create payload: formData={order_type=TRANSFER, order_number=3507, order_date=2026-04-20, files=[{id=27e1430e-e4ed-41be-b18d-2ed5a88b7a44, checksum=15e377f79ece4daa09e0de17d9e51284681571c64c12bc7f7049b5deff68b707}], birthday=1990-01-03}
2026-04-20 13:12:25,933 INFO [TG_Test 1-11] o.a.j.p.j.s.J.Create payload: Payload={"data":{"order_type":"TRANSFER","order_number":"3507","order_date":"2026-04-20","files":[{"id":"27e1430e-e4ed-41be-b18d-2ed5a88b7a44","checksum":"15e377f79ece4daa09e0de17d9e51284681571c64c12bc7f7049b5deff68b707"}],"birthday":"1990-01-03"},"signature":"perf-test-officer-11.dat"}
2026-04-20 13:12:25,935 INFO [TG_Test 1-2] o.a.j.e.J.JSR223 - Clear Cookie: === [SESSION CLEAR] HTTP Cookie Manager очищено ===
2026-04-20 13:12:25,935 INFO [TG_Test 1-2] o.a.j.e.J.JSR223 - Clear Cookie: === [SESSION CLEAR] Змінні авторизації видалено. Готові до логіну Провайдера. ===
2026-04-20 13:12:25,935 INFO [TG_Test 1-2] o.a.j.t.JMeterThread: Stop Thread seen for thread TG_Test 1-2, reason: org.apache.jorphan.util.JMeterStopThreadException: End of file:/home/vlad/diia/projects/perf-testing-methodology/test-data/nested-entity-execution-plan.csv detected for CSV DataSet:CSV - Users Data configured with stopThread:true, recycle:false
2026-04-20 13:12:25,935 INFO [TG_Test 1-2] o.a.j.t.JMeterThread: Thread finished: TG_Test 1-2
2026-04-20 13:12:25,943 INFO [TG_Test 1-77] o.a.j.m.J.JSR223 PreProcessor: === [XSRF SYNC] Оновлено токен із Cookie Manager: cbfc496e-ab5a-46d1-9b68-df1aafb66fee
2026-04-20 13:12:25,948 INFO [TG_Test 1-69] o.a.j.e.J.Set XSRF Token: === [COOKIE MANAGER] XSRF-TOKEN додано успішно: efee1fdb-026d-462b-9e0c-96a04590335c
2026-04-20 13:12:25,985 INFO [TG_Test 1-69] o.a.j.p.j.s.J.Create payload: Payload={"data":{"first_name":"\u0417\u0432\u0435\u043d\u0438\u0433\u043e\u0440","last_name":"\u0428\u0435\u0432\u0447\u0435\u043d\u043a\u043e","second_name":"\u0421\u0435\u0440\u0433\u0456\u0439\u043e\u0432\u0438\u0447","order_date":"2026-04-20","order_number":"2102","order_type":"TRANSFER","birthday":"2007-05-02","file":[{"id":"cbf059b7-5da3-40cc-b24b-6d07b9acf55c","checksum":"15e377f79ece4daa09e0de17d9e51284681571c64c12bc7f7049b5deff68b707"}]}}
2026-04-20 13:12:26,007 INFO [TG_Test 1-29] o.a.j.p.j.s.J.Create payload: formData={"id":"6dad4850-3ca1-11f1-beaf-0a580a80027a","taskDefinitionKey":"Activity_11jqc4d","name":"переглянути дані та внести зміни","assignee":"perf-test-officer-29","created":"2026-04-20T10:12:25.267Z","description":null,"processInstanceId":"69355541-3ca1-11f1-beaf-0a580a80027a","rootProcessInstanceId":"69355541-3ca1-11f1-beaf-0a580a80027a","processDefinitionId":"b29a4815-3a3c-11f1-9c26-0a580a800265","processDefinitionName":"Процес для перевірки збереження декількох сутностей в рамках однієї транзакції - nested entity","formKey":"feature-form-add-thirdform","suspended":false,"formVariables":{},"signatureValidationPack":[],"data":{"order_type":"TRANSFER","order_number":"2772","order_date":"2026-04-20T13:17:10.952Z","files":[{"id":"afdeb3f2-d44d-455d-a237-9721bc994426","checksum":"15e377f79ece4daa09e0de17d9e51284681571c64c12bc7f7049b5deff68b707"}]},"esign":false}
2026-04-20 13:12:26,008 INFO [TG_Test 1-29] o.a.j.p.j.s.J.Create payload: formData={order_type=TRANSFER, order_number=2772, order_date=2026-04-20T13:17:10.952Z, files=[{id=afdeb3f2-d44d-455d-a237-9721bc994426, checksum=15e377f79ece4daa09e0de17d9e51284681571c64c12bc7f7049b5deff68b707}]}
2026-04-20 13:12:26,008 INFO [TG_Test 1-29] o.a.j.p.j.s.J.Create payload: Payload={"data":{"order_type":"TRANSFER","order_number":"2772","order_date":"2026-04-20","files":[{"id":"afdeb3f2-d44d-455d-a237-9721bc994426","checksum":"15e377f79ece4daa09e0de17d9e51284681571c64c12bc7f7049b5deff68b707"}],"birthday":"2006-04-02"}}
2026-04-20 13:12:26,063 INFO [TG_Test 1-56] o.a.j.p.j.s.J.Create payload: formData={"id":"6dd542f3-3ca1-11f1-beaf-0a580a80027a","taskDefinitionKey":"signPersonProfileActivity","name":"Підписати дані про освітній профіль","assignee":"perf-test-officer-56","created":"2026-04-20T10:12:25.529Z","description":null,"processInstanceId":"6c04c877-3ca1-11f1-beaf-0a580a80027a","rootProcessInstanceId":"6c04c877-3ca1-11f1-beaf-0a580a80027a","processDefinitionId":"b29a4815-3a3c-11f1-9c26-0a580a800265","processDefinitionName":"Процес для перевірки збереження декількох сутностей в рамках однієї транзакції - nested entity","formKey":"feature-form-add-signd","suspended":false,"formVariables":{},"signatureValidationPack":[],"data":{"first_name":"Афанасія","last_name":"Червоній","second_name":"Петрівна","order_date":"2026-04-20","order_number":"2877","order_type":"ENROLLMENT","birthday":"2005-03-26","file":[{"id":"8f3b05e4-3468-48ee-b547-840162981deb","checksum":"15e377f79ece4daa09e0de17d9e51284681571c64c12bc7f7049b5deff68b707"}]},"esign":true}
2026-04-20 13:12:26,063 INFO [TG_Test 1-56] o.a.j.p.j.s.J.Create payload: formData={first_name=Афанасія, last_name=Червоній, second_name=Петрівна, order_date=2026-04-20, order_number=2877, order_type=ENROLLMENT, birthday=2005-03-26, file=[{id=8f3b05e4-3468-48ee-b547-840162981deb, checksum=15e377f79ece4daa09e0de17d9e51284681571c64c12bc7f7049b5deff68b707}]}
2026-04-20 13:12:26,063 INFO [TG_Test 1-56] o.a.j.p.j.s.J.Create payload: Payload={"data":{"first_name":"\u0410\u0444\u0430\u043d\u0430\u0441\u0456\u044f","last_name":"\u0427\u0435\u0440\u0432\u043e\u043d\u0456\u0439","second_name":"\u041f\u0435\u0442\u0440\u0456\u0432\u043d\u0430","order_date":"2026-04-20","order_number":"2877","order_type":"ENROLLMENT","birthday":"2005-03-26","file":[{"id":"8f3b05e4-3468-48ee-b547-840162981deb","checksum":"15e377f79ece4daa09e0de17d9e51284681571c64c12bc7f7049b5deff68b707"}]},"signature":"perf-test-officer-56.dat"}
2026-04-20 13:12:26,073 INFO [TG_Test 1-54] o.a.j.p.j.s.J.Create payload: formData={"id":"6de6a830-3ca1-11f1-beaf-0a580a80027a","taskDefinitionKey":"signPersonProfileActivity","name":"Підписати дані про освітній профіль","assignee":"perf-test-officer-54","created":"2026-04-20T10:12:25.643Z","description":null,"processInstanceId":"6bc88376-3ca1-11f1-beaf-0a580a80027a","rootProcessInstanceId":"6bc88376-3ca1-11f1-beaf-0a580a80027a","processDefinitionId":"b29a4815-3a3c-11f1-9c26-0a580a800265","processDefinitionName":"Процес для перевірки збереження декількох сутностей в рамках однієї транзакції - nested entity","formKey":"feature-form-add-signd","suspended":false,"formVariables":{},"signatureValidationPack":[],"data":{"first_name":"Богдан","last_name":"Ромочко","second_name":"Анатолійович","order_date":"2026-04-20","order_number":"7712","order_type":"DISMISSAL","birthday":"2006-09-07","file":[{"id":"b9acf6f7-0c37-4784-82db-22cb15cd65ff","checksum":"15e377f79ece4daa09e0de17d9e51284681571c64c12bc7f7049b5deff68b707"}]},"esign":true}
2026-04-20 13:12:26,073 INFO [TG_Test 1-54] o.a.j.p.j.s.J.Create payload: formData={first_name=Богдан, last_name=Ромочко, second_name=Анатолійович, order_date=2026-04-20, order_number=7712, order_type=DISMISSAL, birthday=2006-09-07, file=[{id=b9acf6f7-0c37-4784-82db-22cb15cd65ff, checksum=15e377f79ece4daa09e0de17d9e51284681571c64c12bc7f7049b5deff68b707}]}
2026-04-20 13:12:26,073 INFO [TG_Test 1-54] o.a.j.p.j.s.J.Create payload: Payload={"data":{"first_name":"\u0411\u043e\u0433\u0434\u0430\u043d","last_name":"\u0420\u043e\u043c\u043e\u0447\u043a\u043e","second_name":"\u0410\u043d\u0430\u0442\u043e\u043b\u0456\u0439\u043e\u0432\u0438\u0447","order_date":"2026-04-20","order_number":"7712","order_type":"DISMISSAL","birthday":"2006-09-07","file":[{"id":"b9acf6f7-0c37-4784-82db-22cb15cd65ff","checksum":"15e377f79ece4daa09e0de17d9e51284681571c64c12bc7f7049b5deff68b707"}]},"signature":"perf-test-officer-54.dat"}
2026-04-20 13:12:26,116 INFO [TG_Test 1-48] o.a.j.p.j.s.J.Create payload: formData={"id":"6dd65468-3ca1-11f1-beaf-0a580a80027a","taskDefinitionKey":"signPersonProfileActivity","name":"Підписати дані про освітній профіль","assignee":"perf-test-officer-48","created":"2026-04-20T10:12:25.536Z","description":null,"processInstanceId":"6b67ec29-3ca1-11f1-beaf-0a580a80027a","rootProcessInstanceId":"6b67ec29-3ca1-11f1-beaf-0a580a80027a","processDefinitionId":"b29a4815-3a3c-11f1-9c26-0a580a800265","processDefinitionName":"Процес для перевірки збереження декількох сутностей в рамках однієї транзакції - nested entity","formKey":"feature-form-add-signd","suspended":false,"formVariables":{},"signatureValidationPack":[],"data":{"first_name":"Яромир","last_name":"Сторчак","second_name":"Анатолійович","order_date":"2026-04-20","order_number":"8483","order_type":"TRANSFER","birthday":"1993-05-26","file":[{"id":"637c17e6-974c-405b-ba15-f76f7bb114c1","checksum":"15e377f79ece4daa09e0de17d9e51284681571c64c12bc7f7049b5deff68b707"}]},"esign":true}
2026-04-20 13:12:26,116 INFO [TG_Test 1-48] o.a.j.p.j.s.J.Create payload: formData={first_name=Яромир, last_name=Сторчак, second_name=Анатолійович, order_date=2026-04-20, order_number=8483, order_type=TRANSFER, birthday=1993-05-26, file=[{id=637c17e6-974c-405b-ba15-f76f7bb114c1, checksum=15e377f79ece4daa09e0de17d9e51284681571c64c12bc7f7049b5deff68b707}]}
2026-04-20 13:12:26,116 INFO [TG_Test 1-48] o.a.j.p.j.s.J.Create payload: Payload={"data":{"first_name":"\u042f\u0440\u043e\u043c\u0438\u0440","last_name":"\u0421\u0442\u043e\u0440\u0447\u0430\u043a","second_name":"\u0410\u043d\u0430\u0442\u043e\u043b\u0456\u0439\u043e\u0432\u0438\u0447","order_date":"2026-04-20","order_number":"8483","order_type":"TRANSFER","birthday":"1993-05-26","file":[{"id":"637c17e6-974c-405b-ba15-f76f7bb114c1","checksum":"15e377f79ece4daa09e0de17d9e51284681571c64c12bc7f7049b5deff68b707"}]},"signature":"perf-test-officer-48.dat"}
2026-04-20 13:12:26,199 INFO [TG_Test 1-62] o.a.j.e.J.Set XSRF Token: === [COOKIE MANAGER] XSRF-TOKEN додано успішно: cfe8f495-006e-435e-9e1e-9d705fb52433
2026-04-20 13:12:26,218 INFO [TG_Test 1-37] o.a.j.p.j.s.J.Create payload: formData={"id":"6dbd4e02-3ca1-11f1-beaf-0a580a80027a","taskDefinitionKey":"Activity_11jqc4d","name":"переглянути дані та внести зміни","assignee":"perf-test-officer-37","created":"2026-04-20T10:12:25.372Z","description":null,"processInstanceId":"69c33d42-3ca1-11f1-beaf-0a580a80027a","rootProcessInstanceId":"69c33d42-3ca1-11f1-beaf-0a580a80027a","processDefinitionId":"b29a4815-3a3c-11f1-9c26-0a580a800265","processDefinitionName":"Процес для перевірки збереження декількох сутностей в рамках однієї транзакції - nested entity","formKey":"feature-form-add-thirdform","suspended":false,"formVariables":{},"signatureValidationPack":[],"data":{"order_type":"ENROLLMENT","order_number":"2746","order_date":"2026-04-20T13:17:10.952Z","files":[{"id":"f2ca4ba5-c367-4705-b11d-d2fa6ac8730b","checksum":"15e377f79ece4daa09e0de17d9e51284681571c64c12bc7f7049b5deff68b707"}]},"esign":false}
2026-04-20 13:12:26,218 INFO [TG_Test 1-37] o.a.j.p.j.s.J.Create payload: formData={order_type=ENROLLMENT, order_number=2746, order_date=2026-04-20T13:17:10.952Z, files=[{id=f2ca4ba5-c367-4705-b11d-d2fa6ac8730b, checksum=15e377f79ece4daa09e0de17d9e51284681571c64c12bc7f7049b5deff68b707}]}
2026-04-20 13:12:26,218 INFO [TG_Test 1-37] o.a.j.p.j.s.J.Create payload: Payload={"data":{"order_type":"ENROLLMENT","order_number":"2746","order_date":"2026-04-20","files":[{"id":"f2ca4ba5-c367-4705-b11d-d2fa6ac8730b","checksum":"15e377f79ece4daa09e0de17d9e51284681571c64c12bc7f7049b5deff68b707"}],"birthday":"1968-01-08"}}
2026-04-20 13:12:26,229 INFO [TG_Test 1-9] o.a.j.e.J.JSR223 - Clear Cookie: === [SESSION CLEAR] HTTP Cookie Manager очищено ===
2026-04-20 13:12:26,229 INFO [TG_Test 1-9] o.a.j.e.J.JSR223 - Clear Cookie: === [SESSION CLEAR] Змінні авторизації видалено. Готові до логіну Провайдера. ===
2026-04-20 13:12:26,230 INFO [TG_Test 1-9] o.a.j.t.JMeterThread: Stop Thread seen for thread TG_Test 1-9, reason: org.apache.jorphan.util.JMeterStopThreadException: End of file:/home/vlad/diia/projects/perf-testing-methodology/test-data/nested-entity-execution-plan.csv detected for CSV DataSet:CSV - Users Data configured with stopThread:true, recycle:false
2026-04-20 13:12:26,230 INFO [TG_Test 1-9] o.a.j.t.JMeterThread: Thread finished: TG_Test 1-9
2026-04-20 13:12:26,234 INFO [TG_Test 1-62] o.a.j.p.j.s.J.Create payload: Payload={"data":{"first_name":"\u0421\u043e\u043b\u043e\u0433\u0443\u0431","last_name":"\u0421\u043b\u043e\u0431\u043e\u0434\u044f\u043d","second_name":"\u0410\u043d\u0430\u0442\u043e\u043b\u0456\u0439\u043e\u0432\u0438\u0447","order_date":"2026-04-20","order_number":"4030","order_type":"TRANSFER","birthday":"1995-04-17","file":[{"id":"9d6f52a5-70af-4a50-b7a1-78751b2b41ba","checksum":"15e377f79ece4daa09e0de17d9e51284681571c64c12bc7f7049b5deff68b707"}]}}
2026-04-20 13:12:26,242 INFO [TG_Test 1-55] o.a.j.p.j.s.J.Create payload: formData={"id":"6ddda77a-3ca1-11f1-beaf-0a580a80027a","taskDefinitionKey":"signPersonProfileActivity","name":"Підписати дані про освітній профіль","assignee":"perf-test-officer-55","created":"2026-04-20T10:12:25.584Z","description":null,"processInstanceId":"6bc6d5b8-3ca1-11f1-beaf-0a580a80027a","rootProcessInstanceId":"6bc6d5b8-3ca1-11f1-beaf-0a580a80027a","processDefinitionId":"b29a4815-3a3c-11f1-9c26-0a580a800265","processDefinitionName":"Процес для перевірки збереження декількох сутностей в рамках однієї транзакції - nested entity","formKey":"feature-form-add-signd","suspended":false,"formVariables":{},"signatureValidationPack":[],"data":{"first_name":"Віргінія","last_name":"Балакун","second_name":"Іванівна","order_date":"2026-04-20","order_number":"5533","order_type":"DISMISSAL","birthday":"1988-04-29","file":[{"id":"7b5596ce-189c-4733-b195-e5179136e890","checksum":"15e377f79ece4daa09e0de17d9e51284681571c64c12bc7f7049b5deff68b707"}]},"esign":true}
2026-04-20 13:12:26,242 INFO [TG_Test 1-55] o.a.j.p.j.s.J.Create payload: formData={first_name=Віргінія, last_name=Балакун, second_name=Іванівна, order_date=2026-04-20, order_number=5533, order_type=DISMISSAL, birthday=1988-04-29, file=[{id=7b5596ce-189c-4733-b195-e5179136e890, checksum=15e377f79ece4daa09e0de17d9e51284681571c64c12bc7f7049b5deff68b707}]}
2026-04-20 13:12:26,242 INFO [TG_Test 1-55] o.a.j.p.j.s.J.Create payload: Payload={"data":{"first_name":"\u0412\u0456\u0440\u0433\u0456\u043d\u0456\u044f","last_name":"\u0411\u0430\u043b\u0430\u043a\u0443\u043d","second_name":"\u0406\u0432\u0430\u043d\u0456\u0432\u043d\u0430","order_date":"2026-04-20","order_number":"5533","order_type":"DISMISSAL","birthday":"1988-04-29","file":[{"id":"7b5596ce-189c-4733-b195-e5179136e890","checksum":"15e377f79ece4daa09e0de17d9e51284681571c64c12bc7f7049b5deff68b707"}]},"signature":"perf-test-officer-55.dat"}
2026-04-20 13:12:26,245 INFO [TG_Test 1-70] o.a.j.e.J.Set XSRF Token: === [COOKIE MANAGER] XSRF-TOKEN додано успішно: 40218fe8-9f54-4583-af13-8c2a5e9b6f44
2026-04-20 13:12:26,256 INFO [TG_Test 1-73] o.a.j.m.J.JSR223 PreProcessor: === [XSRF SYNC] Оновлено токен із Cookie Manager: 9f08e2ed-6151-4c68-9526-5fb87026a92e
2026-04-20 13:12:26,281 INFO [TG_Test 1-70] o.a.j.p.j.s.J.Create payload: Payload={"data":{"first_name":"\u0421\u043b\u0430\u0432\u0430","last_name":"\u041a\u043e\u0432\u0430\u043b\u0435\u043d\u043a\u043e","second_name":"\u041e\u043b\u0435\u043a\u0441\u0430\u043d\u0434\u0440\u0456\u0432\u043d\u0430","order_date":"2026-04-20","order_number":"2715","order_type":"DISMISSAL","birthday":"1974-09-29","file":[{"id":"eba6713c-5c67-4554-8688-7b2f1ee8da8d","checksum":"15e377f79ece4daa09e0de17d9e51284681571c64c12bc7f7049b5deff68b707"}]}}
2026-04-20 13:12:26,351 INFO [TG_Test 1-35] o.a.j.p.j.s.J.Create payload: formData={"id":"6df46400-3ca1-11f1-beaf-0a580a80027a","taskDefinitionKey":"Activity_11jqc4d","name":"переглянути дані та внести зміни","assignee":"perf-test-officer-35","created":"2026-04-20T10:12:25.733Z","description":null,"processInstanceId":"69a8891c-3ca1-11f1-beaf-0a580a80027a","rootProcessInstanceId":"69a8891c-3ca1-11f1-beaf-0a580a80027a","processDefinitionId":"b29a4815-3a3c-11f1-9c26-0a580a800265","processDefinitionName":"Процес для перевірки збереження декількох сутностей в рамках однієї транзакції - nested entity","formKey":"feature-form-add-thirdform","suspended":false,"formVariables":{},"signatureValidationPack":[],"data":{"order_type":"TRANSFER","order_number":"5196","order_date":"2026-04-20T13:17:10.952Z","files":[{"id":"7f6c3f90-5a5b-43db-8077-240c3fd1b981","checksum":"15e377f79ece4daa09e0de17d9e51284681571c64c12bc7f7049b5deff68b707"}]},"esign":false}
2026-04-20 13:12:26,351 INFO [TG_Test 1-35] o.a.j.p.j.s.J.Create payload: formData={order_type=TRANSFER, order_number=5196, order_date=2026-04-20T13:17:10.952Z, files=[{id=7f6c3f90-5a5b-43db-8077-240c3fd1b981, checksum=15e377f79ece4daa09e0de17d9e51284681571c64c12bc7f7049b5deff68b707}]}
2026-04-20 13:12:26,351 INFO [TG_Test 1-35] o.a.j.p.j.s.J.Create payload: Payload={"data":{"order_type":"TRANSFER","order_number":"5196","order_date":"2026-04-20","files":[{"id":"7f6c3f90-5a5b-43db-8077-240c3fd1b981","checksum":"15e377f79ece4daa09e0de17d9e51284681571c64c12bc7f7049b5deff68b707"}],"birthday":"1998-08-16"}}
2026-04-20 13:12:26,358 INFO [TG_Test 1-51] o.a.j.p.j.s.J.Create payload: formData={"id":"6dcc694c-3ca1-11f1-beaf-0a580a80027a","taskDefinitionKey":"signPersonProfileActivity","name":"Підписати дані про освітній профіль","assignee":"perf-test-officer-51","created":"2026-04-20T10:12:25.471Z","description":null,"processInstanceId":"6ba3e411-3ca1-11f1-beaf-0a580a80027a","rootProcessInstanceId":"6ba3e411-3ca1-11f1-beaf-0a580a80027a","processDefinitionId":"b29a4815-3a3c-11f1-9c26-0a580a800265","processDefinitionName":"Процес для перевірки збереження декількох сутностей в рамках однієї транзакції - nested entity","formKey":"feature-form-add-signd","suspended":false,"formVariables":{},"signatureValidationPack":[],"data":{"first_name":"Августин","last_name":"Третяк","second_name":"Миколайович","order_date":"2026-04-20","order_number":"5861","order_type":"ENROLLMENT","birthday":"1978-02-15","file":[{"id":"08b61ba1-3135-473b-9d92-09b4ebcb02a8","checksum":"15e377f79ece4daa09e0de17d9e51284681571c64c12bc7f7049b5deff68b707"}]},"esign":true}
2026-04-20 13:12:26,358 INFO [TG_Test 1-51] o.a.j.p.j.s.J.Create payload: formData={first_name=Августин, last_name=Третяк, second_name=Миколайович, order_date=2026-04-20, order_number=5861, order_type=ENROLLMENT, birthday=1978-02-15, file=[{id=08b61ba1-3135-473b-9d92-09b4ebcb02a8, checksum=15e377f79ece4daa09e0de17d9e51284681571c64c12bc7f7049b5deff68b707}]}
2026-04-20 13:12:26,358 INFO [TG_Test 1-51] o.a.j.p.j.s.J.Create payload: Payload={"data":{"first_name":"\u0410\u0432\u0433\u0443\u0441\u0442\u0438\u043d","last_name":"\u0422\u0440\u0435\u0442\u044f\u043a","second_name":"\u041c\u0438\u043a\u043e\u043b\u0430\u0439\u043e\u0432\u0438\u0447","order_date":"2026-04-20","order_number":"5861","order_type":"ENROLLMENT","birthday":"1978-02-15","file":[{"id":"08b61ba1-3135-473b-9d92-09b4ebcb02a8","checksum":"15e377f79ece4daa09e0de17d9e51284681571c64c12bc7f7049b5deff68b707"}]},"signature":"perf-test-officer-51.dat"}
2026-04-20 13:12:26,401 INFO [TG_Test 1-52] o.a.j.p.j.s.J.Create payload: formData={"id":"6dfc7a56-3ca1-11f1-beaf-0a580a80027a","taskDefinitionKey":"signPersonProfileActivity","name":"Підписати дані про освітній профіль","assignee":"perf-test-officer-52","created":"2026-04-20T10:12:25.786Z","description":null,"processInstanceId":"6b7fe126-3ca1-11f1-beaf-0a580a80027a","rootProcessInstanceId":"6b7fe126-3ca1-11f1-beaf-0a580a80027a","processDefinitionId":"b29a4815-3a3c-11f1-9c26-0a580a800265","processDefinitionName":"Процес для перевірки збереження декількох сутностей в рамках однієї транзакції - nested entity","formKey":"feature-form-add-signd","suspended":false,"formVariables":{},"signatureValidationPack":[],"data":{"first_name":"Мар’ян","last_name":"Ткаченко","second_name":"Іванович","order_date":"2026-04-20","order_number":"2362","order_type":"ENROLLMENT","birthday":"1983-08-29","file":[{"id":"a7722337-4955-4350-b0c1-6f4981dad6c0","checksum":"15e377f79ece4daa09e0de17d9e51284681571c64c12bc7f7049b5deff68b707"}]},"esign":true}
2026-04-20 13:12:26,401 INFO [TG_Test 1-52] o.a.j.p.j.s.J.Create payload: formData={first_name=Мар’ян, last_name=Ткаченко, second_name=Іванович, order_date=2026-04-20, order_number=2362, order_type=ENROLLMENT, birthday=1983-08-29, file=[{id=a7722337-4955-4350-b0c1-6f4981dad6c0, checksum=15e377f79ece4daa09e0de17d9e51284681571c64c12bc7f7049b5deff68b707}]}
2026-04-20 13:12:26,401 INFO [TG_Test 1-52] o.a.j.p.j.s.J.Create payload: Payload={"data":{"first_name":"\u041c\u0430\u0440\u2019\u044f\u043d","last_name":"\u0422\u043a\u0430\u0447\u0435\u043d\u043a\u043e","second_name":"\u0406\u0432\u0430\u043d\u043e\u0432\u0438\u0447","order_date":"2026-04-20","order_number":"2362","order_type":"ENROLLMENT","birthday":"1983-08-29","file":[{"id":"a7722337-4955-4350-b0c1-6f4981dad6c0","checksum":"15e377f79ece4daa09e0de17d9e51284681571c64c12bc7f7049b5deff68b707"}]},"signature":"perf-test-officer-52.dat"}
2026-04-20 13:12:26,519 INFO [TG_Test 1-72] o.a.j.e.J.Set XSRF Token: === [COOKIE MANAGER] XSRF-TOKEN додано успішно: 3ed78ba3-896f-4526-80cb-c6a14758a3d0
2026-04-20 13:12:26,526 INFO [TG_Test 1-49] o.a.j.p.j.s.J.Create payload: formData={"id":"6e07c513-3ca1-11f1-beaf-0a580a80027a","taskDefinitionKey":"signPersonProfileActivity","name":"Підписати дані про освітній профіль","assignee":"perf-test-officer-49","created":"2026-04-20T10:12:25.860Z","description":null,"processInstanceId":"6bb1edfd-3ca1-11f1-beaf-0a580a80027a","rootProcessInstanceId":"6bb1edfd-3ca1-11f1-beaf-0a580a80027a","processDefinitionId":"b29a4815-3a3c-11f1-9c26-0a580a800265","processDefinitionName":"Процес для перевірки збереження декількох сутностей в рамках однієї транзакції - nested entity","formKey":"feature-form-add-signd","suspended":false,"formVariables":{},"signatureValidationPack":[],"data":{"first_name":"Милослава","last_name":"Головець","second_name":"Василівна","order_date":"2026-04-20","order_number":"9628","order_type":"TRANSFER","birthday":"1990-06-29","file":[{"id":"eb29cfec-6b95-4506-8b63-918208a9cf4c","checksum":"15e377f79ece4daa09e0de17d9e51284681571c64c12bc7f7049b5deff68b707"}]},"esign":true}
2026-04-20 13:12:26,526 INFO [TG_Test 1-49] o.a.j.p.j.s.J.Create payload: formData={first_name=Милослава, last_name=Головець, second_name=Василівна, order_date=2026-04-20, order_number=9628, order_type=TRANSFER, birthday=1990-06-29, file=[{id=eb29cfec-6b95-4506-8b63-918208a9cf4c, checksum=15e377f79ece4daa09e0de17d9e51284681571c64c12bc7f7049b5deff68b707}]}
2026-04-20 13:12:26,526 INFO [TG_Test 1-49] o.a.j.p.j.s.J.Create payload: Payload={"data":{"first_name":"\u041c\u0438\u043b\u043e\u0441\u043b\u0430\u0432\u0430","last_name":"\u0413\u043e\u043b\u043e\u0432\u0435\u0446\u044c","second_name":"\u0412\u0430\u0441\u0438\u043b\u0456\u0432\u043d\u0430","order_date":"2026-04-20","order_number":"9628","order_type":"TRANSFER","birthday":"1990-06-29","file":[{"id":"eb29cfec-6b95-4506-8b63-918208a9cf4c","checksum":"15e377f79ece4daa09e0de17d9e51284681571c64c12bc7f7049b5deff68b707"}]},"signature":"perf-test-officer-49.dat"}
2026-04-20 13:12:26,550 INFO [TG_Test 1-72] o.a.j.p.j.s.J.Create payload: Payload={"data":{"first_name":"\u0410\u0440\u0445\u0438\u043f","last_name":"\u041b\u0430\u0445\u043c\u0430\u043d","second_name":"\u041c\u0438\u043a\u043e\u043b\u0430\u0439\u043e\u0432\u0438\u0447","order_date":"2026-04-20","order_number":"1445","order_type":"DISMISSAL","birthday":"2005-08-20","file":[{"id":"563bac3c-9f16-4e8e-860a-c7eb5acea99a","checksum":"15e377f79ece4daa09e0de17d9e51284681571c64c12bc7f7049b5deff68b707"}]}}
2026-04-20 13:12:26,553 INFO [TG_Test 1-68] o.a.j.e.J.Set XSRF Token: === [COOKIE MANAGER] XSRF-TOKEN додано успішно: 7ed378ec-ce14-407c-b727-a4a74d60264a
2026-04-20 13:12:26,583 INFO [TG_Test 1-68] o.a.j.p.j.s.J.Create payload: Payload={"data":{"first_name":"\u041a\u0438\u0439","last_name":"\u041b\u0430\u0433\u043e\u0439\u0434\u0430","second_name":"\u0406\u0432\u0430\u043d\u043e\u0432\u0438\u0447","order_date":"2026-04-20","order_number":"1703","order_type":"ENROLLMENT","birthday":"2007-09-16","file":[{"id":"f8563f85-37ef-4452-989d-8573afc55442","checksum":"15e377f79ece4daa09e0de17d9e51284681571c64c12bc7f7049b5deff68b707"}]}}
2026-04-20 13:12:26,585 INFO [TG_Test 1-66] o.a.j.e.J.Set XSRF Token: === [COOKIE MANAGER] XSRF-TOKEN додано успішно: e6b48e6e-dc4b-4162-a286-51bf50611b3e
2026-04-20 13:12:26,617 INFO [TG_Test 1-66] o.a.j.p.j.s.J.Create payload: Payload={"data":{"first_name":"\u041e\u0440\u0435\u0441\u0442\u0430","last_name":"\u0411\u0430\u043d\u0434\u0435\u0440\u0430","second_name":"\u041c\u0438\u043a\u043e\u043b\u0430\u0457\u0432\u043d\u0430","order_date":"2026-04-20","order_number":"1538","order_type":"DISMISSAL","birthday":"1996-05-05","file":[{"id":"f1b812e8-1402-4374-b0e4-bdf00a40bb14","checksum":"15e377f79ece4daa09e0de17d9e51284681571c64c12bc7f7049b5deff68b707"}]}}
2026-04-20 13:12:26,662 INFO [TG_Test 1-31] o.a.j.p.j.s.J.Create payload: formData={"id":"6e0b6e9f-3ca1-11f1-beaf-0a580a80027a","taskDefinitionKey":"Activity_11jqc4d","name":"переглянути дані та внести зміни","assignee":"perf-test-officer-31","created":"2026-04-20T10:12:25.884Z","description":null,"processInstanceId":"69a8d740-3ca1-11f1-beaf-0a580a80027a","rootProcessInstanceId":"69a8d740-3ca1-11f1-beaf-0a580a80027a","processDefinitionId":"b29a4815-3a3c-11f1-9c26-0a580a800265","processDefinitionName":"Процес для перевірки збереження декількох сутностей в рамках однієї транзакції - nested entity","formKey":"feature-form-add-thirdform","suspended":false,"formVariables":{},"signatureValidationPack":[],"data":{"order_type":"DISMISSAL","order_number":"2703","order_date":"2026-04-20T13:17:10.952Z","files":[{"id":"1b58e0d3-579e-418b-aab1-17564acee3d5","checksum":"15e377f79ece4daa09e0de17d9e51284681571c64c12bc7f7049b5deff68b707"}]},"esign":false}
2026-04-20 13:12:26,663 INFO [TG_Test 1-31] o.a.j.p.j.s.J.Create payload: formData={order_type=DISMISSAL, order_number=2703, order_date=2026-04-20T13:17:10.952Z, files=[{id=1b58e0d3-579e-418b-aab1-17564acee3d5, checksum=15e377f79ece4daa09e0de17d9e51284681571c64c12bc7f7049b5deff68b707}]}
2026-04-20 13:12:26,663 INFO [TG_Test 1-31] o.a.j.p.j.s.J.Create payload: Payload={"data":{"order_type":"DISMISSAL","order_number":"2703","order_date":"2026-04-20","files":[{"id":"1b58e0d3-579e-418b-aab1-17564acee3d5","checksum":"15e377f79ece4daa09e0de17d9e51284681571c64c12bc7f7049b5deff68b707"}],"birthday":"1995-08-06"}}
2026-04-20 13:12:26,805 INFO [TG_Test 1-53] o.a.j.p.j.s.J.Create payload: formData={"id":"6dff3989-3ca1-11f1-beaf-0a580a80027a","taskDefinitionKey":"signPersonProfileActivity","name":"Підписати дані про освітній профіль","assignee":"perf-test-officer-53","created":"2026-04-20T10:12:25.804Z","description":null,"processInstanceId":"6ba4805e-3ca1-11f1-beaf-0a580a80027a","rootProcessInstanceId":"6ba4805e-3ca1-11f1-beaf-0a580a80027a","processDefinitionId":"b29a4815-3a3c-11f1-9c26-0a580a800265","processDefinitionName":"Процес для перевірки збереження декількох сутностей в рамках однієї транзакції - nested entity","formKey":"feature-form-add-signd","suspended":false,"formVariables":{},"signatureValidationPack":[],"data":{"first_name":"Людомила","last_name":"Гриневський","second_name":"Олексіївна","order_date":"2026-04-20","order_number":"8097","order_type":"DISMISSAL","birthday":"1974-05-19","file":[{"id":"41d16530-482e-4e4c-8c26-4161714019e8","checksum":"15e377f79ece4daa09e0de17d9e51284681571c64c12bc7f7049b5deff68b707"}]},"esign":true}
2026-04-20 13:12:26,805 INFO [TG_Test 1-53] o.a.j.p.j.s.J.Create payload: formData={first_name=Людомила, last_name=Гриневський, second_name=Олексіївна, order_date=2026-04-20, order_number=8097, order_type=DISMISSAL, birthday=1974-05-19, file=[{id=41d16530-482e-4e4c-8c26-4161714019e8, checksum=15e377f79ece4daa09e0de17d9e51284681571c64c12bc7f7049b5deff68b707}]}
2026-04-20 13:12:26,805 INFO [TG_Test 1-53] o.a.j.p.j.s.J.Create payload: Payload={"data":{"first_name":"\u041b\u044e\u0434\u043e\u043c\u0438\u043b\u0430","last_name":"\u0413\u0440\u0438\u043d\u0435\u0432\u0441\u044c\u043a\u0438\u0439","second_name":"\u041e\u043b\u0435\u043a\u0441\u0456\u0457\u0432\u043d\u0430","order_date":"2026-04-20","order_number":"8097","order_type":"DISMISSAL","birthday":"1974-05-19","file":[{"id":"41d16530-482e-4e4c-8c26-4161714019e8","checksum":"15e377f79ece4daa09e0de17d9e51284681571c64c12bc7f7049b5deff68b707"}]},"signature":"perf-test-officer-53.dat"}
2026-04-20 13:12:26,887 INFO [TG_Test 1-74] o.a.j.e.J.Set XSRF Token: === [COOKIE MANAGER] XSRF-TOKEN додано успішно: b9fc0cfd-8d5f-456b-a1d1-799caae5f54f
2026-04-20 13:12:26,915 INFO [TG_Test 1-67] o.a.j.e.J.Set XSRF Token: === [COOKIE MANAGER] XSRF-TOKEN додано успішно: 8ad365e2-dfd3-485c-a1c8-098b94f72a10
2026-04-20 13:12:26,934 INFO [TG_Test 1-74] o.a.j.p.j.s.J.Create payload: Payload={"data":{"first_name":"\u0413\u0435\u043b\u0435\u043d\u0430","last_name":"\u0422\u0438\u043d\u0434\u0430\u0440\u0435\u0439","second_name":"\u0412\u0430\u0441\u0438\u043b\u0456\u0432\u043d\u0430","order_date":"2026-04-20","order_number":"8709","order_type":"ENROLLMENT","birthday":"2005-04-22","file":[{"id":"2af95335-6a4c-4ffe-aa2a-7e48d77932d1","checksum":"15e377f79ece4daa09e0de17d9e51284681571c64c12bc7f7049b5deff68b707"}]}}
2026-04-20 13:12:26,962 INFO [TG_Test 1-67] o.a.j.p.j.s.J.Create payload: Payload={"data":{"first_name":"\u0420\u043e\u0434\u0456\u043e\u043d","last_name":"\u0411\u0443\u0440\u043c\u0438\u043b\u043e","second_name":"\u0406\u0432\u0430\u043d\u043e\u0432\u0438\u0447","order_date":"2026-04-20","order_number":"6258","order_type":"ENROLLMENT","birthday":"1979-01-25","file":[{"id":"c306cc4c-a17b-40cd-92c2-73df0fe45f5c","checksum":"15e377f79ece4daa09e0de17d9e51284681571c64c12bc7f7049b5deff68b707"}]}}
2026-04-20 13:12:27,067 INFO [TG_Test 1-1] o.a.j.e.J.JSR223 - Clear Cookie: === [SESSION CLEAR] HTTP Cookie Manager очищено ===
2026-04-20 13:12:27,067 INFO [TG_Test 1-1] o.a.j.e.J.JSR223 - Clear Cookie: === [SESSION CLEAR] Змінні авторизації видалено. Готові до логіну Провайдера. ===
2026-04-20 13:12:27,067 INFO [TG_Test 1-1] o.a.j.t.JMeterThread: Stop Thread seen for thread TG_Test 1-1, reason: org.apache.jorphan.util.JMeterStopThreadException: End of file:/home/vlad/diia/projects/perf-testing-methodology/test-data/nested-entity-execution-plan.csv detected for CSV DataSet:CSV - Users Data configured with stopThread:true, recycle:false
2026-04-20 13:12:27,067 INFO [TG_Test 1-1] o.a.j.t.JMeterThread: Thread finished: TG_Test 1-1
2026-04-20 13:12:27,092 INFO [TG_Test 1-75] o.a.j.m.J.JSR223 PreProcessor: === [XSRF SYNC] Оновлено токен із Cookie Manager: e278f9b7-ebd0-429d-a58f-530b3a1b1f96
2026-04-20 13:12:27,109 INFO [TG_Test 1-30] o.a.j.p.j.s.J.Create payload: formData={"id":"6e2ed454-3ca1-11f1-beaf-0a580a80027a","taskDefinitionKey":"Activity_11jqc4d","name":"переглянути дані та внести зміни","assignee":"perf-test-officer-30","created":"2026-04-20T10:12:26.116Z","description":null,"processInstanceId":"69a57bcd-3ca1-11f1-beaf-0a580a80027a","rootProcessInstanceId":"69a57bcd-3ca1-11f1-beaf-0a580a80027a","processDefinitionId":"b29a4815-3a3c-11f1-9c26-0a580a800265","processDefinitionName":"Процес для перевірки збереження декількох сутностей в рамках однієї транзакції - nested entity","formKey":"feature-form-add-thirdform","suspended":false,"formVariables":{},"signatureValidationPack":[],"data":{"order_type":"ENROLLMENT","order_number":"5790","order_date":"2026-04-20T13:17:10.952Z","files":[{"id":"02f33aab-7d03-43e3-ac5d-03bd8ffdacad","checksum":"15e377f79ece4daa09e0de17d9e51284681571c64c12bc7f7049b5deff68b707"}]},"esign":false}
2026-04-20 13:12:27,109 INFO [TG_Test 1-30] o.a.j.p.j.s.J.Create payload: formData={order_type=ENROLLMENT, order_number=5790, order_date=2026-04-20T13:17:10.952Z, files=[{id=02f33aab-7d03-43e3-ac5d-03bd8ffdacad, checksum=15e377f79ece4daa09e0de17d9e51284681571c64c12bc7f7049b5deff68b707}]}
2026-04-20 13:12:27,109 INFO [TG_Test 1-30] o.a.j.p.j.s.J.Create payload: Payload={"data":{"order_type":"ENROLLMENT","order_number":"5790","order_date":"2026-04-20","files":[{"id":"02f33aab-7d03-43e3-ac5d-03bd8ffdacad","checksum":"15e377f79ece4daa09e0de17d9e51284681571c64c12bc7f7049b5deff68b707"}],"birthday":"1999-10-16"}}
2026-04-20 13:12:27,155 INFO [TG_Test 1-26] o.a.j.p.j.s.J.Create payload: formData={"id":"6e44314a-3ca1-11f1-beaf-0a580a80027a","taskDefinitionKey":"signDataActivity","name":"Підписати дані про освітній профіль","assignee":"perf-test-officer-26","created":"2026-04-20T10:12:26.256Z","description":null,"processInstanceId":"682d819f-3ca1-11f1-beaf-0a580a80027a","rootProcessInstanceId":"682d819f-3ca1-11f1-beaf-0a580a80027a","processDefinitionId":"b29a4815-3a3c-11f1-9c26-0a580a800265","processDefinitionName":"Процес для перевірки збереження декількох сутностей в рамках однієї транзакції - nested entity","formKey":"feature-form-add-fourth","suspended":false,"formVariables":{},"signatureValidationPack":[],"data":{"order_type":"ENROLLMENT","order_number":"4920","order_date":"2026-04-20","files":[{"id":"f01cc1a6-e764-4409-b8be-e26248a61825","checksum":"15e377f79ece4daa09e0de17d9e51284681571c64c12bc7f7049b5deff68b707"}],"birthday":"1992-08-30"},"esign":true}
2026-04-20 13:12:27,155 INFO [TG_Test 1-26] o.a.j.p.j.s.J.Create payload: formData={order_type=ENROLLMENT, order_number=4920, order_date=2026-04-20, files=[{id=f01cc1a6-e764-4409-b8be-e26248a61825, checksum=15e377f79ece4daa09e0de17d9e51284681571c64c12bc7f7049b5deff68b707}], birthday=1992-08-30}
2026-04-20 13:12:27,155 INFO [TG_Test 1-26] o.a.j.p.j.s.J.Create payload: Payload={"data":{"order_type":"ENROLLMENT","order_number":"4920","order_date":"2026-04-20","files":[{"id":"f01cc1a6-e764-4409-b8be-e26248a61825","checksum":"15e377f79ece4daa09e0de17d9e51284681571c64c12bc7f7049b5deff68b707"}],"birthday":"1992-08-30"},"signature":"perf-test-officer-26.dat"}
2026-04-20 13:12:27,198 INFO [TG_Test 1-10] o.a.j.e.J.JSR223 - Clear Cookie: === [SESSION CLEAR] HTTP Cookie Manager очищено ===
2026-04-20 13:12:27,198 INFO [TG_Test 1-10] o.a.j.e.J.JSR223 - Clear Cookie: === [SESSION CLEAR] Змінні авторизації видалено. Готові до логіну Провайдера. ===
2026-04-20 13:12:27,198 INFO [TG_Test 1-10] o.a.j.t.JMeterThread: Stop Thread seen for thread TG_Test 1-10, reason: org.apache.jorphan.util.JMeterStopThreadException: End of file:/home/vlad/diia/projects/perf-testing-methodology/test-data/nested-entity-execution-plan.csv detected for CSV DataSet:CSV - Users Data configured with stopThread:true, recycle:false
2026-04-20 13:12:27,198 INFO [TG_Test 1-10] o.a.j.t.JMeterThread: Thread finished: TG_Test 1-10
2026-04-20 13:12:27,198 INFO [TG_Test 1-4] o.a.j.e.J.JSR223 - Clear Cookie: === [SESSION CLEAR] HTTP Cookie Manager очищено ===
2026-04-20 13:12:27,198 INFO [TG_Test 1-4] o.a.j.e.J.JSR223 - Clear Cookie: === [SESSION CLEAR] Змінні авторизації видалено. Готові до логіну Провайдера. ===
2026-04-20 13:12:27,198 INFO [TG_Test 1-4] o.a.j.t.JMeterThread: Stop Thread seen for thread TG_Test 1-4, reason: org.apache.jorphan.util.JMeterStopThreadException: End of file:/home/vlad/diia/projects/perf-testing-methodology/test-data/nested-entity-execution-plan.csv detected for CSV DataSet:CSV - Users Data configured with stopThread:true, recycle:false
2026-04-20 13:12:27,198 INFO [TG_Test 1-4] o.a.j.t.JMeterThread: Thread finished: TG_Test 1-4
2026-04-20 13:12:27,209 INFO [TG_Test 1-21] o.a.j.p.j.s.J.Create payload: formData={"id":"6e378701-3ca1-11f1-beaf-0a580a80027a","taskDefinitionKey":"signDataActivity","name":"Підписати дані про освітній профіль","assignee":"perf-test-officer-21","created":"2026-04-20T10:12:26.173Z","description":null,"processInstanceId":"68480e8c-3ca1-11f1-beaf-0a580a80027a","rootProcessInstanceId":"68480e8c-3ca1-11f1-beaf-0a580a80027a","processDefinitionId":"b29a4815-3a3c-11f1-9c26-0a580a800265","processDefinitionName":"Процес для перевірки збереження декількох сутностей в рамках однієї транзакції - nested entity","formKey":"feature-form-add-fourth","suspended":false,"formVariables":{},"signatureValidationPack":[],"data":{"order_type":"ENROLLMENT","order_number":"1666","order_date":"2026-04-20","files":[{"id":"1dd29494-6331-466e-a6ba-5afa0b5fa9cf","checksum":"15e377f79ece4daa09e0de17d9e51284681571c64c12bc7f7049b5deff68b707"}],"birthday":"2003-10-06"},"esign":true}
2026-04-20 13:12:27,209 INFO [TG_Test 1-21] o.a.j.p.j.s.J.Create payload: formData={order_type=ENROLLMENT, order_number=1666, order_date=2026-04-20, files=[{id=1dd29494-6331-466e-a6ba-5afa0b5fa9cf, checksum=15e377f79ece4daa09e0de17d9e51284681571c64c12bc7f7049b5deff68b707}], birthday=2003-10-06}
2026-04-20 13:12:27,209 INFO [TG_Test 1-21] o.a.j.p.j.s.J.Create payload: Payload={"data":{"order_type":"ENROLLMENT","order_number":"1666","order_date":"2026-04-20","files":[{"id":"1dd29494-6331-466e-a6ba-5afa0b5fa9cf","checksum":"15e377f79ece4daa09e0de17d9e51284681571c64c12bc7f7049b5deff68b707"}],"birthday":"2003-10-06"},"signature":"perf-test-officer-21.dat"}
2026-04-20 13:12:27,230 INFO [TG_Test 1-71] o.a.j.e.J.Set XSRF Token: === [COOKIE MANAGER] XSRF-TOKEN додано успішно: bd075f7b-4a20-4201-b21c-11664d7150f6
2026-04-20 13:12:27,247 INFO [TG_Test 1-76] o.a.j.m.J.JSR223 PreProcessor: === [XSRF SYNC] Оновлено токен із Cookie Manager: 899c8063-7f3c-46d2-a478-75feca5164ad
2026-04-20 13:12:27,269 INFO [TG_Test 1-71] o.a.j.p.j.s.J.Create payload: Payload={"data":{"first_name":"\u0410\u0433\u043d\u0456\u044f","last_name":"\u041e\u043f\u0435\u043d\u044c\u043a\u043e","second_name":"\u0406\u0432\u0430\u043d\u0456\u0432\u043d\u0430","order_date":"2026-04-20","order_number":"7593","order_type":"DISMISSAL","birthday":"1986-04-02","file":[{"id":"8f33d817-f616-42d0-9d34-a767bc8ae4b7","checksum":"15e377f79ece4daa09e0de17d9e51284681571c64c12bc7f7049b5deff68b707"}]}}
2026-04-20 13:12:27,279 INFO [TG_Test 1-27] o.a.j.p.j.s.J.Create payload: formData={"id":"6e238a9d-3ca1-11f1-beaf-0a580a80027a","taskDefinitionKey":"signDataActivity","name":"Підписати дані про освітній профіль","assignee":"perf-test-officer-27","created":"2026-04-20T10:12:26.042Z","description":null,"processInstanceId":"67ec33a6-3ca1-11f1-beaf-0a580a80027a","rootProcessInstanceId":"67ec33a6-3ca1-11f1-beaf-0a580a80027a","processDefinitionId":"b29a4815-3a3c-11f1-9c26-0a580a800265","processDefinitionName":"Процес для перевірки збереження декількох сутностей в рамках однієї транзакції - nested entity","formKey":"feature-form-add-fourth","suspended":false,"formVariables":{},"signatureValidationPack":[],"data":{"order_type":"ENROLLMENT","order_number":"1946","order_date":"2026-04-20","files":[{"id":"45585d68-657b-4430-8b12-96e391419218","checksum":"15e377f79ece4daa09e0de17d9e51284681571c64c12bc7f7049b5deff68b707"}],"birthday":"1996-04-03"},"esign":true}
2026-04-20 13:12:27,280 INFO [TG_Test 1-27] o.a.j.p.j.s.J.Create payload: formData={order_type=ENROLLMENT, order_number=1946, order_date=2026-04-20, files=[{id=45585d68-657b-4430-8b12-96e391419218, checksum=15e377f79ece4daa09e0de17d9e51284681571c64c12bc7f7049b5deff68b707}], birthday=1996-04-03}
2026-04-20 13:12:27,280 INFO [TG_Test 1-27] o.a.j.p.j.s.J.Create payload: Payload={"data":{"order_type":"ENROLLMENT","order_number":"1946","order_date":"2026-04-20","files":[{"id":"45585d68-657b-4430-8b12-96e391419218","checksum":"15e377f79ece4daa09e0de17d9e51284681571c64c12bc7f7049b5deff68b707"}],"birthday":"1996-04-03"},"signature":"perf-test-officer-27.dat"}
2026-04-20 13:12:27,284 INFO [TG_Test 1-58] o.a.j.p.j.s.J.Create payload: formData={"id":"6e40aecf-3ca1-11f1-beaf-0a580a80027a","taskDefinitionKey":"signPersonProfileActivity","name":"Підписати дані про освітній профіль","assignee":"perf-test-officer-58","created":"2026-04-20T10:12:26.233Z","description":null,"processInstanceId":"6c5be9b7-3ca1-11f1-beaf-0a580a80027a","rootProcessInstanceId":"6c5be9b7-3ca1-11f1-beaf-0a580a80027a","processDefinitionId":"b29a4815-3a3c-11f1-9c26-0a580a800265","processDefinitionName":"Процес для перевірки збереження декількох сутностей в рамках однієї транзакції - nested entity","formKey":"feature-form-add-signd","suspended":false,"formVariables":{},"signatureValidationPack":[],"data":{"first_name":"Гелена","last_name":"Кордун","second_name":"Василівна","order_date":"2026-04-20","order_number":"4854","order_type":"ENROLLMENT","birthday":"1986-07-14","file":[{"id":"5285bd01-4c7d-4ac2-8c0d-9a60227b5318","checksum":"15e377f79ece4daa09e0de17d9e51284681571c64c12bc7f7049b5deff68b707"}]},"esign":true}
2026-04-20 13:12:27,284 INFO [TG_Test 1-58] o.a.j.p.j.s.J.Create payload: formData={first_name=Гелена, last_name=Кордун, second_name=Василівна, order_date=2026-04-20, order_number=4854, order_type=ENROLLMENT, birthday=1986-07-14, file=[{id=5285bd01-4c7d-4ac2-8c0d-9a60227b5318, checksum=15e377f79ece4daa09e0de17d9e51284681571c64c12bc7f7049b5deff68b707}]}
2026-04-20 13:12:27,284 INFO [TG_Test 1-58] o.a.j.p.j.s.J.Create payload: Payload={"data":{"first_name":"\u0413\u0435\u043b\u0435\u043d\u0430","last_name":"\u041a\u043e\u0440\u0434\u0443\u043d","second_name":"\u0412\u0430\u0441\u0438\u043b\u0456\u0432\u043d\u0430","order_date":"2026-04-20","order_number":"4854","order_type":"ENROLLMENT","birthday":"1986-07-14","file":[{"id":"5285bd01-4c7d-4ac2-8c0d-9a60227b5318","checksum":"15e377f79ece4daa09e0de17d9e51284681571c64c12bc7f7049b5deff68b707"}]},"signature":"perf-test-officer-58.dat"}
2026-04-20 13:12:27,293 INFO [TG_Test 1-15] o.a.j.e.J.JSR223 - Clear Cookie: === [SESSION CLEAR] HTTP Cookie Manager очищено ===
2026-04-20 13:12:27,294 INFO [TG_Test 1-15] o.a.j.e.J.JSR223 - Clear Cookie: === [SESSION CLEAR] Змінні авторизації видалено. Готові до логіну Провайдера. ===
2026-04-20 13:12:27,294 INFO [TG_Test 1-15] o.a.j.t.JMeterThread: Stop Thread seen for thread TG_Test 1-15, reason: org.apache.jorphan.util.JMeterStopThreadException: End of file:/home/vlad/diia/projects/perf-testing-methodology/test-data/nested-entity-execution-plan.csv detected for CSV DataSet:CSV - Users Data configured with stopThread:true, recycle:false
2026-04-20 13:12:27,294 INFO [TG_Test 1-15] o.a.j.t.JMeterThread: Thread finished: TG_Test 1-15
2026-04-20 13:12:27,305 INFO [TG_Test 1-25] o.a.j.p.j.s.J.Create payload: formData={"id":"6e31ba8c-3ca1-11f1-beaf-0a580a80027a","taskDefinitionKey":"signDataActivity","name":"Підписати дані про освітній профіль","assignee":"perf-test-officer-25","created":"2026-04-20T10:12:26.135Z","description":null,"processInstanceId":"681b0bf5-3ca1-11f1-beaf-0a580a80027a","rootProcessInstanceId":"681b0bf5-3ca1-11f1-beaf-0a580a80027a","processDefinitionId":"b29a4815-3a3c-11f1-9c26-0a580a800265","processDefinitionName":"Процес для перевірки збереження декількох сутностей в рамках однієї транзакції - nested entity","formKey":"feature-form-add-fourth","suspended":false,"formVariables":{},"signatureValidationPack":[],"data":{"order_type":"ENROLLMENT","order_number":"2434","order_date":"2026-04-20","files":[{"id":"46e7ebb6-de56-42c4-a2d7-436333e3dfd1","checksum":"15e377f79ece4daa09e0de17d9e51284681571c64c12bc7f7049b5deff68b707"}],"birthday":"1972-08-18"},"esign":true}
2026-04-20 13:12:27,305 INFO [TG_Test 1-25] o.a.j.p.j.s.J.Create payload: formData={order_type=ENROLLMENT, order_number=2434, order_date=2026-04-20, files=[{id=46e7ebb6-de56-42c4-a2d7-436333e3dfd1, checksum=15e377f79ece4daa09e0de17d9e51284681571c64c12bc7f7049b5deff68b707}], birthday=1972-08-18}
2026-04-20 13:12:27,305 INFO [TG_Test 1-25] o.a.j.p.j.s.J.Create payload: Payload={"data":{"order_type":"ENROLLMENT","order_number":"2434","order_date":"2026-04-20","files":[{"id":"46e7ebb6-de56-42c4-a2d7-436333e3dfd1","checksum":"15e377f79ece4daa09e0de17d9e51284681571c64c12bc7f7049b5deff68b707"}],"birthday":"1972-08-18"},"signature":"perf-test-officer-25.dat"}
2026-04-20 13:12:27,308 INFO [TG_Test 1-59] o.a.j.p.j.s.J.Create payload: formData={"id":"6e4e6aa0-3ca1-11f1-beaf-0a580a80027a","taskDefinitionKey":"signPersonProfileActivity","name":"Підписати дані про освітній профіль","assignee":"perf-test-officer-59","created":"2026-04-20T10:12:26.323Z","description":null,"processInstanceId":"6c1b84f3-3ca1-11f1-beaf-0a580a80027a","rootProcessInstanceId":"6c1b84f3-3ca1-11f1-beaf-0a580a80027a","processDefinitionId":"b29a4815-3a3c-11f1-9c26-0a580a800265","processDefinitionName":"Процес для перевірки збереження декількох сутностей в рамках однієї транзакції - nested entity","formKey":"feature-form-add-signd","suspended":false,"formVariables":{},"signatureValidationPack":[],"data":{"first_name":"Зореслав","last_name":"Калач","second_name":"Сергійович","order_date":"2026-04-20","order_number":"3800","order_type":"DISMISSAL","birthday":"1971-07-11","file":[{"id":"bfe9bfb4-75a2-4af1-89af-dbfe99c2c883","checksum":"15e377f79ece4daa09e0de17d9e51284681571c64c12bc7f7049b5deff68b707"}]},"esign":true}
2026-04-20 13:12:27,309 INFO [TG_Test 1-59] o.a.j.p.j.s.J.Create payload: formData={first_name=Зореслав, last_name=Калач, second_name=Сергійович, order_date=2026-04-20, order_number=3800, order_type=DISMISSAL, birthday=1971-07-11, file=[{id=bfe9bfb4-75a2-4af1-89af-dbfe99c2c883, checksum=15e377f79ece4daa09e0de17d9e51284681571c64c12bc7f7049b5deff68b707}]}
2026-04-20 13:12:27,309 INFO [TG_Test 1-59] o.a.j.p.j.s.J.Create payload: Payload={"data":{"first_name":"\u0417\u043e\u0440\u0435\u0441\u043b\u0430\u0432","last_name":"\u041a\u0430\u043b\u0430\u0447","second_name":"\u0421\u0435\u0440\u0433\u0456\u0439\u043e\u0432\u0438\u0447","order_date":"2026-04-20","order_number":"3800","order_type":"DISMISSAL","birthday":"1971-07-11","file":[{"id":"bfe9bfb4-75a2-4af1-89af-dbfe99c2c883","checksum":"15e377f79ece4daa09e0de17d9e51284681571c64c12bc7f7049b5deff68b707"}]},"signature":"perf-test-officer-59.dat"}
2026-04-20 13:12:27,311 INFO [TG_Test 1-41] o.a.j.p.j.s.J.Create payload: formData={"id":"6e49fdc7-3ca1-11f1-beaf-0a580a80027a","taskDefinitionKey":"Activity_11jqc4d","name":"переглянути дані та внести зміни","assignee":"perf-test-officer-41","created":"2026-04-20T10:12:26.294Z","description":null,"processInstanceId":"6a0aa606-3ca1-11f1-beaf-0a580a80027a","rootProcessInstanceId":"6a0aa606-3ca1-11f1-beaf-0a580a80027a","processDefinitionId":"b29a4815-3a3c-11f1-9c26-0a580a800265","processDefinitionName":"Процес для перевірки збереження декількох сутностей в рамках однієї транзакції - nested entity","formKey":"feature-form-add-thirdform","suspended":false,"formVariables":{},"signatureValidationPack":[],"data":{"order_type":"DISMISSAL","order_number":"3850","order_date":"2026-04-20T13:17:10.952Z","files":[{"id":"d8a75859-0f2f-4752-9594-fd0c966cb351","checksum":"15e377f79ece4daa09e0de17d9e51284681571c64c12bc7f7049b5deff68b707"}]},"esign":false}
2026-04-20 13:12:27,311 INFO [TG_Test 1-41] o.a.j.p.j.s.J.Create payload: formData={order_type=DISMISSAL, order_number=3850, order_date=2026-04-20T13:17:10.952Z, files=[{id=d8a75859-0f2f-4752-9594-fd0c966cb351, checksum=15e377f79ece4daa09e0de17d9e51284681571c64c12bc7f7049b5deff68b707}]}
2026-04-20 13:12:27,311 INFO [TG_Test 1-41] o.a.j.p.j.s.J.Create payload: Payload={"data":{"order_type":"DISMISSAL","order_number":"3850","order_date":"2026-04-20","files":[{"id":"d8a75859-0f2f-4752-9594-fd0c966cb351","checksum":"15e377f79ece4daa09e0de17d9e51284681571c64c12bc7f7049b5deff68b707"}],"birthday":"2008-03-24"}}
2026-04-20 13:12:27,313 INFO [TG_Test 1-20] o.a.j.p.j.s.J.Create payload: formData={"id":"6e3ba5b7-3ca1-11f1-beaf-0a580a80027a","taskDefinitionKey":"signDataActivity","name":"Підписати дані про освітній профіль","assignee":"perf-test-officer-20","created":"2026-04-20T10:12:26.200Z","description":null,"processInstanceId":"67c4ae5d-3ca1-11f1-beaf-0a580a80027a","rootProcessInstanceId":"67c4ae5d-3ca1-11f1-beaf-0a580a80027a","processDefinitionId":"b29a4815-3a3c-11f1-9c26-0a580a800265","processDefinitionName":"Процес для перевірки збереження декількох сутностей в рамках однієї транзакції - nested entity","formKey":"feature-form-add-fourth","suspended":false,"formVariables":{},"signatureValidationPack":[],"data":{"order_type":"ENROLLMENT","order_number":"7383","order_date":"2026-04-20","files":[{"id":"f12b83d6-3cc6-4f78-b854-23f0bb08dbb2","checksum":"15e377f79ece4daa09e0de17d9e51284681571c64c12bc7f7049b5deff68b707"}],"birthday":"1995-01-20"},"esign":true}
2026-04-20 13:12:27,313 INFO [TG_Test 1-20] o.a.j.p.j.s.J.Create payload: formData={order_type=ENROLLMENT, order_number=7383, order_date=2026-04-20, files=[{id=f12b83d6-3cc6-4f78-b854-23f0bb08dbb2, checksum=15e377f79ece4daa09e0de17d9e51284681571c64c12bc7f7049b5deff68b707}], birthday=1995-01-20}
2026-04-20 13:12:27,313 INFO [TG_Test 1-20] o.a.j.p.j.s.J.Create payload: Payload={"data":{"order_type":"ENROLLMENT","order_number":"7383","order_date":"2026-04-20","files":[{"id":"f12b83d6-3cc6-4f78-b854-23f0bb08dbb2","checksum":"15e377f79ece4daa09e0de17d9e51284681571c64c12bc7f7049b5deff68b707"}],"birthday":"1995-01-20"},"signature":"perf-test-officer-20.dat"}
2026-04-20 13:12:27,325 INFO [TG_Test 1-57] o.a.j.p.j.s.J.Create payload: formData={"id":"6e15f605-3ca1-11f1-beaf-0a580a80027a","taskDefinitionKey":"signPersonProfileActivity","name":"Підписати дані про освітній профіль","assignee":"perf-test-officer-57","created":"2026-04-20T10:12:25.953Z","description":null,"processInstanceId":"6bc268d6-3ca1-11f1-beaf-0a580a80027a","rootProcessInstanceId":"6bc268d6-3ca1-11f1-beaf-0a580a80027a","processDefinitionId":"b29a4815-3a3c-11f1-9c26-0a580a800265","processDefinitionName":"Процес для перевірки збереження декількох сутностей в рамках однієї транзакції - nested entity","formKey":"feature-form-add-signd","suspended":false,"formVariables":{},"signatureValidationPack":[],"data":{"first_name":"Сніжана","last_name":"Пасічник","second_name":"Василівна","order_date":"2026-04-20","order_number":"3912","order_type":"TRANSFER","birthday":"1985-06-09","file":[{"id":"5857f9b9-e8e7-4b6d-896c-1a2af4e9ea25","checksum":"15e377f79ece4daa09e0de17d9e51284681571c64c12bc7f7049b5deff68b707"}]},"esign":true}
2026-04-20 13:12:27,326 INFO [TG_Test 1-57] o.a.j.p.j.s.J.Create payload: formData={first_name=Сніжана, last_name=Пасічник, second_name=Василівна, order_date=2026-04-20, order_number=3912, order_type=TRANSFER, birthday=1985-06-09, file=[{id=5857f9b9-e8e7-4b6d-896c-1a2af4e9ea25, checksum=15e377f79ece4daa09e0de17d9e51284681571c64c12bc7f7049b5deff68b707}]}
2026-04-20 13:12:27,326 INFO [TG_Test 1-57] o.a.j.p.j.s.J.Create payload: Payload={"data":{"first_name":"\u0421\u043d\u0456\u0436\u0430\u043d\u0430","last_name":"\u041f\u0430\u0441\u0456\u0447\u043d\u0438\u043a","second_name":"\u0412\u0430\u0441\u0438\u043b\u0456\u0432\u043d\u0430","order_date":"2026-04-20","order_number":"3912","order_type":"TRANSFER","birthday":"1985-06-09","file":[{"id":"5857f9b9-e8e7-4b6d-896c-1a2af4e9ea25","checksum":"15e377f79ece4daa09e0de17d9e51284681571c64c12bc7f7049b5deff68b707"}]},"signature":"perf-test-officer-57.dat"}
2026-04-20 13:12:27,371 INFO [TG_Test 1-60] o.a.j.p.j.s.J.Create payload: formData={"id":"6e44585b-3ca1-11f1-beaf-0a580a80027a","taskDefinitionKey":"signPersonProfileActivity","name":"Підписати дані про освітній профіль","assignee":"perf-test-officer-60","created":"2026-04-20T10:12:26.257Z","description":null,"processInstanceId":"6c0abc00-3ca1-11f1-beaf-0a580a80027a","rootProcessInstanceId":"6c0abc00-3ca1-11f1-beaf-0a580a80027a","processDefinitionId":"b29a4815-3a3c-11f1-9c26-0a580a800265","processDefinitionName":"Процес для перевірки збереження декількох сутностей в рамках однієї транзакції - nested entity","formKey":"feature-form-add-signd","suspended":false,"formVariables":{},"signatureValidationPack":[],"data":{"first_name":"Василина","last_name":"Ковальський","second_name":"Олександрівна","order_date":"2026-04-20","order_number":"6485","order_type":"TRANSFER","birthday":"2000-07-27","file":[{"id":"8a1102e5-7619-46fa-a2da-7399d24ba3a0","checksum":"15e377f79ece4daa09e0de17d9e51284681571c64c12bc7f7049b5deff68b707"}]},"esign":true}
2026-04-20 13:12:27,371 INFO [TG_Test 1-60] o.a.j.p.j.s.J.Create payload: formData={first_name=Василина, last_name=Ковальський, second_name=Олександрівна, order_date=2026-04-20, order_number=6485, order_type=TRANSFER, birthday=2000-07-27, file=[{id=8a1102e5-7619-46fa-a2da-7399d24ba3a0, checksum=15e377f79ece4daa09e0de17d9e51284681571c64c12bc7f7049b5deff68b707}]}
2026-04-20 13:12:27,371 INFO [TG_Test 1-60] o.a.j.p.j.s.J.Create payload: Payload={"data":{"first_name":"\u0412\u0430\u0441\u0438\u043b\u0438\u043d\u0430","last_name":"\u041a\u043e\u0432\u0430\u043b\u044c\u0441\u044c\u043a\u0438\u0439","second_name":"\u041e\u043b\u0435\u043a\u0441\u0430\u043d\u0434\u0440\u0456\u0432\u043d\u0430","order_date":"2026-04-20","order_number":"6485","order_type":"TRANSFER","birthday":"2000-07-27","file":[{"id":"8a1102e5-7619-46fa-a2da-7399d24ba3a0","checksum":"15e377f79ece4daa09e0de17d9e51284681571c64c12bc7f7049b5deff68b707"}]},"signature":"perf-test-officer-60.dat"}
2026-04-20 13:12:27,386 INFO [TG_Test 1-40] o.a.j.p.j.s.J.Create payload: formData={"id":"6e70e6f4-3ca1-11f1-beaf-0a580a80027a","taskDefinitionKey":"Activity_11jqc4d","name":"переглянути дані та внести зміни","assignee":"perf-test-officer-40","created":"2026-04-20T10:12:26.549Z","description":null,"processInstanceId":"6a26e0cb-3ca1-11f1-beaf-0a580a80027a","rootProcessInstanceId":"6a26e0cb-3ca1-11f1-beaf-0a580a80027a","processDefinitionId":"b29a4815-3a3c-11f1-9c26-0a580a800265","processDefinitionName":"Процес для перевірки збереження декількох сутностей в рамках однієї транзакції - nested entity","formKey":"feature-form-add-thirdform","suspended":false,"formVariables":{},"signatureValidationPack":[],"data":{"order_type":"TRANSFER","order_number":"8658","order_date":"2026-04-20T13:17:10.952Z","files":[{"id":"b43f4801-9fdf-45de-be36-d089aa06395c","checksum":"15e377f79ece4daa09e0de17d9e51284681571c64c12bc7f7049b5deff68b707"}]},"esign":false}
2026-04-20 13:12:27,387 INFO [TG_Test 1-40] o.a.j.p.j.s.J.Create payload: formData={order_type=TRANSFER, order_number=8658, order_date=2026-04-20T13:17:10.952Z, files=[{id=b43f4801-9fdf-45de-be36-d089aa06395c, checksum=15e377f79ece4daa09e0de17d9e51284681571c64c12bc7f7049b5deff68b707}]}
2026-04-20 13:12:27,387 INFO [TG_Test 1-40] o.a.j.p.j.s.J.Create payload: Payload={"data":{"order_type":"TRANSFER","order_number":"8658","order_date":"2026-04-20","files":[{"id":"b43f4801-9fdf-45de-be36-d089aa06395c","checksum":"15e377f79ece4daa09e0de17d9e51284681571c64c12bc7f7049b5deff68b707"}],"birthday":"1970-01-29"}}
2026-04-20 13:12:27,396 INFO [TG_Test 1-50] o.a.j.p.j.s.J.Create payload: formData={"id":"6e7505b0-3ca1-11f1-beaf-0a580a80027a","taskDefinitionKey":"signPersonProfileActivity","name":"Підписати дані про освітній профіль","assignee":"perf-test-officer-50","created":"2026-04-20T10:12:26.576Z","description":null,"processInstanceId":"6c24d3d4-3ca1-11f1-beaf-0a580a80027a","rootProcessInstanceId":"6c24d3d4-3ca1-11f1-beaf-0a580a80027a","processDefinitionId":"b29a4815-3a3c-11f1-9c26-0a580a800265","processDefinitionName":"Процес для перевірки збереження декількох сутностей в рамках однієї транзакції - nested entity","formKey":"feature-form-add-signd","suspended":false,"formVariables":{},"signatureValidationPack":[],"data":{"first_name":"Ірма","last_name":"Зленко","second_name":"Анатоліївна","order_date":"2026-04-20","order_number":"6652","order_type":"TRANSFER","birthday":"1986-08-13","file":[{"id":"375f819d-badb-41f8-b8aa-887aca38843e","checksum":"15e377f79ece4daa09e0de17d9e51284681571c64c12bc7f7049b5deff68b707"}]},"esign":true}
2026-04-20 13:12:27,396 INFO [TG_Test 1-50] o.a.j.p.j.s.J.Create payload: formData={first_name=Ірма, last_name=Зленко, second_name=Анатоліївна, order_date=2026-04-20, order_number=6652, order_type=TRANSFER, birthday=1986-08-13, file=[{id=375f819d-badb-41f8-b8aa-887aca38843e, checksum=15e377f79ece4daa09e0de17d9e51284681571c64c12bc7f7049b5deff68b707}]}
2026-04-20 13:12:27,396 INFO [TG_Test 1-50] o.a.j.p.j.s.J.Create payload: Payload={"data":{"first_name":"\u0406\u0440\u043c\u0430","last_name":"\u0417\u043b\u0435\u043d\u043a\u043e","second_name":"\u0410\u043d\u0430\u0442\u043e\u043b\u0456\u0457\u0432\u043d\u0430","order_date":"2026-04-20","order_number":"6652","order_type":"TRANSFER","birthday":"1986-08-13","file":[{"id":"375f819d-badb-41f8-b8aa-887aca38843e","checksum":"15e377f79ece4daa09e0de17d9e51284681571c64c12bc7f7049b5deff68b707"}]},"signature":"perf-test-officer-50.dat"}
2026-04-20 13:12:27,419 INFO [TG_Test 1-18] o.a.j.e.J.JSR223 - Clear Cookie: === [SESSION CLEAR] HTTP Cookie Manager очищено ===
2026-04-20 13:12:27,419 INFO [TG_Test 1-18] o.a.j.e.J.JSR223 - Clear Cookie: === [SESSION CLEAR] Змінні авторизації видалено. Готові до логіну Провайдера. ===
2026-04-20 13:12:27,419 INFO [TG_Test 1-18] o.a.j.t.JMeterThread: Stop Thread seen for thread TG_Test 1-18, reason: org.apache.jorphan.util.JMeterStopThreadException: End of file:/home/vlad/diia/projects/perf-testing-methodology/test-data/nested-entity-execution-plan.csv detected for CSV DataSet:CSV - Users Data configured with stopThread:true, recycle:false
2026-04-20 13:12:27,419 INFO [TG_Test 1-18] o.a.j.t.JMeterThread: Thread finished: TG_Test 1-18
2026-04-20 13:12:27,426 INFO [TG_Test 1-78] o.a.j.m.J.JSR223 PreProcessor: === [XSRF SYNC] Оновлено токен із Cookie Manager: 08240154-1eea-4933-9465-1e26e494607e
2026-04-20 13:12:27,596 INFO [TG_Test 1-17] o.a.j.e.J.JSR223 - Clear Cookie: === [SESSION CLEAR] HTTP Cookie Manager очищено ===
2026-04-20 13:12:27,596 INFO [TG_Test 1-17] o.a.j.e.J.JSR223 - Clear Cookie: === [SESSION CLEAR] Змінні авторизації видалено. Готові до логіну Провайдера. ===
2026-04-20 13:12:27,596 INFO [TG_Test 1-17] o.a.j.t.JMeterThread: Stop Thread seen for thread TG_Test 1-17, reason: org.apache.jorphan.util.JMeterStopThreadException: End of file:/home/vlad/diia/projects/perf-testing-methodology/test-data/nested-entity-execution-plan.csv detected for CSV DataSet:CSV - Users Data configured with stopThread:true, recycle:false
2026-04-20 13:12:27,596 INFO [TG_Test 1-17] o.a.j.t.JMeterThread: Thread finished: TG_Test 1-17
2026-04-20 13:12:27,649 INFO [TG_Test 1-19] o.a.j.p.j.s.J.Create payload: formData={"id":"6e849620-3ca1-11f1-beaf-0a580a80027a","taskDefinitionKey":"signDataActivity","name":"Підписати дані про освітній профіль","assignee":"perf-test-officer-19","created":"2026-04-20T10:12:26.678Z","description":null,"processInstanceId":"68201412-3ca1-11f1-beaf-0a580a80027a","rootProcessInstanceId":"68201412-3ca1-11f1-beaf-0a580a80027a","processDefinitionId":"b29a4815-3a3c-11f1-9c26-0a580a800265","processDefinitionName":"Процес для перевірки збереження декількох сутностей в рамках однієї транзакції - nested entity","formKey":"feature-form-add-fourth","suspended":false,"formVariables":{},"signatureValidationPack":[],"data":{"order_type":"DISMISSAL","order_number":"9249","order_date":"2026-04-20","files":[{"id":"50b76596-eeb7-45f0-a715-ab66ac50044b","checksum":"15e377f79ece4daa09e0de17d9e51284681571c64c12bc7f7049b5deff68b707"}],"birthday":"1992-08-04"},"esign":true}
2026-04-20 13:12:27,649 INFO [TG_Test 1-19] o.a.j.p.j.s.J.Create payload: formData={order_type=DISMISSAL, order_number=9249, order_date=2026-04-20, files=[{id=50b76596-eeb7-45f0-a715-ab66ac50044b, checksum=15e377f79ece4daa09e0de17d9e51284681571c64c12bc7f7049b5deff68b707}], birthday=1992-08-04}
2026-04-20 13:12:27,649 INFO [TG_Test 1-19] o.a.j.p.j.s.J.Create payload: Payload={"data":{"order_type":"DISMISSAL","order_number":"9249","order_date":"2026-04-20","files":[{"id":"50b76596-eeb7-45f0-a715-ab66ac50044b","checksum":"15e377f79ece4daa09e0de17d9e51284681571c64c12bc7f7049b5deff68b707"}],"birthday":"1992-08-04"},"signature":"perf-test-officer-19.dat"}
2026-04-20 13:12:27,657 INFO [TG_Test 1-47] o.a.j.p.j.s.J.Create payload: formData={"id":"6ebee034-3ca1-11f1-beaf-0a580a80027a","taskDefinitionKey":"Activity_11jqc4d","name":"переглянути дані та внести зміни","assignee":"perf-test-officer-47","created":"2026-04-20T10:12:27.060Z","description":null,"processInstanceId":"6abb586c-3ca1-11f1-beaf-0a580a80027a","rootProcessInstanceId":"6abb586c-3ca1-11f1-beaf-0a580a80027a","processDefinitionId":"b29a4815-3a3c-11f1-9c26-0a580a800265","processDefinitionName":"Процес для перевірки збереження декількох сутностей в рамках однієї транзакції - nested entity","formKey":"feature-form-add-thirdform","suspended":false,"formVariables":{},"signatureValidationPack":[],"data":{"order_type":"DISMISSAL","order_number":"3676","order_date":"2026-04-20T13:17:10.952Z","files":[{"id":"29d6eb75-eb2c-4a46-982e-aae63f4a0a49","checksum":"15e377f79ece4daa09e0de17d9e51284681571c64c12bc7f7049b5deff68b707"}]},"esign":false}
2026-04-20 13:12:27,658 INFO [TG_Test 1-47] o.a.j.p.j.s.J.Create payload: formData={order_type=DISMISSAL, order_number=3676, order_date=2026-04-20T13:17:10.952Z, files=[{id=29d6eb75-eb2c-4a46-982e-aae63f4a0a49, checksum=15e377f79ece4daa09e0de17d9e51284681571c64c12bc7f7049b5deff68b707}]}
2026-04-20 13:12:27,658 INFO [TG_Test 1-47] o.a.j.p.j.s.J.Create payload: Payload={"data":{"order_type":"DISMISSAL","order_number":"3676","order_date":"2026-04-20","files":[{"id":"29d6eb75-eb2c-4a46-982e-aae63f4a0a49","checksum":"15e377f79ece4daa09e0de17d9e51284681571c64c12bc7f7049b5deff68b707"}],"birthday":"1986-07-24"}}
2026-04-20 13:12:27,721 INFO [TG_Test 1-24] o.a.j.p.j.s.J.Create payload: formData={"id":"6ed0446c-3ca1-11f1-beaf-0a580a80027a","taskDefinitionKey":"signDataActivity","name":"Підписати дані про освітній профіль","assignee":"perf-test-officer-24","created":"2026-04-20T10:12:27.174Z","description":null,"processInstanceId":"687c8c1f-3ca1-11f1-beaf-0a580a80027a","rootProcessInstanceId":"687c8c1f-3ca1-11f1-beaf-0a580a80027a","processDefinitionId":"b29a4815-3a3c-11f1-9c26-0a580a800265","processDefinitionName":"Процес для перевірки збереження декількох сутностей в рамках однієї транзакції - nested entity","formKey":"feature-form-add-fourth","suspended":false,"formVariables":{},"signatureValidationPack":[],"data":{"order_type":"DISMISSAL","order_number":"2677","order_date":"2026-04-20","files":[{"id":"72fa82c3-c834-43c8-86f5-31696604bd98","checksum":"15e377f79ece4daa09e0de17d9e51284681571c64c12bc7f7049b5deff68b707"}],"birthday":"1982-01-25"},"esign":true}
2026-04-20 13:12:27,721 INFO [TG_Test 1-24] o.a.j.p.j.s.J.Create payload: formData={order_type=DISMISSAL, order_number=2677, order_date=2026-04-20, files=[{id=72fa82c3-c834-43c8-86f5-31696604bd98, checksum=15e377f79ece4daa09e0de17d9e51284681571c64c12bc7f7049b5deff68b707}], birthday=1982-01-25}
2026-04-20 13:12:27,721 INFO [TG_Test 1-24] o.a.j.p.j.s.J.Create payload: Payload={"data":{"order_type":"DISMISSAL","order_number":"2677","order_date":"2026-04-20","files":[{"id":"72fa82c3-c834-43c8-86f5-31696604bd98","checksum":"15e377f79ece4daa09e0de17d9e51284681571c64c12bc7f7049b5deff68b707"}],"birthday":"1982-01-25"},"signature":"perf-test-officer-24.dat"}
2026-04-20 13:12:27,737 INFO [TG_Test 1-73] o.a.j.e.J.Set XSRF Token: === [COOKIE MANAGER] XSRF-TOKEN додано успішно: c50eaefb-35a8-49df-80d8-3968203eaadf
2026-04-20 13:12:27,773 INFO [TG_Test 1-77] o.a.j.e.J.Set XSRF Token: === [COOKIE MANAGER] XSRF-TOKEN додано успішно: af912801-f2ee-4af0-a467-05f958a3ea5b
2026-04-20 13:12:27,773 INFO [TG_Test 1-73] o.a.j.p.j.s.J.Create payload: Payload={"data":{"first_name":"\u0425\u043e\u0440\u0438\u0432","last_name":"\u041a\u043e\u043c\u0430\u043d","second_name":"\u0410\u043d\u0430\u0442\u043e\u043b\u0456\u0439\u043e\u0432\u0438\u0447","order_date":"2026-04-20","order_number":"4265","order_type":"DISMISSAL","birthday":"1977-01-20","file":[{"id":"33307c11-7b16-4ee9-abd1-aba8c3ef7a95","checksum":"15e377f79ece4daa09e0de17d9e51284681571c64c12bc7f7049b5deff68b707"}]}}
2026-04-20 13:12:27,803 INFO [TG_Test 1-83] o.a.j.m.J.JSR223 PreProcessor: === [XSRF SYNC] Оновлено токен із Cookie Manager: 58162823-e1d9-4a09-9924-37ec5597a93b
2026-04-20 13:12:27,807 INFO [TG_Test 1-77] o.a.j.p.j.s.J.Create payload: Payload={"data":{"first_name":"\u041f\u0430\u0432\u043b\u043e","last_name":"\u0404\u043c\u0435\u0446\u044c","second_name":"\u041e\u043b\u0435\u043a\u0441\u0430\u043d\u0434\u0440\u043e\u0432\u0438\u0447","order_date":"2026-04-20","order_number":"6840","order_type":"DISMISSAL","birthday":"1997-09-26","file":[{"id":"041f3235-23b3-4ce6-b8f0-a68c0775f3b8","checksum":"15e377f79ece4daa09e0de17d9e51284681571c64c12bc7f7049b5deff68b707"}]}}
2026-04-20 13:12:27,832 INFO [TG_Test 1-23] o.a.j.p.j.s.J.Create payload: formData={"id":"6eeddebc-3ca1-11f1-beaf-0a580a80027a","taskDefinitionKey":"signDataActivity","name":"Підписати дані про освітній профіль","assignee":"perf-test-officer-23","created":"2026-04-20T10:12:27.368Z","description":null,"processInstanceId":"687fe78c-3ca1-11f1-beaf-0a580a80027a","rootProcessInstanceId":"687fe78c-3ca1-11f1-beaf-0a580a80027a","processDefinitionId":"b29a4815-3a3c-11f1-9c26-0a580a800265","processDefinitionName":"Процес для перевірки збереження декількох сутностей в рамках однієї транзакції - nested entity","formKey":"feature-form-add-fourth","suspended":false,"formVariables":{},"signatureValidationPack":[],"data":{"order_type":"TRANSFER","order_number":"9932","order_date":"2026-04-20","files":[{"id":"9e1bb1e4-7020-4312-af9f-41094454e540","checksum":"15e377f79ece4daa09e0de17d9e51284681571c64c12bc7f7049b5deff68b707"}],"birthday":"1991-02-09"},"esign":true}
2026-04-20 13:12:27,832 INFO [TG_Test 1-23] o.a.j.p.j.s.J.Create payload: formData={order_type=TRANSFER, order_number=9932, order_date=2026-04-20, files=[{id=9e1bb1e4-7020-4312-af9f-41094454e540, checksum=15e377f79ece4daa09e0de17d9e51284681571c64c12bc7f7049b5deff68b707}], birthday=1991-02-09}
2026-04-20 13:12:27,832 INFO [TG_Test 1-23] o.a.j.p.j.s.J.Create payload: Payload={"data":{"order_type":"TRANSFER","order_number":"9932","order_date":"2026-04-20","files":[{"id":"9e1bb1e4-7020-4312-af9f-41094454e540","checksum":"15e377f79ece4daa09e0de17d9e51284681571c64c12bc7f7049b5deff68b707"}],"birthday":"1991-02-09"},"signature":"perf-test-officer-23.dat"}
2026-04-20 13:12:27,866 INFO [TG_Test 1-38] o.a.j.p.j.s.J.Create payload: formData={"id":"6f051067-3ca1-11f1-beaf-0a580a80027a","taskDefinitionKey":"Activity_11jqc4d","name":"переглянути дані та внести зміни","assignee":"perf-test-officer-38","created":"2026-04-20T10:12:27.520Z","description":null,"processInstanceId":"6a3315e3-3ca1-11f1-beaf-0a580a80027a","rootProcessInstanceId":"6a3315e3-3ca1-11f1-beaf-0a580a80027a","processDefinitionId":"b29a4815-3a3c-11f1-9c26-0a580a800265","processDefinitionName":"Процес для перевірки збереження декількох сутностей в рамках однієї транзакції - nested entity","formKey":"feature-form-add-thirdform","suspended":false,"formVariables":{},"signatureValidationPack":[],"data":{"order_type":"TRANSFER","order_number":"2805","order_date":"2026-04-20T13:17:10.952Z","files":[{"id":"18aee200-df9a-477f-928e-cc64deb1b1cf","checksum":"15e377f79ece4daa09e0de17d9e51284681571c64c12bc7f7049b5deff68b707"}]},"esign":false}
2026-04-20 13:12:27,866 INFO [TG_Test 1-38] o.a.j.p.j.s.J.Create payload: formData={order_type=TRANSFER, order_number=2805, order_date=2026-04-20T13:17:10.952Z, files=[{id=18aee200-df9a-477f-928e-cc64deb1b1cf, checksum=15e377f79ece4daa09e0de17d9e51284681571c64c12bc7f7049b5deff68b707}]}
2026-04-20 13:12:27,866 INFO [TG_Test 1-38] o.a.j.p.j.s.J.Create payload: Payload={"data":{"order_type":"TRANSFER","order_number":"2805","order_date":"2026-04-20","files":[{"id":"18aee200-df9a-477f-928e-cc64deb1b1cf","checksum":"15e377f79ece4daa09e0de17d9e51284681571c64c12bc7f7049b5deff68b707"}],"birthday":"1992-12-08"}}
2026-04-20 13:12:27,899 INFO [TG_Test 1-12] o.a.j.e.J.JSR223 - Clear Cookie: === [SESSION CLEAR] HTTP Cookie Manager очищено ===
2026-04-20 13:12:27,899 INFO [TG_Test 1-12] o.a.j.e.J.JSR223 - Clear Cookie: === [SESSION CLEAR] Змінні авторизації видалено. Готові до логіну Провайдера. ===
2026-04-20 13:12:27,899 INFO [TG_Test 1-12] o.a.j.t.JMeterThread: Stop Thread seen for thread TG_Test 1-12, reason: org.apache.jorphan.util.JMeterStopThreadException: End of file:/home/vlad/diia/projects/perf-testing-methodology/test-data/nested-entity-execution-plan.csv detected for CSV DataSet:CSV - Users Data configured with stopThread:true, recycle:false
2026-04-20 13:12:27,899 INFO [TG_Test 1-12] o.a.j.t.JMeterThread: Thread finished: TG_Test 1-12
2026-04-20 13:12:27,965 INFO [TG_Test 1-81] o.a.j.m.J.JSR223 PreProcessor: === [XSRF SYNC] Оновлено токен із Cookie Manager: c35bbf44-e0cd-4782-9d0f-c2e76a628052
2026-04-20 13:12:27,974 INFO [TG_Test 1-61] o.a.j.p.j.s.J.Create payload: formData={"id":"6ef86614-3ca1-11f1-beaf-0a580a80027a","taskDefinitionKey":"signPersonProfileActivity","name":"Підписати дані про освітній профіль","assignee":"perf-test-officer-61","created":"2026-04-20T10:12:27.437Z","description":null,"processInstanceId":"6ca6d4fb-3ca1-11f1-beaf-0a580a80027a","rootProcessInstanceId":"6ca6d4fb-3ca1-11f1-beaf-0a580a80027a","processDefinitionId":"b29a4815-3a3c-11f1-9c26-0a580a800265","processDefinitionName":"Процес для перевірки збереження декількох сутностей в рамках однієї транзакції - nested entity","formKey":"feature-form-add-signd","suspended":false,"formVariables":{},"signatureValidationPack":[],"data":{"first_name":"Захар","last_name":"Бердник","second_name":"Анатолійович","order_date":"2026-04-20","order_number":"4971","order_type":"DISMISSAL","birthday":"1966-06-01","file":[{"id":"fd387f7c-991f-42ad-9ebe-7531cfb09dad","checksum":"15e377f79ece4daa09e0de17d9e51284681571c64c12bc7f7049b5deff68b707"}]},"esign":true}
2026-04-20 13:12:27,974 INFO [TG_Test 1-61] o.a.j.p.j.s.J.Create payload: formData={first_name=Захар, last_name=Бердник, second_name=Анатолійович, order_date=2026-04-20, order_number=4971, order_type=DISMISSAL, birthday=1966-06-01, file=[{id=fd387f7c-991f-42ad-9ebe-7531cfb09dad, checksum=15e377f79ece4daa09e0de17d9e51284681571c64c12bc7f7049b5deff68b707}]}
2026-04-20 13:12:27,974 INFO [TG_Test 1-61] o.a.j.p.j.s.J.Create payload: Payload={"data":{"first_name":"\u0417\u0430\u0445\u0430\u0440","last_name":"\u0411\u0435\u0440\u0434\u043d\u0438\u043a","second_name":"\u0410\u043d\u0430\u0442\u043e\u043b\u0456\u0439\u043e\u0432\u0438\u0447","order_date":"2026-04-20","order_number":"4971","order_type":"DISMISSAL","birthday":"1966-06-01","file":[{"id":"fd387f7c-991f-42ad-9ebe-7531cfb09dad","checksum":"15e377f79ece4daa09e0de17d9e51284681571c64c12bc7f7049b5deff68b707"}]},"signature":"perf-test-officer-61.dat"}
2026-04-20 13:12:27,982 INFO [TG_Test 1-33] o.a.j.p.j.s.J.Create payload: formData={"id":"6f0648ec-3ca1-11f1-beaf-0a580a80027a","taskDefinitionKey":"signDataActivity","name":"Підписати дані про освітній профіль","assignee":"perf-test-officer-33","created":"2026-04-20T10:12:27.528Z","description":null,"processInstanceId":"6910b628-3ca1-11f1-beaf-0a580a80027a","rootProcessInstanceId":"6910b628-3ca1-11f1-beaf-0a580a80027a","processDefinitionId":"b29a4815-3a3c-11f1-9c26-0a580a800265","processDefinitionName":"Процес для перевірки збереження декількох сутностей в рамках однієї транзакції - nested entity","formKey":"feature-form-add-fourth","suspended":false,"formVariables":{},"signatureValidationPack":[],"data":{"order_type":"TRANSFER","order_number":"7538","order_date":"2026-04-20","files":[{"id":"abdcbd73-2933-4977-92a1-e48ffe05be7a","checksum":"15e377f79ece4daa09e0de17d9e51284681571c64c12bc7f7049b5deff68b707"}],"birthday":"2004-01-16"},"esign":true}
2026-04-20 13:12:27,982 INFO [TG_Test 1-33] o.a.j.p.j.s.J.Create payload: formData={order_type=TRANSFER, order_number=7538, order_date=2026-04-20, files=[{id=abdcbd73-2933-4977-92a1-e48ffe05be7a, checksum=15e377f79ece4daa09e0de17d9e51284681571c64c12bc7f7049b5deff68b707}], birthday=2004-01-16}
2026-04-20 13:12:27,982 INFO [TG_Test 1-33] o.a.j.p.j.s.J.Create payload: Payload={"data":{"order_type":"TRANSFER","order_number":"7538","order_date":"2026-04-20","files":[{"id":"abdcbd73-2933-4977-92a1-e48ffe05be7a","checksum":"15e377f79ece4daa09e0de17d9e51284681571c64c12bc7f7049b5deff68b707"}],"birthday":"2004-01-16"},"signature":"perf-test-officer-33.dat"}
2026-04-20 13:12:28,031 INFO [TG_Test 1-84] o.a.j.m.J.JSR223 PreProcessor: === [XSRF SYNC] Оновлено токен із Cookie Manager: 9b079a93-d89d-4367-a4d3-71dc9d3f48a2
2026-04-20 13:12:28,033 INFO [TG_Test 1-82] o.a.j.m.J.JSR223 PreProcessor: === [XSRF SYNC] Оновлено токен із Cookie Manager: 9ffffb03-3829-4275-ae35-8b380c44443b
2026-04-20 13:12:28,081 INFO [TG_Test 1-14] o.a.j.e.J.JSR223 - Clear Cookie: === [SESSION CLEAR] HTTP Cookie Manager очищено ===
2026-04-20 13:12:28,081 INFO [TG_Test 1-14] o.a.j.e.J.JSR223 - Clear Cookie: === [SESSION CLEAR] Змінні авторизації видалено. Готові до логіну Провайдера. ===
2026-04-20 13:12:28,081 INFO [TG_Test 1-14] o.a.j.t.JMeterThread: Stop Thread seen for thread TG_Test 1-14, reason: org.apache.jorphan.util.JMeterStopThreadException: End of file:/home/vlad/diia/projects/perf-testing-methodology/test-data/nested-entity-execution-plan.csv detected for CSV DataSet:CSV - Users Data configured with stopThread:true, recycle:false
2026-04-20 13:12:28,081 INFO [TG_Test 1-14] o.a.j.t.JMeterThread: Thread finished: TG_Test 1-14
2026-04-20 13:12:28,116 INFO [TG_Test 1-79] o.a.j.m.J.JSR223 PreProcessor: === [XSRF SYNC] Оновлено токен із Cookie Manager: 05758315-ada9-4c70-b592-4f670b648fff
2026-04-20 13:12:28,121 INFO [TG_Test 1-28] o.a.j.p.j.s.J.Create payload: formData={"id":"6f2542b9-3ca1-11f1-beaf-0a580a80027a","taskDefinitionKey":"signDataActivity","name":"Підписати дані про освітній профіль","assignee":"perf-test-officer-28","created":"2026-04-20T10:12:27.731Z","description":null,"processInstanceId":"6903bdc5-3ca1-11f1-beaf-0a580a80027a","rootProcessInstanceId":"6903bdc5-3ca1-11f1-beaf-0a580a80027a","processDefinitionId":"b29a4815-3a3c-11f1-9c26-0a580a800265","processDefinitionName":"Процес для перевірки збереження декількох сутностей в рамках однієї транзакції - nested entity","formKey":"feature-form-add-fourth","suspended":false,"formVariables":{},"signatureValidationPack":[],"data":{"order_type":"TRANSFER","order_number":"8461","order_date":"2026-04-20","files":[{"id":"26e04146-02b0-499d-b156-e72a8513a56a","checksum":"15e377f79ece4daa09e0de17d9e51284681571c64c12bc7f7049b5deff68b707"}],"birthday":"1972-07-23"},"esign":true}
2026-04-20 13:12:28,121 INFO [TG_Test 1-28] o.a.j.p.j.s.J.Create payload: formData={order_type=TRANSFER, order_number=8461, order_date=2026-04-20, files=[{id=26e04146-02b0-499d-b156-e72a8513a56a, checksum=15e377f79ece4daa09e0de17d9e51284681571c64c12bc7f7049b5deff68b707}], birthday=1972-07-23}
2026-04-20 13:12:28,121 INFO [TG_Test 1-28] o.a.j.p.j.s.J.Create payload: Payload={"data":{"order_type":"TRANSFER","order_number":"8461","order_date":"2026-04-20","files":[{"id":"26e04146-02b0-499d-b156-e72a8513a56a","checksum":"15e377f79ece4daa09e0de17d9e51284681571c64c12bc7f7049b5deff68b707"}],"birthday":"1972-07-23"},"signature":"perf-test-officer-28.dat"}
2026-04-20 13:12:28,151 INFO [TG_Test 1-39] o.a.j.p.j.s.J.Create payload: formData={"id":"6f39671f-3ca1-11f1-beaf-0a580a80027a","taskDefinitionKey":"signDataActivity","name":"Підписати дані про освітній профіль","assignee":"perf-test-officer-39","created":"2026-04-20T10:12:27.863Z","description":null,"processInstanceId":"69740c42-3ca1-11f1-beaf-0a580a80027a","rootProcessInstanceId":"69740c42-3ca1-11f1-beaf-0a580a80027a","processDefinitionId":"b29a4815-3a3c-11f1-9c26-0a580a800265","processDefinitionName":"Процес для перевірки збереження декількох сутностей в рамках однієї транзакції - nested entity","formKey":"feature-form-add-fourth","suspended":false,"formVariables":{},"signatureValidationPack":[],"data":{"order_type":"TRANSFER","order_number":"6293","order_date":"2026-04-20","files":[{"id":"17de250d-c66d-41ba-8378-640ae607c85d","checksum":"15e377f79ece4daa09e0de17d9e51284681571c64c12bc7f7049b5deff68b707"}],"birthday":"1976-10-20"},"esign":true}
2026-04-20 13:12:28,151 INFO [TG_Test 1-39] o.a.j.p.j.s.J.Create payload: formData={order_type=TRANSFER, order_number=6293, order_date=2026-04-20, files=[{id=17de250d-c66d-41ba-8378-640ae607c85d, checksum=15e377f79ece4daa09e0de17d9e51284681571c64c12bc7f7049b5deff68b707}], birthday=1976-10-20}
2026-04-20 13:12:28,151 INFO [TG_Test 1-39] o.a.j.p.j.s.J.Create payload: Payload={"data":{"order_type":"TRANSFER","order_number":"6293","order_date":"2026-04-20","files":[{"id":"17de250d-c66d-41ba-8378-640ae607c85d","checksum":"15e377f79ece4daa09e0de17d9e51284681571c64c12bc7f7049b5deff68b707"}],"birthday":"1976-10-20"},"signature":"perf-test-officer-39.dat"}
2026-04-20 13:12:28,155 INFO [TG_Test 1-76] o.a.j.e.J.Set XSRF Token: === [COOKIE MANAGER] XSRF-TOKEN додано успішно: 4f65a88b-9fca-4750-9338-57b56635786d
2026-04-20 13:12:28,163 INFO [TG_Test 1-75] o.a.j.e.J.Set XSRF Token: === [COOKIE MANAGER] XSRF-TOKEN додано успішно: 6b27535c-bdeb-4741-b6ff-8e08b45bf1be
2026-04-20 13:12:28,180 INFO [TG_Test 1-45] o.a.j.p.j.s.J.Create payload: formData={"id":"6f2fa30b-3ca1-11f1-beaf-0a580a80027a","taskDefinitionKey":"Activity_11jqc4d","name":"переглянути дані та внести зміни","assignee":"perf-test-officer-45","created":"2026-04-20T10:12:27.799Z","description":null,"processInstanceId":"6ace445e-3ca1-11f1-beaf-0a580a80027a","rootProcessInstanceId":"6ace445e-3ca1-11f1-beaf-0a580a80027a","processDefinitionId":"b29a4815-3a3c-11f1-9c26-0a580a800265","processDefinitionName":"Процес для перевірки збереження декількох сутностей в рамках однієї транзакції - nested entity","formKey":"feature-form-add-thirdform","suspended":false,"formVariables":{},"signatureValidationPack":[],"data":{"order_type":"TRANSFER","order_number":"6434","order_date":"2026-04-20T13:17:10.952Z","files":[{"id":"e8e313fb-df15-4c5f-8c6e-5e2c6c2d7c8c","checksum":"15e377f79ece4daa09e0de17d9e51284681571c64c12bc7f7049b5deff68b707"}]},"esign":false}
2026-04-20 13:12:28,180 INFO [TG_Test 1-45] o.a.j.p.j.s.J.Create payload: formData={order_type=TRANSFER, order_number=6434, order_date=2026-04-20T13:17:10.952Z, files=[{id=e8e313fb-df15-4c5f-8c6e-5e2c6c2d7c8c, checksum=15e377f79ece4daa09e0de17d9e51284681571c64c12bc7f7049b5deff68b707}]}
2026-04-20 13:12:28,180 INFO [TG_Test 1-45] o.a.j.p.j.s.J.Create payload: Payload={"data":{"order_type":"TRANSFER","order_number":"6434","order_date":"2026-04-20","files":[{"id":"e8e313fb-df15-4c5f-8c6e-5e2c6c2d7c8c","checksum":"15e377f79ece4daa09e0de17d9e51284681571c64c12bc7f7049b5deff68b707"}],"birthday":"1975-04-03"}}
2026-04-20 13:12:28,184 INFO [TG_Test 1-64] o.a.j.p.j.s.J.Create payload: formData={"id":"6f410849-3ca1-11f1-beaf-0a580a80027a","taskDefinitionKey":"signPersonProfileActivity","name":"Підписати дані про освітній профіль","assignee":"perf-test-officer-64","created":"2026-04-20T10:12:27.913Z","description":null,"processInstanceId":"6cefc54c-3ca1-11f1-beaf-0a580a80027a","rootProcessInstanceId":"6cefc54c-3ca1-11f1-beaf-0a580a80027a","processDefinitionId":"b29a4815-3a3c-11f1-9c26-0a580a800265","processDefinitionName":"Процес для перевірки збереження декількох сутностей в рамках однієї транзакції - nested entity","formKey":"feature-form-add-signd","suspended":false,"formVariables":{},"signatureValidationPack":[],"data":{"first_name":"Артем","last_name":"Гнатишин","second_name":"Петрович","order_date":"2026-04-20","order_number":"8438","order_type":"ENROLLMENT","birthday":"1968-06-22","file":[{"id":"0440bab2-e4e6-4c3e-baa5-a064ad238163","checksum":"15e377f79ece4daa09e0de17d9e51284681571c64c12bc7f7049b5deff68b707"}]},"esign":true}
2026-04-20 13:12:28,184 INFO [TG_Test 1-64] o.a.j.p.j.s.J.Create payload: formData={first_name=Артем, last_name=Гнатишин, second_name=Петрович, order_date=2026-04-20, order_number=8438, order_type=ENROLLMENT, birthday=1968-06-22, file=[{id=0440bab2-e4e6-4c3e-baa5-a064ad238163, checksum=15e377f79ece4daa09e0de17d9e51284681571c64c12bc7f7049b5deff68b707}]}
2026-04-20 13:12:28,184 INFO [TG_Test 1-64] o.a.j.p.j.s.J.Create payload: Payload={"data":{"first_name":"\u0410\u0440\u0442\u0435\u043c","last_name":"\u0413\u043d\u0430\u0442\u0438\u0448\u0438\u043d","second_name":"\u041f\u0435\u0442\u0440\u043e\u0432\u0438\u0447","order_date":"2026-04-20","order_number":"8438","order_type":"ENROLLMENT","birthday":"1968-06-22","file":[{"id":"0440bab2-e4e6-4c3e-baa5-a064ad238163","checksum":"15e377f79ece4daa09e0de17d9e51284681571c64c12bc7f7049b5deff68b707"}]},"signature":"perf-test-officer-64.dat"}
2026-04-20 13:12:28,192 INFO [TG_Test 1-36] o.a.j.p.j.s.J.Create payload: formData={"id":"6f41cb9e-3ca1-11f1-beaf-0a580a80027a","taskDefinitionKey":"signDataActivity","name":"Підписати дані про освітній профіль","assignee":"perf-test-officer-36","created":"2026-04-20T10:12:27.918Z","description":null,"processInstanceId":"696c9223-3ca1-11f1-beaf-0a580a80027a","rootProcessInstanceId":"696c9223-3ca1-11f1-beaf-0a580a80027a","processDefinitionId":"b29a4815-3a3c-11f1-9c26-0a580a800265","processDefinitionName":"Процес для перевірки збереження декількох сутностей в рамках однієї транзакції - nested entity","formKey":"feature-form-add-fourth","suspended":false,"formVariables":{},"signatureValidationPack":[],"data":{"order_type":"DISMISSAL","order_number":"2683","order_date":"2026-04-20","files":[{"id":"a00370ae-e00b-451e-b117-e39108771e00","checksum":"15e377f79ece4daa09e0de17d9e51284681571c64c12bc7f7049b5deff68b707"}],"birthday":"1992-06-06"},"esign":true}
2026-04-20 13:12:28,192 INFO [TG_Test 1-36] o.a.j.p.j.s.J.Create payload: formData={order_type=DISMISSAL, order_number=2683, order_date=2026-04-20, files=[{id=a00370ae-e00b-451e-b117-e39108771e00, checksum=15e377f79ece4daa09e0de17d9e51284681571c64c12bc7f7049b5deff68b707}], birthday=1992-06-06}
2026-04-20 13:12:28,192 INFO [TG_Test 1-36] o.a.j.p.j.s.J.Create payload: Payload={"data":{"order_type":"DISMISSAL","order_number":"2683","order_date":"2026-04-20","files":[{"id":"a00370ae-e00b-451e-b117-e39108771e00","checksum":"15e377f79ece4daa09e0de17d9e51284681571c64c12bc7f7049b5deff68b707"}],"birthday":"1992-06-06"},"signature":"perf-test-officer-36.dat"}
2026-04-20 13:12:28,200 INFO [TG_Test 1-76] o.a.j.p.j.s.J.Create payload: Payload={"data":{"first_name":"\u0421\u043d\u0456\u0436\u0430\u043d\u0430","last_name":"\u0413\u0440\u043e\u043c\u0438\u043a\u043e","second_name":"\u0412\u0430\u0441\u0438\u043b\u0456\u0432\u043d\u0430","order_date":"2026-04-20","order_number":"5222","order_type":"TRANSFER","birthday":"1982-10-22","file":[{"id":"f2b51dcb-3c10-4d21-b7bf-2e3751753119","checksum":"15e377f79ece4daa09e0de17d9e51284681571c64c12bc7f7049b5deff68b707"}]}}
2026-04-20 13:12:28,202 INFO [TG_Test 1-75] o.a.j.p.j.s.J.Create payload: Payload={"data":{"first_name":"\u0410\u043d\u0430\u0442\u043e\u043b\u0456\u0439","last_name":"\u042f\u0446\u044c\u043a\u0456\u0432","second_name":"\u0406\u0432\u0430\u043d\u043e\u0432\u0438\u0447","order_date":"2026-04-20","order_number":"9607","order_type":"DISMISSAL","birthday":"1988-10-17","file":[{"id":"45f8306b-5af4-4152-8043-b7815ad60a34","checksum":"15e377f79ece4daa09e0de17d9e51284681571c64c12bc7f7049b5deff68b707"}]}}
2026-04-20 13:12:28,237 INFO [TG_Test 1-13] o.a.j.e.J.JSR223 - Clear Cookie: === [SESSION CLEAR] HTTP Cookie Manager очищено ===
2026-04-20 13:12:28,237 INFO [TG_Test 1-13] o.a.j.e.J.JSR223 - Clear Cookie: === [SESSION CLEAR] Змінні авторизації видалено. Готові до логіну Провайдера. ===
2026-04-20 13:12:28,238 INFO [TG_Test 1-44] o.a.j.p.j.s.J.Create payload: formData={"id":"6f4cc83b-3ca1-11f1-beaf-0a580a80027a","taskDefinitionKey":"Activity_11jqc4d","name":"переглянути дані та внести зміни","assignee":"perf-test-officer-44","created":"2026-04-20T10:12:27.990Z","description":null,"processInstanceId":"6a77e76c-3ca1-11f1-beaf-0a580a80027a","rootProcessInstanceId":"6a77e76c-3ca1-11f1-beaf-0a580a80027a","processDefinitionId":"b29a4815-3a3c-11f1-9c26-0a580a800265","processDefinitionName":"Процес для перевірки збереження декількох сутностей в рамках однієї транзакції - nested entity","formKey":"feature-form-add-thirdform","suspended":false,"formVariables":{},"signatureValidationPack":[],"data":{"order_type":"ENROLLMENT","order_number":"1528","order_date":"2026-04-20T13:17:10.952Z","files":[{"id":"cb1c0375-abf7-44b1-857a-bc771eb66c00","checksum":"15e377f79ece4daa09e0de17d9e51284681571c64c12bc7f7049b5deff68b707"}]},"esign":false}
2026-04-20 13:12:28,238 INFO [TG_Test 1-13] o.a.j.t.JMeterThread: Stop Thread seen for thread TG_Test 1-13, reason: org.apache.jorphan.util.JMeterStopThreadException: End of file:/home/vlad/diia/projects/perf-testing-methodology/test-data/nested-entity-execution-plan.csv detected for CSV DataSet:CSV - Users Data configured with stopThread:true, recycle:false
2026-04-20 13:12:28,238 INFO [TG_Test 1-13] o.a.j.t.JMeterThread: Thread finished: TG_Test 1-13
2026-04-20 13:12:28,238 INFO [TG_Test 1-44] o.a.j.p.j.s.J.Create payload: formData={order_type=ENROLLMENT, order_number=1528, order_date=2026-04-20T13:17:10.952Z, files=[{id=cb1c0375-abf7-44b1-857a-bc771eb66c00, checksum=15e377f79ece4daa09e0de17d9e51284681571c64c12bc7f7049b5deff68b707}]}
2026-04-20 13:12:28,238 INFO [TG_Test 1-44] o.a.j.p.j.s.J.Create payload: Payload={"data":{"order_type":"ENROLLMENT","order_number":"1528","order_date":"2026-04-20","files":[{"id":"cb1c0375-abf7-44b1-857a-bc771eb66c00","checksum":"15e377f79ece4daa09e0de17d9e51284681571c64c12bc7f7049b5deff68b707"}],"birthday":"1976-08-27"}}
2026-04-20 13:12:28,303 INFO [TG_Test 1-78] o.a.j.e.J.Set XSRF Token: === [COOKIE MANAGER] XSRF-TOKEN додано успішно: 6e614884-9f57-44e8-8638-818a5227e638
2026-04-20 13:12:28,303 INFO [TG_Test 1-32] o.a.j.p.j.s.J.Create payload: formData={"id":"6f5fda3c-3ca1-11f1-beaf-0a580a80027a","taskDefinitionKey":"signDataActivity","name":"Підписати дані про освітній профіль","assignee":"perf-test-officer-32","created":"2026-04-20T10:12:28.115Z","description":null,"processInstanceId":"69413c3e-3ca1-11f1-beaf-0a580a80027a","rootProcessInstanceId":"69413c3e-3ca1-11f1-beaf-0a580a80027a","processDefinitionId":"b29a4815-3a3c-11f1-9c26-0a580a800265","processDefinitionName":"Процес для перевірки збереження декількох сутностей в рамках однієї транзакції - nested entity","formKey":"feature-form-add-fourth","suspended":false,"formVariables":{},"signatureValidationPack":[],"data":{"order_type":"TRANSFER","order_number":"9648","order_date":"2026-04-20","files":[{"id":"45dd7f4b-6764-4588-8a29-789ea16f6da1","checksum":"15e377f79ece4daa09e0de17d9e51284681571c64c12bc7f7049b5deff68b707"}],"birthday":"1973-02-14"},"esign":true}
2026-04-20 13:12:28,303 INFO [TG_Test 1-32] o.a.j.p.j.s.J.Create payload: formData={order_type=TRANSFER, order_number=9648, order_date=2026-04-20, files=[{id=45dd7f4b-6764-4588-8a29-789ea16f6da1, checksum=15e377f79ece4daa09e0de17d9e51284681571c64c12bc7f7049b5deff68b707}], birthday=1973-02-14}
2026-04-20 13:12:28,303 INFO [TG_Test 1-32] o.a.j.p.j.s.J.Create payload: Payload={"data":{"order_type":"TRANSFER","order_number":"9648","order_date":"2026-04-20","files":[{"id":"45dd7f4b-6764-4588-8a29-789ea16f6da1","checksum":"15e377f79ece4daa09e0de17d9e51284681571c64c12bc7f7049b5deff68b707"}],"birthday":"1973-02-14"},"signature":"perf-test-officer-32.dat"}
2026-04-20 13:12:28,338 INFO [TG_Test 1-78] o.a.j.p.j.s.J.Create payload: Payload={"data":{"first_name":"\u042f\u0440\u043e\u0441\u043b\u0430\u0432","last_name":"\u041a\u0430\u0441\u044c\u043a\u0456\u0432","second_name":"\u041e\u043b\u0435\u043a\u0441\u0430\u043d\u0434\u0440\u043e\u0432\u0438\u0447","order_date":"2026-04-20","order_number":"8350","order_type":"TRANSFER","birthday":"1995-11-02","file":[{"id":"67cb6c81-9b0f-4814-a198-803725f04ed7","checksum":"15e377f79ece4daa09e0de17d9e51284681571c64c12bc7f7049b5deff68b707"}]}}
2026-04-20 13:12:28,357 INFO [TG_Test 1-34] o.a.j.p.j.s.J.Create payload: formData={"id":"6f68b3ec-3ca1-11f1-beaf-0a580a80027a","taskDefinitionKey":"signDataActivity","name":"Підписати дані про освітній профіль","assignee":"perf-test-officer-34","created":"2026-04-20T10:12:28.173Z","description":null,"processInstanceId":"69d95d8b-3ca1-11f1-beaf-0a580a80027a","rootProcessInstanceId":"69d95d8b-3ca1-11f1-beaf-0a580a80027a","processDefinitionId":"b29a4815-3a3c-11f1-9c26-0a580a800265","processDefinitionName":"Процес для перевірки збереження декількох сутностей в рамках однієї транзакції - nested entity","formKey":"feature-form-add-fourth","suspended":false,"formVariables":{},"signatureValidationPack":[],"data":{"order_type":"TRANSFER","order_number":"4045","order_date":"2026-04-20","files":[{"id":"e1cebd4d-e26f-4c57-a15c-1bf2a0ec35af","checksum":"15e377f79ece4daa09e0de17d9e51284681571c64c12bc7f7049b5deff68b707"}],"birthday":"1992-11-19"},"esign":true}
2026-04-20 13:12:28,357 INFO [TG_Test 1-34] o.a.j.p.j.s.J.Create payload: formData={order_type=TRANSFER, order_number=4045, order_date=2026-04-20, files=[{id=e1cebd4d-e26f-4c57-a15c-1bf2a0ec35af, checksum=15e377f79ece4daa09e0de17d9e51284681571c64c12bc7f7049b5deff68b707}], birthday=1992-11-19}
2026-04-20 13:12:28,357 INFO [TG_Test 1-34] o.a.j.p.j.s.J.Create payload: Payload={"data":{"order_type":"TRANSFER","order_number":"4045","order_date":"2026-04-20","files":[{"id":"e1cebd4d-e26f-4c57-a15c-1bf2a0ec35af","checksum":"15e377f79ece4daa09e0de17d9e51284681571c64c12bc7f7049b5deff68b707"}],"birthday":"1992-11-19"},"signature":"perf-test-officer-34.dat"}
2026-04-20 13:12:28,424 INFO [TG_Test 1-83] o.a.j.e.J.Set XSRF Token: === [COOKIE MANAGER] XSRF-TOKEN додано успішно: 17b78436-48f6-4e54-80bf-a73240ff71a0
2026-04-20 13:12:28,442 INFO [TG_Test 1-16] o.a.j.e.J.JSR223 - Clear Cookie: === [SESSION CLEAR] HTTP Cookie Manager очищено ===
2026-04-20 13:12:28,442 INFO [TG_Test 1-16] o.a.j.e.J.JSR223 - Clear Cookie: === [SESSION CLEAR] Змінні авторизації видалено. Готові до логіну Провайдера. ===
2026-04-20 13:12:28,443 INFO [TG_Test 1-16] o.a.j.t.JMeterThread: Stop Thread seen for thread TG_Test 1-16, reason: org.apache.jorphan.util.JMeterStopThreadException: End of file:/home/vlad/diia/projects/perf-testing-methodology/test-data/nested-entity-execution-plan.csv detected for CSV DataSet:CSV - Users Data configured with stopThread:true, recycle:false
2026-04-20 13:12:28,443 INFO [TG_Test 1-16] o.a.j.t.JMeterThread: Thread finished: TG_Test 1-16
2026-04-20 13:12:28,460 INFO [TG_Test 1-80] o.a.j.m.J.JSR223 PreProcessor: === [XSRF SYNC] Оновлено токен із Cookie Manager: 9de8ac59-44a7-46dc-8a09-5eeebbde873e
2026-04-20 13:12:28,472 INFO [TG_Test 1-83] o.a.j.p.j.s.J.Create payload: Payload={"data":{"first_name":"\u0411\u043e\u0433\u0434\u0430\u043d","last_name":"\u0420\u043e\u043c\u043e\u0447\u043a\u043e","second_name":"\u041e\u043b\u0435\u043a\u0441\u0430\u043d\u0434\u0440\u043e\u0432\u0438\u0447","order_date":"2026-04-20","order_number":"1808","order_type":"TRANSFER","birthday":"1971-09-18","file":[{"id":"b6840be0-f7e6-4c50-a6e2-fabb84a0d43b","checksum":"15e377f79ece4daa09e0de17d9e51284681571c64c12bc7f7049b5deff68b707"}]}}
2026-04-20 13:12:28,475 INFO [TG_Test 1-42] o.a.j.p.j.s.J.Create payload: formData={"id":"6f7202c8-3ca1-11f1-beaf-0a580a80027a","taskDefinitionKey":"Activity_11jqc4d","name":"переглянути дані та внести зміни","assignee":"perf-test-officer-42","created":"2026-04-20T10:12:28.234Z","description":null,"processInstanceId":"6ac0618c-3ca1-11f1-beaf-0a580a80027a","rootProcessInstanceId":"6ac0618c-3ca1-11f1-beaf-0a580a80027a","processDefinitionId":"b29a4815-3a3c-11f1-9c26-0a580a800265","processDefinitionName":"Процес для перевірки збереження декількох сутностей в рамках однієї транзакції - nested entity","formKey":"feature-form-add-thirdform","suspended":false,"formVariables":{},"signatureValidationPack":[],"data":{"order_type":"TRANSFER","order_number":"4595","order_date":"2026-04-20T13:17:10.952Z","files":[{"id":"1888aecb-4526-46fe-9f86-33f4eca31e03","checksum":"15e377f79ece4daa09e0de17d9e51284681571c64c12bc7f7049b5deff68b707"}]},"esign":false}
2026-04-20 13:12:28,475 INFO [TG_Test 1-42] o.a.j.p.j.s.J.Create payload: formData={order_type=TRANSFER, order_number=4595, order_date=2026-04-20T13:17:10.952Z, files=[{id=1888aecb-4526-46fe-9f86-33f4eca31e03, checksum=15e377f79ece4daa09e0de17d9e51284681571c64c12bc7f7049b5deff68b707}]}
2026-04-20 13:12:28,475 INFO [TG_Test 1-42] o.a.j.p.j.s.J.Create payload: Payload={"data":{"order_type":"TRANSFER","order_number":"4595","order_date":"2026-04-20","files":[{"id":"1888aecb-4526-46fe-9f86-33f4eca31e03","checksum":"15e377f79ece4daa09e0de17d9e51284681571c64c12bc7f7049b5deff68b707"}],"birthday":"2005-03-07"}}
2026-04-20 13:12:28,478 INFO [TG_Test 1-85] o.a.j.m.J.JSR223 PreProcessor: === [XSRF SYNC] Оновлено токен із Cookie Manager: ffa8fdc7-7b6d-4c87-afa4-eb4a5a04bdec
2026-04-20 13:12:28,494 INFO [TG_Test 1-84] o.a.j.e.J.Set XSRF Token: === [COOKIE MANAGER] XSRF-TOKEN додано успішно: fcbe19a9-5431-48a2-b430-8ecc39a3e132
2026-04-20 13:12:28,502 INFO [TG_Test 1-81] o.a.j.e.J.Set XSRF Token: === [COOKIE MANAGER] XSRF-TOKEN додано успішно: bcfafe01-29e9-4d94-9bb9-c172c81be211
2026-04-20 13:12:28,524 INFO [TG_Test 1-86] o.a.j.m.J.JSR223 PreProcessor: === [XSRF SYNC] Оновлено токен із Cookie Manager: b29b5646-21dd-4f7e-905e-9500eddbfa26
2026-04-20 13:12:28,532 INFO [TG_Test 1-84] o.a.j.p.j.s.J.Create payload: Payload={"data":{"first_name":"\u0421\u0438\u043d\u044c\u043e\u043e\u043a","last_name":"\u0421\u0456\u0440\u043a\u043e","second_name":"\u041e\u043b\u0435\u043a\u0441\u0456\u0439\u043e\u0432\u0438\u0447","order_date":"2026-04-20","order_number":"3283","order_type":"DISMISSAL","birthday":"1968-11-05","file":[{"id":"b756a8ed-e4a4-4889-863f-df31bb81c2d0","checksum":"15e377f79ece4daa09e0de17d9e51284681571c64c12bc7f7049b5deff68b707"}]}}
2026-04-20 13:12:28,534 INFO [TG_Test 1-82] o.a.j.e.J.Set XSRF Token: === [COOKIE MANAGER] XSRF-TOKEN додано успішно: 7aaeeb99-05c0-494b-80d3-9252fe975da3
2026-04-20 13:12:28,540 INFO [TG_Test 1-81] o.a.j.p.j.s.J.Create payload: Payload={"data":{"first_name":"\u0413\u0435\u043d\u043d\u0430\u0434\u0456\u0439","last_name":"\u041a\u043e\u043b\u043e\u043c\u0456\u0454\u0446\u044c","second_name":"\u0410\u043d\u0430\u0442\u043e\u043b\u0456\u0439\u043e\u0432\u0438\u0447","order_date":"2026-04-20","order_number":"5863","order_type":"TRANSFER","birthday":"2005-03-15","file":[{"id":"8c216a1d-57ec-4481-9dfd-1469c8699b73","checksum":"15e377f79ece4daa09e0de17d9e51284681571c64c12bc7f7049b5deff68b707"}]}}
2026-04-20 13:12:28,561 INFO [TG_Test 1-62] o.a.j.p.j.s.J.Create payload: formData={"id":"6f864e29-3ca1-11f1-beaf-0a580a80027a","taskDefinitionKey":"signPersonProfileActivity","name":"Підписати дані про освітній профіль","assignee":"perf-test-officer-62","created":"2026-04-20T10:12:28.367Z","description":null,"processInstanceId":"6d8156f5-3ca1-11f1-beaf-0a580a80027a","rootProcessInstanceId":"6d8156f5-3ca1-11f1-beaf-0a580a80027a","processDefinitionId":"b29a4815-3a3c-11f1-9c26-0a580a800265","processDefinitionName":"Процес для перевірки збереження декількох сутностей в рамках однієї транзакції - nested entity","formKey":"feature-form-add-signd","suspended":false,"formVariables":{},"signatureValidationPack":[],"data":{"first_name":"Сологуб","last_name":"Слободян","second_name":"Анатолійович","order_date":"2026-04-20","order_number":"4030","order_type":"TRANSFER","birthday":"1995-04-17","file":[{"id":"9d6f52a5-70af-4a50-b7a1-78751b2b41ba","checksum":"15e377f79ece4daa09e0de17d9e51284681571c64c12bc7f7049b5deff68b707"}]},"esign":true}
2026-04-20 13:12:28,561 INFO [TG_Test 1-62] o.a.j.p.j.s.J.Create payload: formData={first_name=Сологуб, last_name=Слободян, second_name=Анатолійович, order_date=2026-04-20, order_number=4030, order_type=TRANSFER, birthday=1995-04-17, file=[{id=9d6f52a5-70af-4a50-b7a1-78751b2b41ba, checksum=15e377f79ece4daa09e0de17d9e51284681571c64c12bc7f7049b5deff68b707}]}
2026-04-20 13:12:28,561 INFO [TG_Test 1-62] o.a.j.p.j.s.J.Create payload: Payload={"data":{"first_name":"\u0421\u043e\u043b\u043e\u0433\u0443\u0431","last_name":"\u0421\u043b\u043e\u0431\u043e\u0434\u044f\u043d","second_name":"\u0410\u043d\u0430\u0442\u043e\u043b\u0456\u0439\u043e\u0432\u0438\u0447","order_date":"2026-04-20","order_number":"4030","order_type":"TRANSFER","birthday":"1995-04-17","file":[{"id":"9d6f52a5-70af-4a50-b7a1-78751b2b41ba","checksum":"15e377f79ece4daa09e0de17d9e51284681571c64c12bc7f7049b5deff68b707"}]},"signature":"perf-test-officer-62.dat"}
2026-04-20 13:12:28,574 INFO [TG_Test 1-82] o.a.j.p.j.s.J.Create payload: Payload={"data":{"first_name":"\u0421\u043b\u0430\u0432\u0443\u0442\u0430","last_name":"\u041b\u0443\u0446\u044c\u043a\u0438\u0439","second_name":"\u0412\u0430\u0441\u0438\u043b\u044c\u043e\u0432\u0438\u0447","order_date":"2026-04-20","order_number":"1595","order_type":"DISMISSAL","birthday":"1994-11-20","file":[{"id":"07dfd66f-4c20-4033-8a14-ae1c92f826d5","checksum":"15e377f79ece4daa09e0de17d9e51284681571c64c12bc7f7049b5deff68b707"}]}}
2026-04-20 13:12:28,588 INFO [TG_Test 1-43] o.a.j.p.j.s.J.Create payload: formData={"id":"6f88982b-3ca1-11f1-beaf-0a580a80027a","taskDefinitionKey":"Activity_11jqc4d","name":"переглянути дані та внести зміни","assignee":"perf-test-officer-43","created":"2026-04-20T10:12:28.382Z","description":null,"processInstanceId":"6ab2319a-3ca1-11f1-beaf-0a580a80027a","rootProcessInstanceId":"6ab2319a-3ca1-11f1-beaf-0a580a80027a","processDefinitionId":"b29a4815-3a3c-11f1-9c26-0a580a800265","processDefinitionName":"Процес для перевірки збереження декількох сутностей в рамках однієї транзакції - nested entity","formKey":"feature-form-add-thirdform","suspended":false,"formVariables":{},"signatureValidationPack":[],"data":{"order_type":"TRANSFER","order_number":"6595","order_date":"2026-04-20T13:17:10.952Z","files":[{"id":"185ad1a6-91de-407a-977b-79e7ca6ddfa0","checksum":"15e377f79ece4daa09e0de17d9e51284681571c64c12bc7f7049b5deff68b707"}]},"esign":false}
2026-04-20 13:12:28,588 INFO [TG_Test 1-43] o.a.j.p.j.s.J.Create payload: formData={order_type=TRANSFER, order_number=6595, order_date=2026-04-20T13:17:10.952Z, files=[{id=185ad1a6-91de-407a-977b-79e7ca6ddfa0, checksum=15e377f79ece4daa09e0de17d9e51284681571c64c12bc7f7049b5deff68b707}]}
2026-04-20 13:12:28,588 INFO [TG_Test 1-43] o.a.j.p.j.s.J.Create payload: Payload={"data":{"order_type":"TRANSFER","order_number":"6595","order_date":"2026-04-20","files":[{"id":"185ad1a6-91de-407a-977b-79e7ca6ddfa0","checksum":"15e377f79ece4daa09e0de17d9e51284681571c64c12bc7f7049b5deff68b707"}],"birthday":"2005-01-19"}}
2026-04-20 13:12:28,649 INFO [TG_Test 1-63] o.a.j.p.j.s.J.Create payload: formData={"id":"6f92834c-3ca1-11f1-beaf-0a580a80027a","taskDefinitionKey":"signPersonProfileActivity","name":"Підписати дані про освітній профіль","assignee":"perf-test-officer-63","created":"2026-04-20T10:12:28.447Z","description":null,"processInstanceId":"6d2839d5-3ca1-11f1-beaf-0a580a80027a","rootProcessInstanceId":"6d2839d5-3ca1-11f1-beaf-0a580a80027a","processDefinitionId":"b29a4815-3a3c-11f1-9c26-0a580a800265","processDefinitionName":"Процес для перевірки збереження декількох сутностей в рамках однієї транзакції - nested entity","formKey":"feature-form-add-signd","suspended":false,"formVariables":{},"signatureValidationPack":[],"data":{"first_name":"Мечислав","last_name":"Головець","second_name":"Анатолійович","order_date":"2026-04-20","order_number":"4180","order_type":"DISMISSAL","birthday":"1980-06-18","file":[{"id":"eda1c2d0-0c5c-4454-907d-7f8537f476c7","checksum":"15e377f79ece4daa09e0de17d9e51284681571c64c12bc7f7049b5deff68b707"}]},"esign":true}
2026-04-20 13:12:28,649 INFO [TG_Test 1-63] o.a.j.p.j.s.J.Create payload: formData={first_name=Мечислав, last_name=Головець, second_name=Анатолійович, order_date=2026-04-20, order_number=4180, order_type=DISMISSAL, birthday=1980-06-18, file=[{id=eda1c2d0-0c5c-4454-907d-7f8537f476c7, checksum=15e377f79ece4daa09e0de17d9e51284681571c64c12bc7f7049b5deff68b707}]}
2026-04-20 13:12:28,649 INFO [TG_Test 1-63] o.a.j.p.j.s.J.Create payload: Payload={"data":{"first_name":"\u041c\u0435\u0447\u0438\u0441\u043b\u0430\u0432","last_name":"\u0413\u043e\u043b\u043e\u0432\u0435\u0446\u044c","second_name":"\u0410\u043d\u0430\u0442\u043e\u043b\u0456\u0439\u043e\u0432\u0438\u0447","order_date":"2026-04-20","order_number":"4180","order_type":"DISMISSAL","birthday":"1980-06-18","file":[{"id":"eda1c2d0-0c5c-4454-907d-7f8537f476c7","checksum":"15e377f79ece4daa09e0de17d9e51284681571c64c12bc7f7049b5deff68b707"}]},"signature":"perf-test-officer-63.dat"}
2026-04-20 13:12:28,713 INFO [TG_Test 1-87] o.a.j.m.J.JSR223 PreProcessor: === [XSRF SYNC] Оновлено токен із Cookie Manager: 82111201-4ddd-497d-89d8-11a3f7066108
2026-04-20 13:12:28,859 INFO [TG_Test 1-70] o.a.j.p.j.s.J.Create payload: formData={"id":"6fa9dc0d-3ca1-11f1-beaf-0a580a80027a","taskDefinitionKey":"signPersonProfileActivity","name":"Підписати дані про освітній профіль","assignee":"perf-test-officer-70","created":"2026-04-20T10:12:28.600Z","description":null,"processInstanceId":"6da11423-3ca1-11f1-beaf-0a580a80027a","rootProcessInstanceId":"6da11423-3ca1-11f1-beaf-0a580a80027a","processDefinitionId":"b29a4815-3a3c-11f1-9c26-0a580a800265","processDefinitionName":"Процес для перевірки збереження декількох сутностей в рамках однієї транзакції - nested entity","formKey":"feature-form-add-signd","suspended":false,"formVariables":{},"signatureValidationPack":[],"data":{"first_name":"Слава","last_name":"Коваленко","second_name":"Олександрівна","order_date":"2026-04-20","order_number":"2715","order_type":"DISMISSAL","birthday":"1974-09-29","file":[{"id":"eba6713c-5c67-4554-8688-7b2f1ee8da8d","checksum":"15e377f79ece4daa09e0de17d9e51284681571c64c12bc7f7049b5deff68b707"}]},"esign":true}
2026-04-20 13:12:28,859 INFO [TG_Test 1-70] o.a.j.p.j.s.J.Create payload: formData={first_name=Слава, last_name=Коваленко, second_name=Олександрівна, order_date=2026-04-20, order_number=2715, order_type=DISMISSAL, birthday=1974-09-29, file=[{id=eba6713c-5c67-4554-8688-7b2f1ee8da8d, checksum=15e377f79ece4daa09e0de17d9e51284681571c64c12bc7f7049b5deff68b707}]}
2026-04-20 13:12:28,859 INFO [TG_Test 1-70] o.a.j.p.j.s.J.Create payload: Payload={"data":{"first_name":"\u0421\u043b\u0430\u0432\u0430","last_name":"\u041a\u043e\u0432\u0430\u043b\u0435\u043d\u043a\u043e","second_name":"\u041e\u043b\u0435\u043a\u0441\u0430\u043d\u0434\u0440\u0456\u0432\u043d\u0430","order_date":"2026-04-20","order_number":"2715","order_type":"DISMISSAL","birthday":"1974-09-29","file":[{"id":"eba6713c-5c67-4554-8688-7b2f1ee8da8d","checksum":"15e377f79ece4daa09e0de17d9e51284681571c64c12bc7f7049b5deff68b707"}]},"signature":"perf-test-officer-70.dat"}
2026-04-20 13:12:28,895 INFO [TG_Test 1-69] o.a.j.p.j.s.J.Create payload: formData={"id":"6fb092db-3ca1-11f1-beaf-0a580a80027a","taskDefinitionKey":"signPersonProfileActivity","name":"Підписати дані про освітній профіль","assignee":"perf-test-officer-69","created":"2026-04-20T10:12:28.644Z","description":null,"processInstanceId":"6d45ad14-3ca1-11f1-beaf-0a580a80027a","rootProcessInstanceId":"6d45ad14-3ca1-11f1-beaf-0a580a80027a","processDefinitionId":"b29a4815-3a3c-11f1-9c26-0a580a800265","processDefinitionName":"Процес для перевірки збереження декількох сутностей в рамках однієї транзакції - nested entity","formKey":"feature-form-add-signd","suspended":false,"formVariables":{},"signatureValidationPack":[],"data":{"first_name":"Звенигор","last_name":"Шевченко","second_name":"Сергійович","order_date":"2026-04-20","order_number":"2102","order_type":"TRANSFER","birthday":"2007-05-02","file":[{"id":"cbf059b7-5da3-40cc-b24b-6d07b9acf55c","checksum":"15e377f79ece4daa09e0de17d9e51284681571c64c12bc7f7049b5deff68b707"}]},"esign":true}
2026-04-20 13:12:28,895 INFO [TG_Test 1-69] o.a.j.p.j.s.J.Create payload: formData={first_name=Звенигор, last_name=Шевченко, second_name=Сергійович, order_date=2026-04-20, order_number=2102, order_type=TRANSFER, birthday=2007-05-02, file=[{id=cbf059b7-5da3-40cc-b24b-6d07b9acf55c, checksum=15e377f79ece4daa09e0de17d9e51284681571c64c12bc7f7049b5deff68b707}]}
2026-04-20 13:12:28,895 INFO [TG_Test 1-69] o.a.j.p.j.s.J.Create payload: Payload={"data":{"first_name":"\u0417\u0432\u0435\u043d\u0438\u0433\u043e\u0440","last_name":"\u0428\u0435\u0432\u0447\u0435\u043d\u043a\u043e","second_name":"\u0421\u0435\u0440\u0433\u0456\u0439\u043e\u0432\u0438\u0447","order_date":"2026-04-20","order_number":"2102","order_type":"TRANSFER","birthday":"2007-05-02","file":[{"id":"cbf059b7-5da3-40cc-b24b-6d07b9acf55c","checksum":"15e377f79ece4daa09e0de17d9e51284681571c64c12bc7f7049b5deff68b707"}]},"signature":"perf-test-officer-69.dat"}
2026-04-20 13:12:28,896 INFO [TG_Test 1-11] o.a.j.e.J.JSR223 - Clear Cookie: === [SESSION CLEAR] HTTP Cookie Manager очищено ===
2026-04-20 13:12:28,896 INFO [TG_Test 1-11] o.a.j.e.J.JSR223 - Clear Cookie: === [SESSION CLEAR] Змінні авторизації видалено. Готові до логіну Провайдера. ===
2026-04-20 13:12:28,897 INFO [TG_Test 1-11] o.a.j.t.JMeterThread: Stop Thread seen for thread TG_Test 1-11, reason: org.apache.jorphan.util.JMeterStopThreadException: End of file:/home/vlad/diia/projects/perf-testing-methodology/test-data/nested-entity-execution-plan.csv detected for CSV DataSet:CSV - Users Data configured with stopThread:true, recycle:false
2026-04-20 13:12:28,897 INFO [TG_Test 1-11] o.a.j.t.JMeterThread: Thread finished: TG_Test 1-11
2026-04-20 13:12:28,918 INFO [TG_Test 1-37] o.a.j.p.j.s.J.Create payload: formData={"id":"6fb749a3-3ca1-11f1-beaf-0a580a80027a","taskDefinitionKey":"signDataActivity","name":"Підписати дані про освітній профіль","assignee":"perf-test-officer-37","created":"2026-04-20T10:12:28.688Z","description":null,"processInstanceId":"69c33d42-3ca1-11f1-beaf-0a580a80027a","rootProcessInstanceId":"69c33d42-3ca1-11f1-beaf-0a580a80027a","processDefinitionId":"b29a4815-3a3c-11f1-9c26-0a580a800265","processDefinitionName":"Процес для перевірки збереження декількох сутностей в рамках однієї транзакції - nested entity","formKey":"feature-form-add-fourth","suspended":false,"formVariables":{},"signatureValidationPack":[],"data":{"order_type":"ENROLLMENT","order_number":"2746","order_date":"2026-04-20","files":[{"id":"f2ca4ba5-c367-4705-b11d-d2fa6ac8730b","checksum":"15e377f79ece4daa09e0de17d9e51284681571c64c12bc7f7049b5deff68b707"}],"birthday":"1968-01-08"},"esign":true}
2026-04-20 13:12:28,918 INFO [TG_Test 1-37] o.a.j.p.j.s.J.Create payload: formData={order_type=ENROLLMENT, order_number=2746, order_date=2026-04-20, files=[{id=f2ca4ba5-c367-4705-b11d-d2fa6ac8730b, checksum=15e377f79ece4daa09e0de17d9e51284681571c64c12bc7f7049b5deff68b707}], birthday=1968-01-08}
2026-04-20 13:12:28,918 INFO [TG_Test 1-37] o.a.j.p.j.s.J.Create payload: Payload={"data":{"order_type":"ENROLLMENT","order_number":"2746","order_date":"2026-04-20","files":[{"id":"f2ca4ba5-c367-4705-b11d-d2fa6ac8730b","checksum":"15e377f79ece4daa09e0de17d9e51284681571c64c12bc7f7049b5deff68b707"}],"birthday":"1968-01-08"},"signature":"perf-test-officer-37.dat"}
2026-04-20 13:12:28,925 INFO [TG_Test 1-46] o.a.j.p.j.s.J.Create payload: formData={"id":"6fba08db-3ca1-11f1-beaf-0a580a80027a","taskDefinitionKey":"Activity_11jqc4d","name":"переглянути дані та внести зміни","assignee":"perf-test-officer-46","created":"2026-04-20T10:12:28.706Z","description":null,"processInstanceId":"6b0be9e6-3ca1-11f1-beaf-0a580a80027a","rootProcessInstanceId":"6b0be9e6-3ca1-11f1-beaf-0a580a80027a","processDefinitionId":"b29a4815-3a3c-11f1-9c26-0a580a800265","processDefinitionName":"Процес для перевірки збереження декількох сутностей в рамках однієї транзакції - nested entity","formKey":"feature-form-add-thirdform","suspended":false,"formVariables":{},"signatureValidationPack":[],"data":{"order_type":"DISMISSAL","order_number":"5232","order_date":"2026-04-20T13:17:10.952Z","files":[{"id":"8e2f3314-fdb8-4ae9-98ba-980a4380c0f0","checksum":"15e377f79ece4daa09e0de17d9e51284681571c64c12bc7f7049b5deff68b707"}]},"esign":false}
2026-04-20 13:12:28,925 INFO [TG_Test 1-29] o.a.j.p.j.s.J.Create payload: formData={"id":"6fba56fe-3ca1-11f1-beaf-0a580a80027a","taskDefinitionKey":"signDataActivity","name":"Підписати дані про освітній профіль","assignee":"perf-test-officer-29","created":"2026-04-20T10:12:28.708Z","description":null,"processInstanceId":"69355541-3ca1-11f1-beaf-0a580a80027a","rootProcessInstanceId":"69355541-3ca1-11f1-beaf-0a580a80027a","processDefinitionId":"b29a4815-3a3c-11f1-9c26-0a580a800265","processDefinitionName":"Процес для перевірки збереження декількох сутностей в рамках однієї транзакції - nested entity","formKey":"feature-form-add-fourth","suspended":false,"formVariables":{},"signatureValidationPack":[],"data":{"order_type":"TRANSFER","order_number":"2772","order_date":"2026-04-20","files":[{"id":"afdeb3f2-d44d-455d-a237-9721bc994426","checksum":"15e377f79ece4daa09e0de17d9e51284681571c64c12bc7f7049b5deff68b707"}],"birthday":"2006-04-02"},"esign":true}
2026-04-20 13:12:28,925 INFO [TG_Test 1-29] o.a.j.p.j.s.J.Create payload: formData={order_type=TRANSFER, order_number=2772, order_date=2026-04-20, files=[{id=afdeb3f2-d44d-455d-a237-9721bc994426, checksum=15e377f79ece4daa09e0de17d9e51284681571c64c12bc7f7049b5deff68b707}], birthday=2006-04-02}
2026-04-20 13:12:28,925 INFO [TG_Test 1-46] o.a.j.p.j.s.J.Create payload: formData={order_type=DISMISSAL, order_number=5232, order_date=2026-04-20T13:17:10.952Z, files=[{id=8e2f3314-fdb8-4ae9-98ba-980a4380c0f0, checksum=15e377f79ece4daa09e0de17d9e51284681571c64c12bc7f7049b5deff68b707}]}
2026-04-20 13:12:28,925 INFO [TG_Test 1-29] o.a.j.p.j.s.J.Create payload: Payload={"data":{"order_type":"TRANSFER","order_number":"2772","order_date":"2026-04-20","files":[{"id":"afdeb3f2-d44d-455d-a237-9721bc994426","checksum":"15e377f79ece4daa09e0de17d9e51284681571c64c12bc7f7049b5deff68b707"}],"birthday":"2006-04-02"},"signature":"perf-test-officer-29.dat"}
2026-04-20 13:12:28,925 INFO [TG_Test 1-46] o.a.j.p.j.s.J.Create payload: Payload={"data":{"order_type":"DISMISSAL","order_number":"5232","order_date":"2026-04-20","files":[{"id":"8e2f3314-fdb8-4ae9-98ba-980a4380c0f0","checksum":"15e377f79ece4daa09e0de17d9e51284681571c64c12bc7f7049b5deff68b707"}],"birthday":"1995-01-09"}}
2026-04-20 13:12:28,926 INFO [TG_Test 1-35] o.a.j.p.j.s.J.Create payload: formData={"id":"6fbaa526-3ca1-11f1-beaf-0a580a80027a","taskDefinitionKey":"signDataActivity","name":"Підписати дані про освітній профіль","assignee":"perf-test-officer-35","created":"2026-04-20T10:12:28.709Z","description":null,"processInstanceId":"69a8891c-3ca1-11f1-beaf-0a580a80027a","rootProcessInstanceId":"69a8891c-3ca1-11f1-beaf-0a580a80027a","processDefinitionId":"b29a4815-3a3c-11f1-9c26-0a580a800265","processDefinitionName":"Процес для перевірки збереження декількох сутностей в рамках однієї транзакції - nested entity","formKey":"feature-form-add-fourth","suspended":false,"formVariables":{},"signatureValidationPack":[],"data":{"order_type":"TRANSFER","order_number":"5196","order_date":"2026-04-20","files":[{"id":"7f6c3f90-5a5b-43db-8077-240c3fd1b981","checksum":"15e377f79ece4daa09e0de17d9e51284681571c64c12bc7f7049b5deff68b707"}],"birthday":"1998-08-16"},"esign":true}
2026-04-20 13:12:28,926 INFO [TG_Test 1-35] o.a.j.p.j.s.J.Create payload: formData={order_type=TRANSFER, order_number=5196, order_date=2026-04-20, files=[{id=7f6c3f90-5a5b-43db-8077-240c3fd1b981, checksum=15e377f79ece4daa09e0de17d9e51284681571c64c12bc7f7049b5deff68b707}], birthday=1998-08-16}
2026-04-20 13:12:28,927 INFO [TG_Test 1-35] o.a.j.p.j.s.J.Create payload: Payload={"data":{"order_type":"TRANSFER","order_number":"5196","order_date":"2026-04-20","files":[{"id":"7f6c3f90-5a5b-43db-8077-240c3fd1b981","checksum":"15e377f79ece4daa09e0de17d9e51284681571c64c12bc7f7049b5deff68b707"}],"birthday":"1998-08-16"},"signature":"perf-test-officer-35.dat"}
2026-04-20 13:12:28,932 INFO [TG_Test 1-80] o.a.j.e.J.Set XSRF Token: === [COOKIE MANAGER] XSRF-TOKEN додано успішно: 424701b9-1d2c-42de-9e6a-0cd7a6dc28b9
2026-04-20 13:12:28,954 INFO [TG_Test 1-85] o.a.j.e.J.Set XSRF Token: === [COOKIE MANAGER] XSRF-TOKEN додано успішно: 0ce29468-26b5-43a8-ad5b-b7b449d90b37
2026-04-20 13:12:28,971 INFO [TG_Test 1-80] o.a.j.p.j.s.J.Create payload: Payload={"data":{"first_name":"\u0411\u0456\u043b\u044f\u043d\u0430","last_name":"\u0413\u0430\u0439\u0447\u0443\u043a","second_name":"\u041c\u0438\u043a\u043e\u043b\u0430\u0457\u0432\u043d\u0430","order_date":"2026-04-20","order_number":"9460","order_type":"ENROLLMENT","birthday":"2006-04-10","file":[{"id":"9d3ab291-47bb-4db8-b26c-6f925805c8d2","checksum":"15e377f79ece4daa09e0de17d9e51284681571c64c12bc7f7049b5deff68b707"}]}}
2026-04-20 13:12:28,986 INFO [TG_Test 1-68] o.a.j.p.j.s.J.Create payload: formData={"id":"6fc4de63-3ca1-11f1-beaf-0a580a80027a","taskDefinitionKey":"signPersonProfileActivity","name":"Підписати дані про освітній профіль","assignee":"perf-test-officer-68","created":"2026-04-20T10:12:28.777Z","description":null,"processInstanceId":"6da977aa-3ca1-11f1-beaf-0a580a80027a","rootProcessInstanceId":"6da977aa-3ca1-11f1-beaf-0a580a80027a","processDefinitionId":"b29a4815-3a3c-11f1-9c26-0a580a800265","processDefinitionName":"Процес для перевірки збереження декількох сутностей в рамках однієї транзакції - nested entity","formKey":"feature-form-add-signd","suspended":false,"formVariables":{},"signatureValidationPack":[],"data":{"first_name":"Кий","last_name":"Лагойда","second_name":"Іванович","order_date":"2026-04-20","order_number":"1703","order_type":"ENROLLMENT","birthday":"2007-09-16","file":[{"id":"f8563f85-37ef-4452-989d-8573afc55442","checksum":"15e377f79ece4daa09e0de17d9e51284681571c64c12bc7f7049b5deff68b707"}]},"esign":true}
2026-04-20 13:12:28,986 INFO [TG_Test 1-85] o.a.j.p.j.s.J.Create payload: Payload={"data":{"first_name":"\u042f\u0440\u043e\u043c\u0438\u0440","last_name":"\u0411\u0435\u0440\u0434\u043d\u0438\u043a","second_name":"\u0421\u0435\u0440\u0433\u0456\u0439\u043e\u0432\u0438\u0447","order_date":"2026-04-20","order_number":"9927","order_type":"TRANSFER","birthday":"1989-04-23","file":[{"id":"37ec1eaa-5fc3-45d5-ac47-e690b87fb21f","checksum":"15e377f79ece4daa09e0de17d9e51284681571c64c12bc7f7049b5deff68b707"}]}}
2026-04-20 13:12:28,986 INFO [TG_Test 1-68] o.a.j.p.j.s.J.Create payload: formData={first_name=Кий, last_name=Лагойда, second_name=Іванович, order_date=2026-04-20, order_number=1703, order_type=ENROLLMENT, birthday=2007-09-16, file=[{id=f8563f85-37ef-4452-989d-8573afc55442, checksum=15e377f79ece4daa09e0de17d9e51284681571c64c12bc7f7049b5deff68b707}]}
2026-04-20 13:12:28,986 INFO [TG_Test 1-68] o.a.j.p.j.s.J.Create payload: Payload={"data":{"first_name":"\u041a\u0438\u0439","last_name":"\u041b\u0430\u0433\u043e\u0439\u0434\u0430","second_name":"\u0406\u0432\u0430\u043d\u043e\u0432\u0438\u0447","order_date":"2026-04-20","order_number":"1703","order_type":"ENROLLMENT","birthday":"2007-09-16","file":[{"id":"f8563f85-37ef-4452-989d-8573afc55442","checksum":"15e377f79ece4daa09e0de17d9e51284681571c64c12bc7f7049b5deff68b707"}]},"signature":"perf-test-officer-68.dat"}
2026-04-20 13:12:28,996 INFO [TG_Test 1-86] o.a.j.e.J.Set XSRF Token: === [COOKIE MANAGER] XSRF-TOKEN додано успішно: 496bc96a-6a90-4f73-925c-8fb3babc0136
2026-04-20 13:12:29,014 INFO [TG_Test 1-65] o.a.j.p.j.s.J.Create payload: formData={"id":"6fcc317a-3ca1-11f1-beaf-0a580a80027a","taskDefinitionKey":"signPersonProfileActivity","name":"Підписати дані про освітній профіль","assignee":"perf-test-officer-65","created":"2026-04-20T10:12:28.825Z","description":null,"processInstanceId":"6d32e842-3ca1-11f1-beaf-0a580a80027a","rootProcessInstanceId":"6d32e842-3ca1-11f1-beaf-0a580a80027a","processDefinitionId":"b29a4815-3a3c-11f1-9c26-0a580a800265","processDefinitionName":"Процес для перевірки збереження декількох сутностей в рамках однієї транзакції - nested entity","formKey":"feature-form-add-signd","suspended":false,"formVariables":{},"signatureValidationPack":[],"data":{"first_name":"Алевтина","last_name":"Стигайло","second_name":"Іванівна","order_date":"2026-04-20","order_number":"9364","order_type":"TRANSFER","birthday":"1975-05-29","file":[{"id":"64a52728-5f52-4000-b7d2-6e7dc80808c9","checksum":"15e377f79ece4daa09e0de17d9e51284681571c64c12bc7f7049b5deff68b707"}]},"esign":true}
2026-04-20 13:12:29,014 INFO [TG_Test 1-65] o.a.j.p.j.s.J.Create payload: formData={first_name=Алевтина, last_name=Стигайло, second_name=Іванівна, order_date=2026-04-20, order_number=9364, order_type=TRANSFER, birthday=1975-05-29, file=[{id=64a52728-5f52-4000-b7d2-6e7dc80808c9, checksum=15e377f79ece4daa09e0de17d9e51284681571c64c12bc7f7049b5deff68b707}]}
2026-04-20 13:12:29,014 INFO [TG_Test 1-65] o.a.j.p.j.s.J.Create payload: Payload={"data":{"first_name":"\u0410\u043b\u0435\u0432\u0442\u0438\u043d\u0430","last_name":"\u0421\u0442\u0438\u0433\u0430\u0439\u043b\u043e","second_name":"\u0406\u0432\u0430\u043d\u0456\u0432\u043d\u0430","order_date":"2026-04-20","order_number":"9364","order_type":"TRANSFER","birthday":"1975-05-29","file":[{"id":"64a52728-5f52-4000-b7d2-6e7dc80808c9","checksum":"15e377f79ece4daa09e0de17d9e51284681571c64c12bc7f7049b5deff68b707"}]},"signature":"perf-test-officer-65.dat"}
2026-04-20 13:12:29,029 INFO [TG_Test 1-86] o.a.j.p.j.s.J.Create payload: Payload={"data":{"first_name":"\u0410\u0440\u0442\u0435\u043c","last_name":"\u0413\u0440\u0438\u043d\u0435\u0432\u0441\u044c\u043a\u0438\u0439","second_name":"\u041e\u043b\u0435\u043a\u0441\u0456\u0439\u043e\u0432\u0438\u0447","order_date":"2026-04-20","order_number":"9623","order_type":"TRANSFER","birthday":"1990-05-29","file":[{"id":"d7a87ca3-bbda-4635-a077-4a5f43196417","checksum":"15e377f79ece4daa09e0de17d9e51284681571c64c12bc7f7049b5deff68b707"}]}}
2026-04-20 13:12:29,137 INFO [TG_Test 1-90] o.a.j.m.J.JSR223 PreProcessor: === [XSRF SYNC] Оновлено токен із Cookie Manager: 07d1016a-c33c-454e-8cba-e1a97a4f7c62
2026-04-20 13:12:29,138 INFO [TG_Test 1-79] o.a.j.e.J.Set XSRF Token: === [COOKIE MANAGER] XSRF-TOKEN додано успішно: bf9e5a0b-c657-4ff6-a852-067af1b52817
2026-04-20 13:12:29,162 INFO [TG_Test 1-72] o.a.j.p.j.s.J.Create payload: formData={"id":"6fe4c1a9-3ca1-11f1-beaf-0a580a80027a","taskDefinitionKey":"signPersonProfileActivity","name":"Підписати дані про освітній профіль","assignee":"perf-test-officer-72","created":"2026-04-20T10:12:28.986Z","description":null,"processInstanceId":"6dc1bad8-3ca1-11f1-beaf-0a580a80027a","rootProcessInstanceId":"6dc1bad8-3ca1-11f1-beaf-0a580a80027a","processDefinitionId":"b29a4815-3a3c-11f1-9c26-0a580a800265","processDefinitionName":"Процес для перевірки збереження декількох сутностей в рамках однієї транзакції - nested entity","formKey":"feature-form-add-signd","suspended":false,"formVariables":{},"signatureValidationPack":[],"data":{"first_name":"Архип","last_name":"Лахман","second_name":"Миколайович","order_date":"2026-04-20","order_number":"1445","order_type":"DISMISSAL","birthday":"2005-08-20","file":[{"id":"563bac3c-9f16-4e8e-860a-c7eb5acea99a","checksum":"15e377f79ece4daa09e0de17d9e51284681571c64c12bc7f7049b5deff68b707"}]},"esign":true}
2026-04-20 13:12:29,162 INFO [TG_Test 1-72] o.a.j.p.j.s.J.Create payload: formData={first_name=Архип, last_name=Лахман, second_name=Миколайович, order_date=2026-04-20, order_number=1445, order_type=DISMISSAL, birthday=2005-08-20, file=[{id=563bac3c-9f16-4e8e-860a-c7eb5acea99a, checksum=15e377f79ece4daa09e0de17d9e51284681571c64c12bc7f7049b5deff68b707}]}
2026-04-20 13:12:29,162 INFO [TG_Test 1-72] o.a.j.p.j.s.J.Create payload: Payload={"data":{"first_name":"\u0410\u0440\u0445\u0438\u043f","last_name":"\u041b\u0430\u0445\u043c\u0430\u043d","second_name":"\u041c\u0438\u043a\u043e\u043b\u0430\u0439\u043e\u0432\u0438\u0447","order_date":"2026-04-20","order_number":"1445","order_type":"DISMISSAL","birthday":"2005-08-20","file":[{"id":"563bac3c-9f16-4e8e-860a-c7eb5acea99a","checksum":"15e377f79ece4daa09e0de17d9e51284681571c64c12bc7f7049b5deff68b707"}]},"signature":"perf-test-officer-72.dat"}
2026-04-20 13:12:29,176 INFO [TG_Test 1-79] o.a.j.p.j.s.J.Create payload: Payload={"data":{"first_name":"\u0411\u0440\u0430\u0442\u043e\u043c\u0438\u043b","last_name":"\u0428\u0435\u0432\u0447\u0435\u043d\u043a\u043e","second_name":"\u0406\u0432\u0430\u043d\u043e\u0432\u0438\u0447","order_date":"2026-04-20","order_number":"2704","order_type":"DISMISSAL","birthday":"1981-05-21","file":[{"id":"f1fcd454-5375-4567-af6c-c274580c45de","checksum":"15e377f79ece4daa09e0de17d9e51284681571c64c12bc7f7049b5deff68b707"}]}}
2026-04-20 13:12:29,187 INFO [TG_Test 1-87] o.a.j.e.J.Set XSRF Token: === [COOKIE MANAGER] XSRF-TOKEN додано успішно: cca2f868-334a-4137-8440-ab837173db52
2026-04-20 13:12:29,222 INFO [TG_Test 1-87] o.a.j.p.j.s.J.Create payload: Payload={"data":{"first_name":"\u0422\u0430\u0457\u0441\u0456\u044f","last_name":"\u041b\u0430\u0445\u043c\u0430\u043d","second_name":"\u0410\u043d\u0430\u0442\u043e\u043b\u0456\u0457\u0432\u043d\u0430","order_date":"2026-04-20","order_number":"5809","order_type":"DISMISSAL","birthday":"1992-07-09","file":[{"id":"b93ad704-a462-44d8-a264-21d63d2a3333","checksum":"15e377f79ece4daa09e0de17d9e51284681571c64c12bc7f7049b5deff68b707"}]}}
2026-04-20 13:12:29,292 INFO [TG_Test 1-31] o.a.j.p.j.s.J.Create payload: formData={"id":"6ff403f7-3ca1-11f1-beaf-0a580a80027a","taskDefinitionKey":"signDataActivity","name":"Підписати дані про освітній профіль","assignee":"perf-test-officer-31","created":"2026-04-20T10:12:29.086Z","description":null,"processInstanceId":"69a8d740-3ca1-11f1-beaf-0a580a80027a","rootProcessInstanceId":"69a8d740-3ca1-11f1-beaf-0a580a80027a","processDefinitionId":"b29a4815-3a3c-11f1-9c26-0a580a800265","processDefinitionName":"Процес для перевірки збереження декількох сутностей в рамках однієї транзакції - nested entity","formKey":"feature-form-add-fourth","suspended":false,"formVariables":{},"signatureValidationPack":[],"data":{"order_type":"DISMISSAL","order_number":"2703","order_date":"2026-04-20","files":[{"id":"1b58e0d3-579e-418b-aab1-17564acee3d5","checksum":"15e377f79ece4daa09e0de17d9e51284681571c64c12bc7f7049b5deff68b707"}],"birthday":"1995-08-06"},"esign":true}
2026-04-20 13:12:29,293 INFO [TG_Test 1-31] o.a.j.p.j.s.J.Create payload: formData={order_type=DISMISSAL, order_number=2703, order_date=2026-04-20, files=[{id=1b58e0d3-579e-418b-aab1-17564acee3d5, checksum=15e377f79ece4daa09e0de17d9e51284681571c64c12bc7f7049b5deff68b707}], birthday=1995-08-06}
2026-04-20 13:12:29,293 INFO [TG_Test 1-31] o.a.j.p.j.s.J.Create payload: Payload={"data":{"order_type":"DISMISSAL","order_number":"2703","order_date":"2026-04-20","files":[{"id":"1b58e0d3-579e-418b-aab1-17564acee3d5","checksum":"15e377f79ece4daa09e0de17d9e51284681571c64c12bc7f7049b5deff68b707"}],"birthday":"1995-08-06"},"signature":"perf-test-officer-31.dat"}
2026-04-20 13:12:29,328 INFO [TG_Test 1-91] o.a.j.m.J.JSR223 PreProcessor: === [XSRF SYNC] Оновлено токен із Cookie Manager: 5256bf35-9e45-42a3-9a37-61ba935d5ac0
2026-04-20 13:12:29,416 INFO [TG_Test 1-88] o.a.j.m.J.JSR223 PreProcessor: === [XSRF SYNC] Оновлено токен із Cookie Manager: 85dd6e91-80d7-4dbe-a5d2-c948ce3393cd
2026-04-20 13:12:29,442 INFO [TG_Test 1-22] o.a.j.e.J.JSR223 - Clear Cookie: === [SESSION CLEAR] HTTP Cookie Manager очищено ===
2026-04-20 13:12:29,442 INFO [TG_Test 1-22] o.a.j.e.J.JSR223 - Clear Cookie: === [SESSION CLEAR] Змінні авторизації видалено. Готові до логіну Провайдера. ===
2026-04-20 13:12:29,442 INFO [TG_Test 1-22] o.a.j.t.JMeterThread: Stop Thread seen for thread TG_Test 1-22, reason: org.apache.jorphan.util.JMeterStopThreadException: End of file:/home/vlad/diia/projects/perf-testing-methodology/test-data/nested-entity-execution-plan.csv detected for CSV DataSet:CSV - Users Data configured with stopThread:true, recycle:false
2026-04-20 13:12:29,442 INFO [TG_Test 1-22] o.a.j.t.JMeterThread: Thread finished: TG_Test 1-22
2026-04-20 13:12:29,549 INFO [TG_Test 1-89] o.a.j.m.J.JSR223 PreProcessor: === [XSRF SYNC] Оновлено токен із Cookie Manager: 16a25e27-1f69-4588-8789-70dd69457447
2026-04-20 13:12:29,588 INFO [TG_Test 1-93] o.a.j.m.J.JSR223 PreProcessor: === [XSRF SYNC] Оновлено токен із Cookie Manager: fef7ddcf-84a8-4f6d-afba-f0eeda516af7
2026-04-20 13:12:29,785 INFO [TG_Test 1-97] o.a.j.m.J.JSR223 PreProcessor: === [XSRF SYNC] Оновлено токен із Cookie Manager: fb5c40ed-bc46-4be9-9ab2-4604acde3698
2026-04-20 13:12:29,800 INFO [TG_Test 1-74] o.a.j.p.j.s.J.Create payload: formData={"id":"701aed20-3ca1-11f1-beaf-0a580a80027a","taskDefinitionKey":"signPersonProfileActivity","name":"Підписати дані про освітній профіль","assignee":"perf-test-officer-74","created":"2026-04-20T10:12:29.341Z","description":null,"processInstanceId":"6dfd3daa-3ca1-11f1-beaf-0a580a80027a","rootProcessInstanceId":"6dfd3daa-3ca1-11f1-beaf-0a580a80027a","processDefinitionId":"b29a4815-3a3c-11f1-9c26-0a580a800265","processDefinitionName":"Процес для перевірки збереження декількох сутностей в рамках однієї транзакції - nested entity","formKey":"feature-form-add-signd","suspended":false,"formVariables":{},"signatureValidationPack":[],"data":{"first_name":"Гелена","last_name":"Тиндарей","second_name":"Василівна","order_date":"2026-04-20","order_number":"8709","order_type":"ENROLLMENT","birthday":"2005-04-22","file":[{"id":"2af95335-6a4c-4ffe-aa2a-7e48d77932d1","checksum":"15e377f79ece4daa09e0de17d9e51284681571c64c12bc7f7049b5deff68b707"}]},"esign":true}
2026-04-20 13:12:29,800 INFO [TG_Test 1-74] o.a.j.p.j.s.J.Create payload: formData={first_name=Гелена, last_name=Тиндарей, second_name=Василівна, order_date=2026-04-20, order_number=8709, order_type=ENROLLMENT, birthday=2005-04-22, file=[{id=2af95335-6a4c-4ffe-aa2a-7e48d77932d1, checksum=15e377f79ece4daa09e0de17d9e51284681571c64c12bc7f7049b5deff68b707}]}
2026-04-20 13:12:29,800 INFO [TG_Test 1-74] o.a.j.p.j.s.J.Create payload: Payload={"data":{"first_name":"\u0413\u0435\u043b\u0435\u043d\u0430","last_name":"\u0422\u0438\u043d\u0434\u0430\u0440\u0435\u0439","second_name":"\u0412\u0430\u0441\u0438\u043b\u0456\u0432\u043d\u0430","order_date":"2026-04-20","order_number":"8709","order_type":"ENROLLMENT","birthday":"2005-04-22","file":[{"id":"2af95335-6a4c-4ffe-aa2a-7e48d77932d1","checksum":"15e377f79ece4daa09e0de17d9e51284681571c64c12bc7f7049b5deff68b707"}]},"signature":"perf-test-officer-74.dat"}
2026-04-20 13:12:29,827 INFO [TG_Test 1-90] o.a.j.e.J.Set XSRF Token: === [COOKIE MANAGER] XSRF-TOKEN додано успішно: 55950798-99e3-4ca3-9f33-52fc887a878d
2026-04-20 13:12:29,859 INFO [TG_Test 1-90] o.a.j.p.j.s.J.Create payload: Payload={"data":{"first_name":"\u0413\u0430\u043d\u043d\u0430","last_name":"\u042f\u0440\u043c\u0430\u043a","second_name":"\u041f\u0435\u0442\u0440\u0456\u0432\u043d\u0430","order_date":"2026-04-20","order_number":"5611","order_type":"TRANSFER","birthday":"1983-03-30","file":[{"id":"179a1d43-e390-4638-af06-caf5c3369147","checksum":"15e377f79ece4daa09e0de17d9e51284681571c64c12bc7f7049b5deff68b707"}]}}
2026-04-20 13:12:29,884 INFO [TG_Test 1-95] o.a.j.m.J.JSR223 PreProcessor: === [XSRF SYNC] Оновлено токен із Cookie Manager: 8bf038c6-d1f8-451c-bed0-8dd90bf5b991
2026-04-20 13:12:29,940 INFO [TG_Test 1-94] o.a.j.m.J.JSR223 PreProcessor: === [XSRF SYNC] Оновлено токен із Cookie Manager: f655ba86-c39e-49d2-abd8-793239a7d0b1
2026-04-20 13:12:30,011 INFO [TG_Test 1-88] o.a.j.r.Summariser: summary +   2241 in 00:00:26 =   87.1/s Avg:   115 Min:     0 Max:  2159 Err:     0 (0.00%) Active: 81 Started: 100 Finished: 19
2026-04-20 13:12:30,011 INFO [TG_Test 1-88] o.a.j.r.Summariser: summary =   2242 in 00:00:27 =   84.3/s Avg:   115 Min:     0 Max:  2159 Err:     0 (0.00%)
2026-04-20 13:12:30,238 INFO [TG_Test 1-48] o.a.j.p.j.s.J.Create payload: formData={"id":"703cf44a-3ca1-11f1-beaf-0a580a80027a","taskDefinitionKey":"Activity_11jqc4d","name":"переглянути дані та внести зміни","assignee":"perf-test-officer-48","created":"2026-04-20T10:12:29.564Z","description":null,"processInstanceId":"6b67ec29-3ca1-11f1-beaf-0a580a80027a","rootProcessInstanceId":"6b67ec29-3ca1-11f1-beaf-0a580a80027a","processDefinitionId":"b29a4815-3a3c-11f1-9c26-0a580a800265","processDefinitionName":"Процес для перевірки збереження декількох сутностей в рамках однієї транзакції - nested entity","formKey":"feature-form-add-thirdform","suspended":false,"formVariables":{},"signatureValidationPack":[],"data":{"order_type":"TRANSFER","order_number":"8483","order_date":"2026-04-20T13:17:10.952Z","files":[{"id":"637c17e6-974c-405b-ba15-f76f7bb114c1","checksum":"15e377f79ece4daa09e0de17d9e51284681571c64c12bc7f7049b5deff68b707"}]},"esign":false}
2026-04-20 13:12:30,238 INFO [TG_Test 1-48] o.a.j.p.j.s.J.Create payload: formData={order_type=TRANSFER, order_number=8483, order_date=2026-04-20T13:17:10.952Z, files=[{id=637c17e6-974c-405b-ba15-f76f7bb114c1, checksum=15e377f79ece4daa09e0de17d9e51284681571c64c12bc7f7049b5deff68b707}]}
2026-04-20 13:12:30,238 INFO [TG_Test 1-48] o.a.j.p.j.s.J.Create payload: Payload={"data":{"order_type":"TRANSFER","order_number":"8483","order_date":"2026-04-20","files":[{"id":"637c17e6-974c-405b-ba15-f76f7bb114c1","checksum":"15e377f79ece4daa09e0de17d9e51284681571c64c12bc7f7049b5deff68b707"}],"birthday":"1993-05-26"}}
2026-04-20 13:12:30,382 INFO [TG_Test 1-91] o.a.j.e.J.Set XSRF Token: === [COOKIE MANAGER] XSRF-TOKEN додано успішно: 1349de1e-1241-4cff-a8d2-df173a38b6e7
2026-04-20 13:12:30,417 INFO [TG_Test 1-91] o.a.j.p.j.s.J.Create payload: Payload={"data":{"first_name":"\u0420\u043e\u0441\u0442\u0438\u0441\u043b\u0430\u0432","last_name":"\u0417\u043b\u0435\u043d\u043a\u043e","second_name":"\u041f\u0435\u0442\u0440\u043e\u0432\u0438\u0447","order_date":"2026-04-20","order_number":"8288","order_type":"DISMISSAL","birthday":"1968-02-08","file":[{"id":"5d7e4ae0-1203-498d-8bb5-ebeed2552499","checksum":"15e377f79ece4daa09e0de17d9e51284681571c64c12bc7f7049b5deff68b707"}]}}
2026-04-20 13:12:30,454 INFO [TG_Test 1-20] o.a.j.e.J.JSR223 - Clear Cookie: === [SESSION CLEAR] HTTP Cookie Manager очищено ===
2026-04-20 13:12:30,454 INFO [TG_Test 1-20] o.a.j.e.J.JSR223 - Clear Cookie: === [SESSION CLEAR] Змінні авторизації видалено. Готові до логіну Провайдера. ===
2026-04-20 13:12:30,454 INFO [TG_Test 1-20] o.a.j.t.JMeterThread: Stop Thread seen for thread TG_Test 1-20, reason: org.apache.jorphan.util.JMeterStopThreadException: End of file:/home/vlad/diia/projects/perf-testing-methodology/test-data/nested-entity-execution-plan.csv detected for CSV DataSet:CSV - Users Data configured with stopThread:true, recycle:false
2026-04-20 13:12:30,454 INFO [TG_Test 1-20] o.a.j.t.JMeterThread: Thread finished: TG_Test 1-20
2026-04-20 13:12:30,465 INFO [TG_Test 1-92] o.a.j.m.J.JSR223 PreProcessor: === [XSRF SYNC] Оновлено токен із Cookie Manager: fb5e5f1a-e04d-4bfc-af68-36b46497bc56
2026-04-20 13:12:30,471 INFO [TG_Test 1-21] o.a.j.e.J.JSR223 - Clear Cookie: === [SESSION CLEAR] HTTP Cookie Manager очищено ===
2026-04-20 13:12:30,471 INFO [TG_Test 1-21] o.a.j.e.J.JSR223 - Clear Cookie: === [SESSION CLEAR] Змінні авторизації видалено. Готові до логіну Провайдера. ===
2026-04-20 13:12:30,472 INFO [TG_Test 1-21] o.a.j.t.JMeterThread: Stop Thread seen for thread TG_Test 1-21, reason: org.apache.jorphan.util.JMeterStopThreadException: End of file:/home/vlad/diia/projects/perf-testing-methodology/test-data/nested-entity-execution-plan.csv detected for CSV DataSet:CSV - Users Data configured with stopThread:true, recycle:false
2026-04-20 13:12:30,472 INFO [TG_Test 1-21] o.a.j.t.JMeterThread: Thread finished: TG_Test 1-21
2026-04-20 13:12:30,477 INFO [TG_Test 1-88] o.a.j.e.J.Set XSRF Token: === [COOKIE MANAGER] XSRF-TOKEN додано успішно: f7582986-7e51-499b-831f-1ec3757653dc
2026-04-20 13:12:30,495 INFO [TG_Test 1-55] o.a.j.p.j.s.J.Create payload: formData={"id":"7065d96c-3ca1-11f1-beaf-0a580a80027a","taskDefinitionKey":"Activity_11jqc4d","name":"переглянути дані та внести зміни","assignee":"perf-test-officer-55","created":"2026-04-20T10:12:29.832Z","description":null,"processInstanceId":"6bc6d5b8-3ca1-11f1-beaf-0a580a80027a","rootProcessInstanceId":"6bc6d5b8-3ca1-11f1-beaf-0a580a80027a","processDefinitionId":"b29a4815-3a3c-11f1-9c26-0a580a800265","processDefinitionName":"Процес для перевірки збереження декількох сутностей в рамках однієї транзакції - nested entity","formKey":"feature-form-add-thirdform","suspended":false,"formVariables":{},"signatureValidationPack":[],"data":{"order_type":"DISMISSAL","order_number":"5533","order_date":"2026-04-20T13:17:10.952Z","files":[{"id":"7b5596ce-189c-4733-b195-e5179136e890","checksum":"15e377f79ece4daa09e0de17d9e51284681571c64c12bc7f7049b5deff68b707"}]},"esign":false}
2026-04-20 13:12:30,496 INFO [TG_Test 1-55] o.a.j.p.j.s.J.Create payload: formData={order_type=DISMISSAL, order_number=5533, order_date=2026-04-20T13:17:10.952Z, files=[{id=7b5596ce-189c-4733-b195-e5179136e890, checksum=15e377f79ece4daa09e0de17d9e51284681571c64c12bc7f7049b5deff68b707}]}
2026-04-20 13:12:30,496 INFO [TG_Test 1-55] o.a.j.p.j.s.J.Create payload: Payload={"data":{"order_type":"DISMISSAL","order_number":"5533","order_date":"2026-04-20","files":[{"id":"7b5596ce-189c-4733-b195-e5179136e890","checksum":"15e377f79ece4daa09e0de17d9e51284681571c64c12bc7f7049b5deff68b707"}],"birthday":"1988-04-29"}}
2026-04-20 13:12:30,525 INFO [TG_Test 1-88] o.a.j.p.j.s.J.Create payload: Payload={"data":{"first_name":"\u041c\u043e\u0442\u0440\u044f","last_name":"\u0413\u0430\u0440\u0443\u043d","second_name":"\u0410\u043d\u0430\u0442\u043e\u043b\u0456\u0457\u0432\u043d\u0430","order_date":"2026-04-20","order_number":"3842","order_type":"ENROLLMENT","birthday":"1983-08-10","file":[{"id":"87851cd8-b75a-4f65-911f-1a7390d6a33c","checksum":"15e377f79ece4daa09e0de17d9e51284681571c64c12bc7f7049b5deff68b707"}]}}
2026-04-20 13:12:30,663 INFO [TG_Test 1-96] o.a.j.m.J.JSR223 PreProcessor: === [XSRF SYNC] Оновлено токен із Cookie Manager: cb12c911-1732-45dd-82fa-ea52facc72c8
2026-04-20 13:12:30,699 INFO [TG_Test 1-98] o.a.j.m.J.JSR223 PreProcessor: === [XSRF SYNC] Оновлено токен із Cookie Manager: df3b6d0d-b67d-4306-ad7d-b822b84ce69f
2026-04-20 13:12:30,756 INFO [TG_Test 1-66] o.a.j.p.j.s.J.Create payload: formData={"id":"706404a0-3ca1-11f1-beaf-0a580a80027a","taskDefinitionKey":"signPersonProfileActivity","name":"Підписати дані про освітній профіль","assignee":"perf-test-officer-66","created":"2026-04-20T10:12:29.820Z","description":null,"processInstanceId":"6d75e52b-3ca1-11f1-beaf-0a580a80027a","rootProcessInstanceId":"6d75e52b-3ca1-11f1-beaf-0a580a80027a","processDefinitionId":"b29a4815-3a3c-11f1-9c26-0a580a800265","processDefinitionName":"Процес для перевірки збереження декількох сутностей в рамках однієї транзакції - nested entity","formKey":"feature-form-add-signd","suspended":false,"formVariables":{},"signatureValidationPack":[],"data":{"first_name":"Ореста","last_name":"Бандера","second_name":"Миколаївна","order_date":"2026-04-20","order_number":"1538","order_type":"DISMISSAL","birthday":"1996-05-05","file":[{"id":"f1b812e8-1402-4374-b0e4-bdf00a40bb14","checksum":"15e377f79ece4daa09e0de17d9e51284681571c64c12bc7f7049b5deff68b707"}]},"esign":true}
2026-04-20 13:12:30,756 INFO [TG_Test 1-66] o.a.j.p.j.s.J.Create payload: formData={first_name=Ореста, last_name=Бандера, second_name=Миколаївна, order_date=2026-04-20, order_number=1538, order_type=DISMISSAL, birthday=1996-05-05, file=[{id=f1b812e8-1402-4374-b0e4-bdf00a40bb14, checksum=15e377f79ece4daa09e0de17d9e51284681571c64c12bc7f7049b5deff68b707}]}
2026-04-20 13:12:30,756 INFO [TG_Test 1-66] o.a.j.p.j.s.J.Create payload: Payload={"data":{"first_name":"\u041e\u0440\u0435\u0441\u0442\u0430","last_name":"\u0411\u0430\u043d\u0434\u0435\u0440\u0430","second_name":"\u041c\u0438\u043a\u043e\u043b\u0430\u0457\u0432\u043d\u0430","order_date":"2026-04-20","order_number":"1538","order_type":"DISMISSAL","birthday":"1996-05-05","file":[{"id":"f1b812e8-1402-4374-b0e4-bdf00a40bb14","checksum":"15e377f79ece4daa09e0de17d9e51284681571c64c12bc7f7049b5deff68b707"}]},"signature":"perf-test-officer-66.dat"}
2026-04-20 13:12:30,860 INFO [TG_Test 1-89] o.a.j.e.J.Set XSRF Token: === [COOKIE MANAGER] XSRF-TOKEN додано успішно: 0dda6e9c-6e5e-47e1-9477-a4b33bef32b0
2026-04-20 13:12:30,897 INFO [TG_Test 1-89] o.a.j.p.j.s.J.Create payload: Payload={"data":{"first_name":"\u0421\u0442\u0435\u043f\u0430\u043d","last_name":"\u041c\u0430\u0437\u0430\u0439\u043b\u043e","second_name":"\u0421\u0435\u0440\u0433\u0456\u0439\u043e\u0432\u0438\u0447","order_date":"2026-04-20","order_number":"6891","order_type":"TRANSFER","birthday":"2007-07-02","file":[{"id":"ce440686-28cf-4321-bc38-a1225e4a5a8d","checksum":"15e377f79ece4daa09e0de17d9e51284681571c64c12bc7f7049b5deff68b707"}]}}
2026-04-20 13:12:30,911 INFO [TG_Test 1-52] o.a.j.p.j.s.J.Create payload: formData={"id":"704c5dbb-3ca1-11f1-beaf-0a580a80027a","taskDefinitionKey":"Activity_11jqc4d","name":"переглянути дані та внести зміни","assignee":"perf-test-officer-52","created":"2026-04-20T10:12:29.665Z","description":null,"processInstanceId":"6b7fe126-3ca1-11f1-beaf-0a580a80027a","rootProcessInstanceId":"6b7fe126-3ca1-11f1-beaf-0a580a80027a","processDefinitionId":"b29a4815-3a3c-11f1-9c26-0a580a800265","processDefinitionName":"Процес для перевірки збереження декількох сутностей в рамках однієї транзакції - nested entity","formKey":"feature-form-add-thirdform","suspended":false,"formVariables":{},"signatureValidationPack":[],"data":{"order_type":"ENROLLMENT","order_number":"2362","order_date":"2026-04-20T13:17:10.952Z","files":[{"id":"a7722337-4955-4350-b0c1-6f4981dad6c0","checksum":"15e377f79ece4daa09e0de17d9e51284681571c64c12bc7f7049b5deff68b707"}]},"esign":false}
2026-04-20 13:12:30,911 INFO [TG_Test 1-52] o.a.j.p.j.s.J.Create payload: formData={order_type=ENROLLMENT, order_number=2362, order_date=2026-04-20T13:17:10.952Z, files=[{id=a7722337-4955-4350-b0c1-6f4981dad6c0, checksum=15e377f79ece4daa09e0de17d9e51284681571c64c12bc7f7049b5deff68b707}]}
2026-04-20 13:12:30,911 INFO [TG_Test 1-52] o.a.j.p.j.s.J.Create payload: Payload={"data":{"order_type":"ENROLLMENT","order_number":"2362","order_date":"2026-04-20","files":[{"id":"a7722337-4955-4350-b0c1-6f4981dad6c0","checksum":"15e377f79ece4daa09e0de17d9e51284681571c64c12bc7f7049b5deff68b707"}],"birthday":"1983-08-29"}}
2026-04-20 13:12:30,936 INFO [TG_Test 1-19] o.a.j.e.J.JSR223 - Clear Cookie: === [SESSION CLEAR] HTTP Cookie Manager очищено ===
2026-04-20 13:12:30,936 INFO [TG_Test 1-19] o.a.j.e.J.JSR223 - Clear Cookie: === [SESSION CLEAR] Змінні авторизації видалено. Готові до логіну Провайдера. ===
2026-04-20 13:12:30,936 INFO [TG_Test 1-19] o.a.j.t.JMeterThread: Stop Thread seen for thread TG_Test 1-19, reason: org.apache.jorphan.util.JMeterStopThreadException: End of file:/home/vlad/diia/projects/perf-testing-methodology/test-data/nested-entity-execution-plan.csv detected for CSV DataSet:CSV - Users Data configured with stopThread:true, recycle:false
2026-04-20 13:12:30,936 INFO [TG_Test 1-19] o.a.j.t.JMeterThread: Thread finished: TG_Test 1-19
2026-04-20 13:12:30,938 INFO [TG_Test 1-56] o.a.j.p.j.s.J.Create payload: formData={"id":"70977025-3ca1-11f1-beaf-0a580a80027a","taskDefinitionKey":"Activity_11jqc4d","name":"переглянути дані та внести зміни","assignee":"perf-test-officer-56","created":"2026-04-20T10:12:30.157Z","description":null,"processInstanceId":"6c04c877-3ca1-11f1-beaf-0a580a80027a","rootProcessInstanceId":"6c04c877-3ca1-11f1-beaf-0a580a80027a","processDefinitionId":"b29a4815-3a3c-11f1-9c26-0a580a800265","processDefinitionName":"Процес для перевірки збереження декількох сутностей в рамках однієї транзакції - nested entity","formKey":"feature-form-add-thirdform","suspended":false,"formVariables":{},"signatureValidationPack":[],"data":{"order_type":"ENROLLMENT","order_number":"2877","order_date":"2026-04-20T13:17:10.952Z","files":[{"id":"8f3b05e4-3468-48ee-b547-840162981deb","checksum":"15e377f79ece4daa09e0de17d9e51284681571c64c12bc7f7049b5deff68b707"}]},"esign":false}
2026-04-20 13:12:30,938 INFO [TG_Test 1-56] o.a.j.p.j.s.J.Create payload: formData={order_type=ENROLLMENT, order_number=2877, order_date=2026-04-20T13:17:10.952Z, files=[{id=8f3b05e4-3468-48ee-b547-840162981deb, checksum=15e377f79ece4daa09e0de17d9e51284681571c64c12bc7f7049b5deff68b707}]}
2026-04-20 13:12:30,938 INFO [TG_Test 1-56] o.a.j.p.j.s.J.Create payload: Payload={"data":{"order_type":"ENROLLMENT","order_number":"2877","order_date":"2026-04-20","files":[{"id":"8f3b05e4-3468-48ee-b547-840162981deb","checksum":"15e377f79ece4daa09e0de17d9e51284681571c64c12bc7f7049b5deff68b707"}],"birthday":"2005-03-26"}}
2026-04-20 13:12:30,999 INFO [TG_Test 1-49] o.a.j.p.j.s.J.Create payload: formData={"id":"70751bc2-3ca1-11f1-beaf-0a580a80027a","taskDefinitionKey":"Activity_11jqc4d","name":"переглянути дані та внести зміни","assignee":"perf-test-officer-49","created":"2026-04-20T10:12:29.932Z","description":null,"processInstanceId":"6bb1edfd-3ca1-11f1-beaf-0a580a80027a","rootProcessInstanceId":"6bb1edfd-3ca1-11f1-beaf-0a580a80027a","processDefinitionId":"b29a4815-3a3c-11f1-9c26-0a580a800265","processDefinitionName":"Процес для перевірки збереження декількох сутностей в рамках однієї транзакції - nested entity","formKey":"feature-form-add-thirdform","suspended":false,"formVariables":{},"signatureValidationPack":[],"data":{"order_type":"TRANSFER","order_number":"9628","order_date":"2026-04-20T13:17:10.952Z","files":[{"id":"eb29cfec-6b95-4506-8b63-918208a9cf4c","checksum":"15e377f79ece4daa09e0de17d9e51284681571c64c12bc7f7049b5deff68b707"}]},"esign":false}
2026-04-20 13:12:31,000 INFO [TG_Test 1-49] o.a.j.p.j.s.J.Create payload: formData={order_type=TRANSFER, order_number=9628, order_date=2026-04-20T13:17:10.952Z, files=[{id=eb29cfec-6b95-4506-8b63-918208a9cf4c, checksum=15e377f79ece4daa09e0de17d9e51284681571c64c12bc7f7049b5deff68b707}]}
2026-04-20 13:12:31,000 INFO [TG_Test 1-49] o.a.j.p.j.s.J.Create payload: Payload={"data":{"order_type":"TRANSFER","order_number":"9628","order_date":"2026-04-20","files":[{"id":"eb29cfec-6b95-4506-8b63-918208a9cf4c","checksum":"15e377f79ece4daa09e0de17d9e51284681571c64c12bc7f7049b5deff68b707"}],"birthday":"1990-06-29"}}
2026-04-20 13:12:31,135 INFO [TG_Test 1-93] o.a.j.e.J.Set XSRF Token: === [COOKIE MANAGER] XSRF-TOKEN додано успішно: ed9334ac-b617-4b3d-84ae-beedc441038f
2026-04-20 13:12:31,153 INFO [TG_Test 1-25] o.a.j.e.J.JSR223 - Clear Cookie: === [SESSION CLEAR] HTTP Cookie Manager очищено ===
2026-04-20 13:12:31,153 INFO [TG_Test 1-25] o.a.j.e.J.JSR223 - Clear Cookie: === [SESSION CLEAR] Змінні авторизації видалено. Готові до логіну Провайдера. ===
2026-04-20 13:12:31,153 INFO [TG_Test 1-25] o.a.j.t.JMeterThread: Stop Thread seen for thread TG_Test 1-25, reason: org.apache.jorphan.util.JMeterStopThreadException: End of file:/home/vlad/diia/projects/perf-testing-methodology/test-data/nested-entity-execution-plan.csv detected for CSV DataSet:CSV - Users Data configured with stopThread:true, recycle:false
2026-04-20 13:12:31,153 INFO [TG_Test 1-25] o.a.j.t.JMeterThread: Thread finished: TG_Test 1-25
2026-04-20 13:12:31,179 INFO [TG_Test 1-93] o.a.j.p.j.s.J.Create payload: Payload={"data":{"first_name":"\u041c\u0430\u0440\u0456\u0447\u043a\u0430","last_name":"\u0421\u0442\u0430\u0445\u0456\u0432","second_name":"\u0412\u0430\u0441\u0438\u043b\u0456\u0432\u043d\u0430","order_date":"2026-04-20","order_number":"2520","order_type":"TRANSFER","birthday":"1988-11-14","file":[{"id":"e73c3df4-399b-41d7-9406-3804898f4cb9","checksum":"15e377f79ece4daa09e0de17d9e51284681571c64c12bc7f7049b5deff68b707"}]}}
2026-04-20 13:12:31,290 INFO [TG_Test 1-67] o.a.j.p.j.s.J.Create payload: formData={"id":"7074f4a6-3ca1-11f1-beaf-0a580a80027a","taskDefinitionKey":"signPersonProfileActivity","name":"Підписати дані про освітній профіль","assignee":"perf-test-officer-67","created":"2026-04-20T10:12:29.931Z","description":null,"processInstanceId":"6debd853-3ca1-11f1-beaf-0a580a80027a","rootProcessInstanceId":"6debd853-3ca1-11f1-beaf-0a580a80027a","processDefinitionId":"b29a4815-3a3c-11f1-9c26-0a580a800265","processDefinitionName":"Процес для перевірки збереження декількох сутностей в рамках однієї транзакції - nested entity","formKey":"feature-form-add-signd","suspended":false,"formVariables":{},"signatureValidationPack":[],"data":{"first_name":"Родіон","last_name":"Бурмило","second_name":"Іванович","order_date":"2026-04-20","order_number":"6258","order_type":"ENROLLMENT","birthday":"1979-01-25","file":[{"id":"c306cc4c-a17b-40cd-92c2-73df0fe45f5c","checksum":"15e377f79ece4daa09e0de17d9e51284681571c64c12bc7f7049b5deff68b707"}]},"esign":true}
2026-04-20 13:12:31,290 INFO [TG_Test 1-67] o.a.j.p.j.s.J.Create payload: formData={first_name=Родіон, last_name=Бурмило, second_name=Іванович, order_date=2026-04-20, order_number=6258, order_type=ENROLLMENT, birthday=1979-01-25, file=[{id=c306cc4c-a17b-40cd-92c2-73df0fe45f5c, checksum=15e377f79ece4daa09e0de17d9e51284681571c64c12bc7f7049b5deff68b707}]}
2026-04-20 13:12:31,290 INFO [TG_Test 1-67] o.a.j.p.j.s.J.Create payload: Payload={"data":{"first_name":"\u0420\u043e\u0434\u0456\u043e\u043d","last_name":"\u0411\u0443\u0440\u043c\u0438\u043b\u043e","second_name":"\u0406\u0432\u0430\u043d\u043e\u0432\u0438\u0447","order_date":"2026-04-20","order_number":"6258","order_type":"ENROLLMENT","birthday":"1979-01-25","file":[{"id":"c306cc4c-a17b-40cd-92c2-73df0fe45f5c","checksum":"15e377f79ece4daa09e0de17d9e51284681571c64c12bc7f7049b5deff68b707"}]},"signature":"perf-test-officer-67.dat"}
2026-04-20 13:12:31,399 INFO [TG_Test 1-26] o.a.j.e.J.JSR223 - Clear Cookie: === [SESSION CLEAR] HTTP Cookie Manager очищено ===
2026-04-20 13:12:31,399 INFO [TG_Test 1-26] o.a.j.e.J.JSR223 - Clear Cookie: === [SESSION CLEAR] Змінні авторизації видалено. Готові до логіну Провайдера. ===
2026-04-20 13:12:31,399 INFO [TG_Test 1-26] o.a.j.t.JMeterThread: Stop Thread seen for thread TG_Test 1-26, reason: org.apache.jorphan.util.JMeterStopThreadException: End of file:/home/vlad/diia/projects/perf-testing-methodology/test-data/nested-entity-execution-plan.csv detected for CSV DataSet:CSV - Users Data configured with stopThread:true, recycle:false
2026-04-20 13:12:31,399 INFO [TG_Test 1-26] o.a.j.t.JMeterThread: Thread finished: TG_Test 1-26
2026-04-20 13:12:31,426 INFO [TG_Test 1-99] o.a.j.m.J.JSR223 PreProcessor: === [XSRF SYNC] Оновлено токен із Cookie Manager: 7ef75f77-1c68-4d19-8197-2ccb4a57ce04
2026-04-20 13:12:31,487 INFO [TG_Test 1-54] o.a.j.p.j.s.J.Create payload: formData={"id":"70b160ed-3ca1-11f1-beaf-0a580a80027a","taskDefinitionKey":"Activity_11jqc4d","name":"переглянути дані та внести зміни","assignee":"perf-test-officer-54","created":"2026-04-20T10:12:30.327Z","description":null,"processInstanceId":"6bc88376-3ca1-11f1-beaf-0a580a80027a","rootProcessInstanceId":"6bc88376-3ca1-11f1-beaf-0a580a80027a","processDefinitionId":"b29a4815-3a3c-11f1-9c26-0a580a800265","processDefinitionName":"Процес для перевірки збереження декількох сутностей в рамках однієї транзакції - nested entity","formKey":"feature-form-add-thirdform","suspended":false,"formVariables":{},"signatureValidationPack":[],"data":{"order_type":"DISMISSAL","order_number":"7712","order_date":"2026-04-20T13:17:10.952Z","files":[{"id":"b9acf6f7-0c37-4784-82db-22cb15cd65ff","checksum":"15e377f79ece4daa09e0de17d9e51284681571c64c12bc7f7049b5deff68b707"}]},"esign":false}
2026-04-20 13:12:31,487 INFO [TG_Test 1-54] o.a.j.p.j.s.J.Create payload: formData={order_type=DISMISSAL, order_number=7712, order_date=2026-04-20T13:17:10.952Z, files=[{id=b9acf6f7-0c37-4784-82db-22cb15cd65ff, checksum=15e377f79ece4daa09e0de17d9e51284681571c64c12bc7f7049b5deff68b707}]}
2026-04-20 13:12:31,487 INFO [TG_Test 1-54] o.a.j.p.j.s.J.Create payload: Payload={"data":{"order_type":"DISMISSAL","order_number":"7712","order_date":"2026-04-20","files":[{"id":"b9acf6f7-0c37-4784-82db-22cb15cd65ff","checksum":"15e377f79ece4daa09e0de17d9e51284681571c64c12bc7f7049b5deff68b707"}],"birthday":"2006-09-07"}}
2026-04-20 13:12:31,634 INFO [TG_Test 1-97] o.a.j.e.J.Set XSRF Token: === [COOKIE MANAGER] XSRF-TOKEN додано успішно: e3824fbc-48b4-4eb4-9d15-ade3df72d143
2026-04-20 13:12:31,642 INFO [TG_Test 1-47] o.a.j.p.j.s.J.Create payload: formData={"id":"70ca402f-3ca1-11f1-beaf-0a580a80027a","taskDefinitionKey":"signDataActivity","name":"Підписати дані про освітній профіль","assignee":"perf-test-officer-47","created":"2026-04-20T10:12:30.490Z","description":null,"processInstanceId":"6abb586c-3ca1-11f1-beaf-0a580a80027a","rootProcessInstanceId":"6abb586c-3ca1-11f1-beaf-0a580a80027a","processDefinitionId":"b29a4815-3a3c-11f1-9c26-0a580a800265","processDefinitionName":"Процес для перевірки збереження декількох сутностей в рамках однієї транзакції - nested entity","formKey":"feature-form-add-fourth","suspended":false,"formVariables":{},"signatureValidationPack":[],"data":{"order_type":"DISMISSAL","order_number":"3676","order_date":"2026-04-20","files":[{"id":"29d6eb75-eb2c-4a46-982e-aae63f4a0a49","checksum":"15e377f79ece4daa09e0de17d9e51284681571c64c12bc7f7049b5deff68b707"}],"birthday":"1986-07-24"},"esign":true}
2026-04-20 13:12:31,642 INFO [TG_Test 1-47] o.a.j.p.j.s.J.Create payload: formData={order_type=DISMISSAL, order_number=3676, order_date=2026-04-20, files=[{id=29d6eb75-eb2c-4a46-982e-aae63f4a0a49, checksum=15e377f79ece4daa09e0de17d9e51284681571c64c12bc7f7049b5deff68b707}], birthday=1986-07-24}
2026-04-20 13:12:31,642 INFO [TG_Test 1-47] o.a.j.p.j.s.J.Create payload: Payload={"data":{"order_type":"DISMISSAL","order_number":"3676","order_date":"2026-04-20","files":[{"id":"29d6eb75-eb2c-4a46-982e-aae63f4a0a49","checksum":"15e377f79ece4daa09e0de17d9e51284681571c64c12bc7f7049b5deff68b707"}],"birthday":"1986-07-24"},"signature":"perf-test-officer-47.dat"}
2026-04-20 13:12:31,648 INFO [TG_Test 1-23] o.a.j.e.J.JSR223 - Clear Cookie: === [SESSION CLEAR] HTTP Cookie Manager очищено ===
2026-04-20 13:12:31,648 INFO [TG_Test 1-23] o.a.j.e.J.JSR223 - Clear Cookie: === [SESSION CLEAR] Змінні авторизації видалено. Готові до логіну Провайдера. ===
2026-04-20 13:12:31,649 INFO [TG_Test 1-23] o.a.j.t.JMeterThread: Stop Thread seen for thread TG_Test 1-23, reason: org.apache.jorphan.util.JMeterStopThreadException: End of file:/home/vlad/diia/projects/perf-testing-methodology/test-data/nested-entity-execution-plan.csv detected for CSV DataSet:CSV - Users Data configured with stopThread:true, recycle:false
2026-04-20 13:12:31,649 INFO [TG_Test 1-23] o.a.j.t.JMeterThread: Thread finished: TG_Test 1-23
2026-04-20 13:12:31,649 INFO [TG_Test 1-51] o.a.j.p.j.s.J.Create payload: formData={"id":"7086f53d-3ca1-11f1-beaf-0a580a80027a","taskDefinitionKey":"Activity_11jqc4d","name":"переглянути дані та внести зміни","assignee":"perf-test-officer-51","created":"2026-04-20T10:12:30.049Z","description":null,"processInstanceId":"6ba3e411-3ca1-11f1-beaf-0a580a80027a","rootProcessInstanceId":"6ba3e411-3ca1-11f1-beaf-0a580a80027a","processDefinitionId":"b29a4815-3a3c-11f1-9c26-0a580a800265","processDefinitionName":"Процес для перевірки збереження декількох сутностей в рамках однієї транзакції - nested entity","formKey":"feature-form-add-thirdform","suspended":false,"formVariables":{},"signatureValidationPack":[],"data":{"order_type":"ENROLLMENT","order_number":"5861","order_date":"2026-04-20T13:17:10.952Z","files":[{"id":"08b61ba1-3135-473b-9d92-09b4ebcb02a8","checksum":"15e377f79ece4daa09e0de17d9e51284681571c64c12bc7f7049b5deff68b707"}]},"esign":false}
2026-04-20 13:12:31,649 INFO [TG_Test 1-51] o.a.j.p.j.s.J.Create payload: formData={order_type=ENROLLMENT, order_number=5861, order_date=2026-04-20T13:17:10.952Z, files=[{id=08b61ba1-3135-473b-9d92-09b4ebcb02a8, checksum=15e377f79ece4daa09e0de17d9e51284681571c64c12bc7f7049b5deff68b707}]}
2026-04-20 13:12:31,649 INFO [TG_Test 1-51] o.a.j.p.j.s.J.Create payload: Payload={"data":{"order_type":"ENROLLMENT","order_number":"5861","order_date":"2026-04-20","files":[{"id":"08b61ba1-3135-473b-9d92-09b4ebcb02a8","checksum":"15e377f79ece4daa09e0de17d9e51284681571c64c12bc7f7049b5deff68b707"}],"birthday":"1978-02-15"}}
2026-04-20 13:12:31,665 INFO [TG_Test 1-97] o.a.j.p.j.s.J.Create payload: Payload={"data":{"first_name":"\u041c\u0438\u0440\u043e\u0441\u043b\u0430\u0432","last_name":"\u0413\u0430\u043b\u0430\u0454\u043d\u043a\u043e","second_name":"\u0421\u0435\u0440\u0433\u0456\u0439\u043e\u0432\u0438\u0447","order_date":"2026-04-20","order_number":"6200","order_type":"DISMISSAL","birthday":"1991-10-09","file":[{"id":"5f571474-4d7a-473c-be3a-ed3aedb44885","checksum":"15e377f79ece4daa09e0de17d9e51284681571c64c12bc7f7049b5deff68b707"}]}}
2026-04-20 13:12:31,723 INFO [TG_Test 1-53] o.a.j.p.j.s.J.Create payload: formData={"id":"70dd7a46-3ca1-11f1-beaf-0a580a80027a","taskDefinitionKey":"Activity_11jqc4d","name":"переглянути дані та внести зміни","assignee":"perf-test-officer-53","created":"2026-04-20T10:12:30.616Z","description":null,"processInstanceId":"6ba4805e-3ca1-11f1-beaf-0a580a80027a","rootProcessInstanceId":"6ba4805e-3ca1-11f1-beaf-0a580a80027a","processDefinitionId":"b29a4815-3a3c-11f1-9c26-0a580a800265","processDefinitionName":"Процес для перевірки збереження декількох сутностей в рамках однієї транзакції - nested entity","formKey":"feature-form-add-thirdform","suspended":false,"formVariables":{},"signatureValidationPack":[],"data":{"order_type":"DISMISSAL","order_number":"8097","order_date":"2026-04-20T13:17:10.952Z","files":[{"id":"41d16530-482e-4e4c-8c26-4161714019e8","checksum":"15e377f79ece4daa09e0de17d9e51284681571c64c12bc7f7049b5deff68b707"}]},"esign":false}
2026-04-20 13:12:31,724 INFO [TG_Test 1-53] o.a.j.p.j.s.J.Create payload: formData={order_type=DISMISSAL, order_number=8097, order_date=2026-04-20T13:17:10.952Z, files=[{id=41d16530-482e-4e4c-8c26-4161714019e8, checksum=15e377f79ece4daa09e0de17d9e51284681571c64c12bc7f7049b5deff68b707}]}
2026-04-20 13:12:31,724 INFO [TG_Test 1-53] o.a.j.p.j.s.J.Create payload: Payload={"data":{"order_type":"DISMISSAL","order_number":"8097","order_date":"2026-04-20","files":[{"id":"41d16530-482e-4e4c-8c26-4161714019e8","checksum":"15e377f79ece4daa09e0de17d9e51284681571c64c12bc7f7049b5deff68b707"}],"birthday":"1974-05-19"}}
2026-04-20 13:12:31,835 INFO [TG_Test 1-73] o.a.j.p.j.s.J.Create payload: formData={"id":"71172744-3ca1-11f1-beaf-0a580a80027a","taskDefinitionKey":"signPersonProfileActivity","name":"Підписати дані про освітній профіль","assignee":"perf-test-officer-73","created":"2026-04-20T10:12:30.994Z","description":null,"processInstanceId":"6e556f8a-3ca1-11f1-beaf-0a580a80027a","rootProcessInstanceId":"6e556f8a-3ca1-11f1-beaf-0a580a80027a","processDefinitionId":"b29a4815-3a3c-11f1-9c26-0a580a800265","processDefinitionName":"Процес для перевірки збереження декількох сутностей в рамках однієї транзакції - nested entity","formKey":"feature-form-add-signd","suspended":false,"formVariables":{},"signatureValidationPack":[],"data":{"first_name":"Хорив","last_name":"Коман","second_name":"Анатолійович","order_date":"2026-04-20","order_number":"4265","order_type":"DISMISSAL","birthday":"1977-01-20","file":[{"id":"33307c11-7b16-4ee9-abd1-aba8c3ef7a95","checksum":"15e377f79ece4daa09e0de17d9e51284681571c64c12bc7f7049b5deff68b707"}]},"esign":true}
2026-04-20 13:12:31,835 INFO [TG_Test 1-73] o.a.j.p.j.s.J.Create payload: formData={first_name=Хорив, last_name=Коман, second_name=Анатолійович, order_date=2026-04-20, order_number=4265, order_type=DISMISSAL, birthday=1977-01-20, file=[{id=33307c11-7b16-4ee9-abd1-aba8c3ef7a95, checksum=15e377f79ece4daa09e0de17d9e51284681571c64c12bc7f7049b5deff68b707}]}
2026-04-20 13:12:31,835 INFO [TG_Test 1-73] o.a.j.p.j.s.J.Create payload: Payload={"data":{"first_name":"\u0425\u043e\u0440\u0438\u0432","last_name":"\u041a\u043e\u043c\u0430\u043d","second_name":"\u0410\u043d\u0430\u0442\u043e\u043b\u0456\u0439\u043e\u0432\u0438\u0447","order_date":"2026-04-20","order_number":"4265","order_type":"DISMISSAL","birthday":"1977-01-20","file":[{"id":"33307c11-7b16-4ee9-abd1-aba8c3ef7a95","checksum":"15e377f79ece4daa09e0de17d9e51284681571c64c12bc7f7049b5deff68b707"}]},"signature":"perf-test-officer-73.dat"}
2026-04-20 13:12:31,885 INFO [TG_Test 1-94] o.a.j.e.J.Set XSRF Token: === [COOKIE MANAGER] XSRF-TOKEN додано успішно: 54819ceb-6ef9-41f4-8487-1379f9fb3fbf
2026-04-20 13:12:31,925 INFO [TG_Test 1-40] o.a.j.p.j.s.J.Create payload: formData={"id":"70cde9c1-3ca1-11f1-beaf-0a580a80027a","taskDefinitionKey":"signDataActivity","name":"Підписати дані про освітній профіль","assignee":"perf-test-officer-40","created":"2026-04-20T10:12:30.514Z","description":null,"processInstanceId":"6a26e0cb-3ca1-11f1-beaf-0a580a80027a","rootProcessInstanceId":"6a26e0cb-3ca1-11f1-beaf-0a580a80027a","processDefinitionId":"b29a4815-3a3c-11f1-9c26-0a580a800265","processDefinitionName":"Процес для перевірки збереження декількох сутностей в рамках однієї транзакції - nested entity","formKey":"feature-form-add-fourth","suspended":false,"formVariables":{},"signatureValidationPack":[],"data":{"order_type":"TRANSFER","order_number":"8658","order_date":"2026-04-20","files":[{"id":"b43f4801-9fdf-45de-be36-d089aa06395c","checksum":"15e377f79ece4daa09e0de17d9e51284681571c64c12bc7f7049b5deff68b707"}],"birthday":"1970-01-29"},"esign":true}
2026-04-20 13:12:31,925 INFO [TG_Test 1-40] o.a.j.p.j.s.J.Create payload: formData={order_type=TRANSFER, order_number=8658, order_date=2026-04-20, files=[{id=b43f4801-9fdf-45de-be36-d089aa06395c, checksum=15e377f79ece4daa09e0de17d9e51284681571c64c12bc7f7049b5deff68b707}], birthday=1970-01-29}
2026-04-20 13:12:31,925 INFO [TG_Test 1-40] o.a.j.p.j.s.J.Create payload: Payload={"data":{"order_type":"TRANSFER","order_number":"8658","order_date":"2026-04-20","files":[{"id":"b43f4801-9fdf-45de-be36-d089aa06395c","checksum":"15e377f79ece4daa09e0de17d9e51284681571c64c12bc7f7049b5deff68b707"}],"birthday":"1970-01-29"},"signature":"perf-test-officer-40.dat"}
2026-04-20 13:12:31,925 INFO [TG_Test 1-94] o.a.j.p.j.s.J.Create payload: Payload={"data":{"first_name":"\u0421\u043c\u0456\u044f\u043d\u0430","last_name":"\u0414\u0437\u044e\u0431\u0430","second_name":"\u041f\u0435\u0442\u0440\u0456\u0432\u043d\u0430","order_date":"2026-04-20","order_number":"4846","order_type":"TRANSFER","birthday":"1966-10-28","file":[{"id":"670f5acf-5f86-408b-a6c9-4a7c4ef0b774","checksum":"15e377f79ece4daa09e0de17d9e51284681571c64c12bc7f7049b5deff68b707"}]}}
2026-04-20 13:12:31,944 INFO [TG_Test 1-71] o.a.j.p.j.s.J.Create payload: formData={"id":"70dae22a-3ca1-11f1-beaf-0a580a80027a","taskDefinitionKey":"signPersonProfileActivity","name":"Підписати дані про освітній профіль","assignee":"perf-test-officer-71","created":"2026-04-20T10:12:30.599Z","description":null,"processInstanceId":"6df28f2a-3ca1-11f1-beaf-0a580a80027a","rootProcessInstanceId":"6df28f2a-3ca1-11f1-beaf-0a580a80027a","processDefinitionId":"b29a4815-3a3c-11f1-9c26-0a580a800265","processDefinitionName":"Процес для перевірки збереження декількох сутностей в рамках однієї транзакції - nested entity","formKey":"feature-form-add-signd","suspended":false,"formVariables":{},"signatureValidationPack":[],"data":{"first_name":"Агнія","last_name":"Опенько","second_name":"Іванівна","order_date":"2026-04-20","order_number":"7593","order_type":"DISMISSAL","birthday":"1986-04-02","file":[{"id":"8f33d817-f616-42d0-9d34-a767bc8ae4b7","checksum":"15e377f79ece4daa09e0de17d9e51284681571c64c12bc7f7049b5deff68b707"}]},"esign":true}
2026-04-20 13:12:31,944 INFO [TG_Test 1-71] o.a.j.p.j.s.J.Create payload: formData={first_name=Агнія, last_name=Опенько, second_name=Іванівна, order_date=2026-04-20, order_number=7593, order_type=DISMISSAL, birthday=1986-04-02, file=[{id=8f33d817-f616-42d0-9d34-a767bc8ae4b7, checksum=15e377f79ece4daa09e0de17d9e51284681571c64c12bc7f7049b5deff68b707}]}
2026-04-20 13:12:31,944 INFO [TG_Test 1-71] o.a.j.p.j.s.J.Create payload: Payload={"data":{"first_name":"\u0410\u0433\u043d\u0456\u044f","last_name":"\u041e\u043f\u0435\u043d\u044c\u043a\u043e","second_name":"\u0406\u0432\u0430\u043d\u0456\u0432\u043d\u0430","order_date":"2026-04-20","order_number":"7593","order_type":"DISMISSAL","birthday":"1986-04-02","file":[{"id":"8f33d817-f616-42d0-9d34-a767bc8ae4b7","checksum":"15e377f79ece4daa09e0de17d9e51284681571c64c12bc7f7049b5deff68b707"}]},"signature":"perf-test-officer-71.dat"}
2026-04-20 13:12:31,950 INFO [TG_Test 1-27] o.a.j.e.J.JSR223 - Clear Cookie: === [SESSION CLEAR] HTTP Cookie Manager очищено ===
2026-04-20 13:12:31,950 INFO [TG_Test 1-27] o.a.j.e.J.JSR223 - Clear Cookie: === [SESSION CLEAR] Змінні авторизації видалено. Готові до логіну Провайдера. ===
2026-04-20 13:12:31,951 INFO [TG_Test 1-27] o.a.j.t.JMeterThread: Stop Thread seen for thread TG_Test 1-27, reason: org.apache.jorphan.util.JMeterStopThreadException: End of file:/home/vlad/diia/projects/perf-testing-methodology/test-data/nested-entity-execution-plan.csv detected for CSV DataSet:CSV - Users Data configured with stopThread:true, recycle:false
2026-04-20 13:12:31,951 INFO [TG_Test 1-27] o.a.j.t.JMeterThread: Thread finished: TG_Test 1-27
2026-04-20 13:12:31,964 INFO [TG_Test 1-41] o.a.j.p.j.s.J.Create payload: formData={"id":"70e84fc0-3ca1-11f1-beaf-0a580a80027a","taskDefinitionKey":"signDataActivity","name":"Підписати дані про освітній профіль","assignee":"perf-test-officer-41","created":"2026-04-20T10:12:30.687Z","description":null,"processInstanceId":"6a0aa606-3ca1-11f1-beaf-0a580a80027a","rootProcessInstanceId":"6a0aa606-3ca1-11f1-beaf-0a580a80027a","processDefinitionId":"b29a4815-3a3c-11f1-9c26-0a580a800265","processDefinitionName":"Процес для перевірки збереження декількох сутностей в рамках однієї транзакції - nested entity","formKey":"feature-form-add-fourth","suspended":false,"formVariables":{},"signatureValidationPack":[],"data":{"order_type":"DISMISSAL","order_number":"3850","order_date":"2026-04-20","files":[{"id":"d8a75859-0f2f-4752-9594-fd0c966cb351","checksum":"15e377f79ece4daa09e0de17d9e51284681571c64c12bc7f7049b5deff68b707"}],"birthday":"2008-03-24"},"esign":true}
2026-04-20 13:12:31,964 INFO [TG_Test 1-41] o.a.j.p.j.s.J.Create payload: formData={order_type=DISMISSAL, order_number=3850, order_date=2026-04-20, files=[{id=d8a75859-0f2f-4752-9594-fd0c966cb351, checksum=15e377f79ece4daa09e0de17d9e51284681571c64c12bc7f7049b5deff68b707}], birthday=2008-03-24}
2026-04-20 13:12:31,964 INFO [TG_Test 1-41] o.a.j.p.j.s.J.Create payload: Payload={"data":{"order_type":"DISMISSAL","order_number":"3850","order_date":"2026-04-20","files":[{"id":"d8a75859-0f2f-4752-9594-fd0c966cb351","checksum":"15e377f79ece4daa09e0de17d9e51284681571c64c12bc7f7049b5deff68b707"}],"birthday":"2008-03-24"},"signature":"perf-test-officer-41.dat"}
2026-04-20 13:12:31,969 INFO [TG_Test 1-58] o.a.j.p.j.s.J.Create payload: formData={"id":"70f7b923-3ca1-11f1-beaf-0a580a80027a","taskDefinitionKey":"Activity_11jqc4d","name":"переглянути дані та внести зміни","assignee":"perf-test-officer-58","created":"2026-04-20T10:12:30.788Z","description":null,"processInstanceId":"6c5be9b7-3ca1-11f1-beaf-0a580a80027a","rootProcessInstanceId":"6c5be9b7-3ca1-11f1-beaf-0a580a80027a","processDefinitionId":"b29a4815-3a3c-11f1-9c26-0a580a800265","processDefinitionName":"Процес для перевірки збереження декількох сутностей в рамках однієї транзакції - nested entity","formKey":"feature-form-add-thirdform","suspended":false,"formVariables":{},"signatureValidationPack":[],"data":{"order_type":"ENROLLMENT","order_number":"4854","order_date":"2026-04-20T13:17:10.952Z","files":[{"id":"5285bd01-4c7d-4ac2-8c0d-9a60227b5318","checksum":"15e377f79ece4daa09e0de17d9e51284681571c64c12bc7f7049b5deff68b707"}]},"esign":false}
2026-04-20 13:12:31,970 INFO [TG_Test 1-58] o.a.j.p.j.s.J.Create payload: formData={order_type=ENROLLMENT, order_number=4854, order_date=2026-04-20T13:17:10.952Z, files=[{id=5285bd01-4c7d-4ac2-8c0d-9a60227b5318, checksum=15e377f79ece4daa09e0de17d9e51284681571c64c12bc7f7049b5deff68b707}]}
2026-04-20 13:12:31,970 INFO [TG_Test 1-58] o.a.j.p.j.s.J.Create payload: Payload={"data":{"order_type":"ENROLLMENT","order_number":"4854","order_date":"2026-04-20","files":[{"id":"5285bd01-4c7d-4ac2-8c0d-9a60227b5318","checksum":"15e377f79ece4daa09e0de17d9e51284681571c64c12bc7f7049b5deff68b707"}],"birthday":"1986-07-14"}}
2026-04-20 13:12:32,047 INFO [TG_Test 1-39] o.a.j.e.J.JSR223 - Clear Cookie: === [SESSION CLEAR] HTTP Cookie Manager очищено ===
2026-04-20 13:12:32,047 INFO [TG_Test 1-39] o.a.j.e.J.JSR223 - Clear Cookie: === [SESSION CLEAR] Змінні авторизації видалено. Готові до логіну Провайдера. ===
2026-04-20 13:12:32,047 INFO [TG_Test 1-39] o.a.j.t.JMeterThread: Stop Thread seen for thread TG_Test 1-39, reason: org.apache.jorphan.util.JMeterStopThreadException: End of file:/home/vlad/diia/projects/perf-testing-methodology/test-data/nested-entity-execution-plan.csv detected for CSV DataSet:CSV - Users Data configured with stopThread:true, recycle:false
2026-04-20 13:12:32,048 INFO [TG_Test 1-39] o.a.j.t.JMeterThread: Thread finished: TG_Test 1-39
2026-04-20 13:12:32,073 INFO [TG_Test 1-30] o.a.j.p.j.s.J.Create payload: formData={"id":"70f34c46-3ca1-11f1-beaf-0a580a80027a","taskDefinitionKey":"signDataActivity","name":"Підписати дані про освітній профіль","assignee":"perf-test-officer-30","created":"2026-04-20T10:12:30.759Z","description":null,"processInstanceId":"69a57bcd-3ca1-11f1-beaf-0a580a80027a","rootProcessInstanceId":"69a57bcd-3ca1-11f1-beaf-0a580a80027a","processDefinitionId":"b29a4815-3a3c-11f1-9c26-0a580a800265","processDefinitionName":"Процес для перевірки збереження декількох сутностей в рамках однієї транзакції - nested entity","formKey":"feature-form-add-fourth","suspended":false,"formVariables":{},"signatureValidationPack":[],"data":{"order_type":"ENROLLMENT","order_number":"5790","order_date":"2026-04-20","files":[{"id":"02f33aab-7d03-43e3-ac5d-03bd8ffdacad","checksum":"15e377f79ece4daa09e0de17d9e51284681571c64c12bc7f7049b5deff68b707"}],"birthday":"1999-10-16"},"esign":true}
2026-04-20 13:12:32,073 INFO [TG_Test 1-30] o.a.j.p.j.s.J.Create payload: formData={order_type=ENROLLMENT, order_number=5790, order_date=2026-04-20, files=[{id=02f33aab-7d03-43e3-ac5d-03bd8ffdacad, checksum=15e377f79ece4daa09e0de17d9e51284681571c64c12bc7f7049b5deff68b707}], birthday=1999-10-16}
2026-04-20 13:12:32,073 INFO [TG_Test 1-30] o.a.j.p.j.s.J.Create payload: Payload={"data":{"order_type":"ENROLLMENT","order_number":"5790","order_date":"2026-04-20","files":[{"id":"02f33aab-7d03-43e3-ac5d-03bd8ffdacad","checksum":"15e377f79ece4daa09e0de17d9e51284681571c64c12bc7f7049b5deff68b707"}],"birthday":"1999-10-16"},"signature":"perf-test-officer-30.dat"}
2026-04-20 13:12:32,143 INFO [TG_Test 1-95] o.a.j.e.J.Set XSRF Token: === [COOKIE MANAGER] XSRF-TOKEN додано успішно: 947d0912-34e1-4c7b-b517-b336bfd83794
2026-04-20 13:12:32,176 INFO [TG_Test 1-95] o.a.j.p.j.s.J.Create payload: Payload={"data":{"first_name":"\u0410\u043b\u0435\u0432\u0442\u0438\u043d\u0430","last_name":"\u0421\u0435\u043c\u0435\u043d\u043e\u0447\u043a\u043e","second_name":"\u041f\u0435\u0442\u0440\u0456\u0432\u043d\u0430","order_date":"2026-04-20","order_number":"4694","order_type":"ENROLLMENT","birthday":"1986-11-07","file":[{"id":"90ca0a94-17c6-4779-a65b-9d2893e9bdbd","checksum":"15e377f79ece4daa09e0de17d9e51284681571c64c12bc7f7049b5deff68b707"}]}}
2026-04-20 13:12:32,343 INFO [TG_Test 1-100] o.a.j.m.J.JSR223 PreProcessor: === [XSRF SYNC] Оновлено токен із Cookie Manager: 6ca02e88-8412-462f-ae7d-0eb804dec4da
2026-04-20 13:12:32,697 INFO [TG_Test 1-24] o.a.j.e.J.JSR223 - Clear Cookie: === [SESSION CLEAR] HTTP Cookie Manager очищено ===
2026-04-20 13:12:32,697 INFO [TG_Test 1-24] o.a.j.e.J.JSR223 - Clear Cookie: === [SESSION CLEAR] Змінні авторизації видалено. Готові до логіну Провайдера. ===
2026-04-20 13:12:32,699 INFO [TG_Test 1-24] o.a.j.t.JMeterThread: Stop Thread seen for thread TG_Test 1-24, reason: org.apache.jorphan.util.JMeterStopThreadException: End of file:/home/vlad/diia/projects/perf-testing-methodology/test-data/nested-entity-execution-plan.csv detected for CSV DataSet:CSV - Users Data configured with stopThread:true, recycle:false
2026-04-20 13:12:32,699 INFO [TG_Test 1-24] o.a.j.t.JMeterThread: Thread finished: TG_Test 1-24
2026-04-20 13:12:32,827 INFO [TG_Test 1-50] o.a.j.p.j.s.J.Create payload: formData={"id":"7146ea14-3ca1-11f1-beaf-0a580a80027a","taskDefinitionKey":"Activity_11jqc4d","name":"переглянути дані та внести зміни","assignee":"perf-test-officer-50","created":"2026-04-20T10:12:31.307Z","description":null,"processInstanceId":"6c24d3d4-3ca1-11f1-beaf-0a580a80027a","rootProcessInstanceId":"6c24d3d4-3ca1-11f1-beaf-0a580a80027a","processDefinitionId":"b29a4815-3a3c-11f1-9c26-0a580a800265","processDefinitionName":"Процес для перевірки збереження декількох сутностей в рамках однієї транзакції - nested entity","formKey":"feature-form-add-thirdform","suspended":false,"formVariables":{},"signatureValidationPack":[],"data":{"order_type":"TRANSFER","order_number":"6652","order_date":"2026-04-20T13:17:10.952Z","files":[{"id":"375f819d-badb-41f8-b8aa-887aca38843e","checksum":"15e377f79ece4daa09e0de17d9e51284681571c64c12bc7f7049b5deff68b707"}]},"esign":false}
2026-04-20 13:12:32,827 INFO [TG_Test 1-50] o.a.j.p.j.s.J.Create payload: formData={order_type=TRANSFER, order_number=6652, order_date=2026-04-20T13:17:10.952Z, files=[{id=375f819d-badb-41f8-b8aa-887aca38843e, checksum=15e377f79ece4daa09e0de17d9e51284681571c64c12bc7f7049b5deff68b707}]}
2026-04-20 13:12:32,828 INFO [TG_Test 1-50] o.a.j.p.j.s.J.Create payload: Payload={"data":{"order_type":"TRANSFER","order_number":"6652","order_date":"2026-04-20","files":[{"id":"375f819d-badb-41f8-b8aa-887aca38843e","checksum":"15e377f79ece4daa09e0de17d9e51284681571c64c12bc7f7049b5deff68b707"}],"birthday":"1986-08-13"}}
2026-04-20 13:12:32,967 INFO [TG_Test 1-36] o.a.j.e.J.JSR223 - Clear Cookie: === [SESSION CLEAR] HTTP Cookie Manager очищено ===
2026-04-20 13:12:32,967 INFO [TG_Test 1-36] o.a.j.e.J.JSR223 - Clear Cookie: === [SESSION CLEAR] Змінні авторизації видалено. Готові до логіну Провайдера. ===
2026-04-20 13:12:32,968 INFO [TG_Test 1-36] o.a.j.t.JMeterThread: Stop Thread seen for thread TG_Test 1-36, reason: org.apache.jorphan.util.JMeterStopThreadException: End of file:/home/vlad/diia/projects/perf-testing-methodology/test-data/nested-entity-execution-plan.csv detected for CSV DataSet:CSV - Users Data configured with stopThread:true, recycle:false
2026-04-20 13:12:32,968 INFO [TG_Test 1-36] o.a.j.t.JMeterThread: Thread finished: TG_Test 1-36
2026-04-20 13:12:32,986 INFO [TG_Test 1-33] o.a.j.e.J.JSR223 - Clear Cookie: === [SESSION CLEAR] HTTP Cookie Manager очищено ===
2026-04-20 13:12:32,986 INFO [TG_Test 1-33] o.a.j.e.J.JSR223 - Clear Cookie: === [SESSION CLEAR] Змінні авторизації видалено. Готові до логіну Провайдера. ===
2026-04-20 13:12:32,986 INFO [TG_Test 1-33] o.a.j.t.JMeterThread: Stop Thread seen for thread TG_Test 1-33, reason: org.apache.jorphan.util.JMeterStopThreadException: End of file:/home/vlad/diia/projects/perf-testing-methodology/test-data/nested-entity-execution-plan.csv detected for CSV DataSet:CSV - Users Data configured with stopThread:true, recycle:false
2026-04-20 13:12:32,986 INFO [TG_Test 1-33] o.a.j.t.JMeterThread: Thread finished: TG_Test 1-33
2026-04-20 13:12:33,046 INFO [TG_Test 1-60] o.a.j.p.j.s.J.Create payload: formData={"id":"713780b4-3ca1-11f1-beaf-0a580a80027a","taskDefinitionKey":"Activity_11jqc4d","name":"переглянути дані та внести зміни","assignee":"perf-test-officer-60","created":"2026-04-20T10:12:31.206Z","description":null,"processInstanceId":"6c0abc00-3ca1-11f1-beaf-0a580a80027a","rootProcessInstanceId":"6c0abc00-3ca1-11f1-beaf-0a580a80027a","processDefinitionId":"b29a4815-3a3c-11f1-9c26-0a580a800265","processDefinitionName":"Процес для перевірки збереження декількох сутностей в рамках однієї транзакції - nested entity","formKey":"feature-form-add-thirdform","suspended":false,"formVariables":{},"signatureValidationPack":[],"data":{"order_type":"TRANSFER","order_number":"6485","order_date":"2026-04-20T13:17:10.952Z","files":[{"id":"8a1102e5-7619-46fa-a2da-7399d24ba3a0","checksum":"15e377f79ece4daa09e0de17d9e51284681571c64c12bc7f7049b5deff68b707"}]},"esign":false}
2026-04-20 13:12:33,046 INFO [TG_Test 1-60] o.a.j.p.j.s.J.Create payload: formData={order_type=TRANSFER, order_number=6485, order_date=2026-04-20T13:17:10.952Z, files=[{id=8a1102e5-7619-46fa-a2da-7399d24ba3a0, checksum=15e377f79ece4daa09e0de17d9e51284681571c64c12bc7f7049b5deff68b707}]}
2026-04-20 13:12:33,046 INFO [TG_Test 1-60] o.a.j.p.j.s.J.Create payload: Payload={"data":{"order_type":"TRANSFER","order_number":"6485","order_date":"2026-04-20","files":[{"id":"8a1102e5-7619-46fa-a2da-7399d24ba3a0","checksum":"15e377f79ece4daa09e0de17d9e51284681571c64c12bc7f7049b5deff68b707"}],"birthday":"2000-07-27"}}
2026-04-20 13:12:33,047 INFO [TG_Test 1-75] o.a.j.p.j.s.J.Create payload: formData={"id":"715ae763-3ca1-11f1-beaf-0a580a80027a","taskDefinitionKey":"signPersonProfileActivity","name":"Підписати дані про освітній профіль","assignee":"perf-test-officer-75","created":"2026-04-20T10:12:31.438Z","description":null,"processInstanceId":"6ee5ef65-3ca1-11f1-beaf-0a580a80027a","rootProcessInstanceId":"6ee5ef65-3ca1-11f1-beaf-0a580a80027a","processDefinitionId":"b29a4815-3a3c-11f1-9c26-0a580a800265","processDefinitionName":"Процес для перевірки збереження декількох сутностей в рамках однієї транзакції - nested entity","formKey":"feature-form-add-signd","suspended":false,"formVariables":{},"signatureValidationPack":[],"data":{"first_name":"Анатолій","last_name":"Яцьків","second_name":"Іванович","order_date":"2026-04-20","order_number":"9607","order_type":"DISMISSAL","birthday":"1988-10-17","file":[{"id":"45f8306b-5af4-4152-8043-b7815ad60a34","checksum":"15e377f79ece4daa09e0de17d9e51284681571c64c12bc7f7049b5deff68b707"}]},"esign":true}
2026-04-20 13:12:33,047 INFO [TG_Test 1-75] o.a.j.p.j.s.J.Create payload: formData={first_name=Анатолій, last_name=Яцьків, second_name=Іванович, order_date=2026-04-20, order_number=9607, order_type=DISMISSAL, birthday=1988-10-17, file=[{id=45f8306b-5af4-4152-8043-b7815ad60a34, checksum=15e377f79ece4daa09e0de17d9e51284681571c64c12bc7f7049b5deff68b707}]}
2026-04-20 13:12:33,047 INFO [TG_Test 1-75] o.a.j.p.j.s.J.Create payload: Payload={"data":{"first_name":"\u0410\u043d\u0430\u0442\u043e\u043b\u0456\u0439","last_name":"\u042f\u0446\u044c\u043a\u0456\u0432","second_name":"\u0406\u0432\u0430\u043d\u043e\u0432\u0438\u0447","order_date":"2026-04-20","order_number":"9607","order_type":"DISMISSAL","birthday":"1988-10-17","file":[{"id":"45f8306b-5af4-4152-8043-b7815ad60a34","checksum":"15e377f79ece4daa09e0de17d9e51284681571c64c12bc7f7049b5deff68b707"}]},"signature":"perf-test-officer-75.dat"}
2026-04-20 13:12:33,063 INFO [TG_Test 1-32] o.a.j.e.J.JSR223 - Clear Cookie: === [SESSION CLEAR] HTTP Cookie Manager очищено ===
2026-04-20 13:12:33,063 INFO [TG_Test 1-32] o.a.j.e.J.JSR223 - Clear Cookie: === [SESSION CLEAR] Змінні авторизації видалено. Готові до логіну Провайдера. ===
2026-04-20 13:12:33,064 INFO [TG_Test 1-32] o.a.j.t.JMeterThread: Stop Thread seen for thread TG_Test 1-32, reason: org.apache.jorphan.util.JMeterStopThreadException: End of file:/home/vlad/diia/projects/perf-testing-methodology/test-data/nested-entity-execution-plan.csv detected for CSV DataSet:CSV - Users Data configured with stopThread:true, recycle:false
2026-04-20 13:12:33,064 INFO [TG_Test 1-32] o.a.j.t.JMeterThread: Thread finished: TG_Test 1-32
2026-04-20 13:12:33,284 INFO [TG_Test 1-29] o.a.j.e.J.JSR223 - Clear Cookie: === [SESSION CLEAR] HTTP Cookie Manager очищено ===
2026-04-20 13:12:33,284 INFO [TG_Test 1-29] o.a.j.e.J.JSR223 - Clear Cookie: === [SESSION CLEAR] Змінні авторизації видалено. Готові до логіну Провайдера. ===
2026-04-20 13:12:33,284 INFO [TG_Test 1-29] o.a.j.t.JMeterThread: Stop Thread seen for thread TG_Test 1-29, reason: org.apache.jorphan.util.JMeterStopThreadException: End of file:/home/vlad/diia/projects/perf-testing-methodology/test-data/nested-entity-execution-plan.csv detected for CSV DataSet:CSV - Users Data configured with stopThread:true, recycle:false
2026-04-20 13:12:33,284 INFO [TG_Test 1-29] o.a.j.t.JMeterThread: Thread finished: TG_Test 1-29
2026-04-20 13:12:33,323 INFO [TG_Test 1-37] o.a.j.e.J.JSR223 - Clear Cookie: === [SESSION CLEAR] HTTP Cookie Manager очищено ===
2026-04-20 13:12:33,323 INFO [TG_Test 1-37] o.a.j.e.J.JSR223 - Clear Cookie: === [SESSION CLEAR] Змінні авторизації видалено. Готові до логіну Провайдера. ===
2026-04-20 13:12:33,323 INFO [TG_Test 1-37] o.a.j.t.JMeterThread: Stop Thread seen for thread TG_Test 1-37, reason: org.apache.jorphan.util.JMeterStopThreadException: End of file:/home/vlad/diia/projects/perf-testing-methodology/test-data/nested-entity-execution-plan.csv detected for CSV DataSet:CSV - Users Data configured with stopThread:true, recycle:false
2026-04-20 13:12:33,323 INFO [TG_Test 1-37] o.a.j.t.JMeterThread: Thread finished: TG_Test 1-37
2026-04-20 13:12:33,356 INFO [TG_Test 1-59] o.a.j.p.j.s.J.Create payload: formData={"id":"7187c404-3ca1-11f1-beaf-0a580a80027a","taskDefinitionKey":"Activity_11jqc4d","name":"переглянути дані та внести зміни","assignee":"perf-test-officer-59","created":"2026-04-20T10:12:31.732Z","description":null,"processInstanceId":"6c1b84f3-3ca1-11f1-beaf-0a580a80027a","rootProcessInstanceId":"6c1b84f3-3ca1-11f1-beaf-0a580a80027a","processDefinitionId":"b29a4815-3a3c-11f1-9c26-0a580a800265","processDefinitionName":"Процес для перевірки збереження декількох сутностей в рамках однієї транзакції - nested entity","formKey":"feature-form-add-thirdform","suspended":false,"formVariables":{},"signatureValidationPack":[],"data":{"order_type":"DISMISSAL","order_number":"3800","order_date":"2026-04-20T13:17:10.952Z","files":[{"id":"bfe9bfb4-75a2-4af1-89af-dbfe99c2c883","checksum":"15e377f79ece4daa09e0de17d9e51284681571c64c12bc7f7049b5deff68b707"}]},"esign":false}
2026-04-20 13:12:33,356 INFO [TG_Test 1-59] o.a.j.p.j.s.J.Create payload: formData={order_type=DISMISSAL, order_number=3800, order_date=2026-04-20T13:17:10.952Z, files=[{id=bfe9bfb4-75a2-4af1-89af-dbfe99c2c883, checksum=15e377f79ece4daa09e0de17d9e51284681571c64c12bc7f7049b5deff68b707}]}
2026-04-20 13:12:33,356 INFO [TG_Test 1-59] o.a.j.p.j.s.J.Create payload: Payload={"data":{"order_type":"DISMISSAL","order_number":"3800","order_date":"2026-04-20","files":[{"id":"bfe9bfb4-75a2-4af1-89af-dbfe99c2c883","checksum":"15e377f79ece4daa09e0de17d9e51284681571c64c12bc7f7049b5deff68b707"}],"birthday":"1971-07-11"}}
2026-04-20 13:12:33,394 INFO [TG_Test 1-38] o.a.j.p.j.s.J.Create payload: formData={"id":"716f59d9-3ca1-11f1-beaf-0a580a80027a","taskDefinitionKey":"signDataActivity","name":"Підписати дані про освітній профіль","assignee":"perf-test-officer-38","created":"2026-04-20T10:12:31.572Z","description":null,"processInstanceId":"6a3315e3-3ca1-11f1-beaf-0a580a80027a","rootProcessInstanceId":"6a3315e3-3ca1-11f1-beaf-0a580a80027a","processDefinitionId":"b29a4815-3a3c-11f1-9c26-0a580a800265","processDefinitionName":"Процес для перевірки збереження декількох сутностей в рамках однієї транзакції - nested entity","formKey":"feature-form-add-fourth","suspended":false,"formVariables":{},"signatureValidationPack":[],"data":{"order_type":"TRANSFER","order_number":"2805","order_date":"2026-04-20","files":[{"id":"18aee200-df9a-477f-928e-cc64deb1b1cf","checksum":"15e377f79ece4daa09e0de17d9e51284681571c64c12bc7f7049b5deff68b707"}],"birthday":"1992-12-08"},"esign":true}
2026-04-20 13:12:33,394 INFO [TG_Test 1-38] o.a.j.p.j.s.J.Create payload: formData={order_type=TRANSFER, order_number=2805, order_date=2026-04-20, files=[{id=18aee200-df9a-477f-928e-cc64deb1b1cf, checksum=15e377f79ece4daa09e0de17d9e51284681571c64c12bc7f7049b5deff68b707}], birthday=1992-12-08}
2026-04-20 13:12:33,394 INFO [TG_Test 1-38] o.a.j.p.j.s.J.Create payload: Payload={"data":{"order_type":"TRANSFER","order_number":"2805","order_date":"2026-04-20","files":[{"id":"18aee200-df9a-477f-928e-cc64deb1b1cf","checksum":"15e377f79ece4daa09e0de17d9e51284681571c64c12bc7f7049b5deff68b707"}],"birthday":"1992-12-08"},"signature":"perf-test-officer-38.dat"}
2026-04-20 13:12:33,404 INFO [TG_Test 1-34] o.a.j.e.J.JSR223 - Clear Cookie: === [SESSION CLEAR] HTTP Cookie Manager очищено ===
2026-04-20 13:12:33,404 INFO [TG_Test 1-34] o.a.j.e.J.JSR223 - Clear Cookie: === [SESSION CLEAR] Змінні авторизації видалено. Готові до логіну Провайдера. ===
2026-04-20 13:12:33,405 INFO [TG_Test 1-34] o.a.j.t.JMeterThread: Stop Thread seen for thread TG_Test 1-34, reason: org.apache.jorphan.util.JMeterStopThreadException: End of file:/home/vlad/diia/projects/perf-testing-methodology/test-data/nested-entity-execution-plan.csv detected for CSV DataSet:CSV - Users Data configured with stopThread:true, recycle:false
2026-04-20 13:12:33,405 INFO [TG_Test 1-34] o.a.j.t.JMeterThread: Thread finished: TG_Test 1-34
2026-04-20 13:12:33,440 INFO [TG_Test 1-92] o.a.j.e.J.Set XSRF Token: === [COOKIE MANAGER] XSRF-TOKEN додано успішно: b2925f5c-012d-4091-bc2a-44bcf14dd8c5
2026-04-20 13:12:33,493 INFO [TG_Test 1-92] o.a.j.p.j.s.J.Create payload: Payload={"data":{"first_name":"\u0410\u0433\u0430\u0442\u0430","last_name":"\u0414\u0430\u043d\u0438\u043b\u043a\u043e","second_name":"\u0421\u0435\u0440\u0433\u0456\u0457\u0432\u043d\u0430","order_date":"2026-04-20","order_number":"1906","order_type":"DISMISSAL","birthday":"1998-01-09","file":[{"id":"963eb52b-0f38-451c-ac71-a3c4623a5872","checksum":"15e377f79ece4daa09e0de17d9e51284681571c64c12bc7f7049b5deff68b707"}]}}
2026-04-20 13:12:33,496 INFO [TG_Test 1-77] o.a.j.p.j.s.J.Create payload: formData={"id":"7192244e-3ca1-11f1-beaf-0a580a80027a","taskDefinitionKey":"signPersonProfileActivity","name":"Підписати дані про освітній профіль","assignee":"perf-test-officer-77","created":"2026-04-20T10:12:31.800Z","description":null,"processInstanceId":"6e31937a-3ca1-11f1-beaf-0a580a80027a","rootProcessInstanceId":"6e31937a-3ca1-11f1-beaf-0a580a80027a","processDefinitionId":"b29a4815-3a3c-11f1-9c26-0a580a800265","processDefinitionName":"Процес для перевірки збереження декількох сутностей в рамках однієї транзакції - nested entity","formKey":"feature-form-add-signd","suspended":false,"formVariables":{},"signatureValidationPack":[],"data":{"first_name":"Павло","last_name":"Ємець","second_name":"Олександрович","order_date":"2026-04-20","order_number":"6840","order_type":"DISMISSAL","birthday":"1997-09-26","file":[{"id":"041f3235-23b3-4ce6-b8f0-a68c0775f3b8","checksum":"15e377f79ece4daa09e0de17d9e51284681571c64c12bc7f7049b5deff68b707"}]},"esign":true}
2026-04-20 13:12:33,496 INFO [TG_Test 1-77] o.a.j.p.j.s.J.Create payload: formData={first_name=Павло, last_name=Ємець, second_name=Олександрович, order_date=2026-04-20, order_number=6840, order_type=DISMISSAL, birthday=1997-09-26, file=[{id=041f3235-23b3-4ce6-b8f0-a68c0775f3b8, checksum=15e377f79ece4daa09e0de17d9e51284681571c64c12bc7f7049b5deff68b707}]}
2026-04-20 13:12:33,496 INFO [TG_Test 1-77] o.a.j.p.j.s.J.Create payload: Payload={"data":{"first_name":"\u041f\u0430\u0432\u043b\u043e","last_name":"\u0404\u043c\u0435\u0446\u044c","second_name":"\u041e\u043b\u0435\u043a\u0441\u0430\u043d\u0434\u0440\u043e\u0432\u0438\u0447","order_date":"2026-04-20","order_number":"6840","order_type":"DISMISSAL","birthday":"1997-09-26","file":[{"id":"041f3235-23b3-4ce6-b8f0-a68c0775f3b8","checksum":"15e377f79ece4daa09e0de17d9e51284681571c64c12bc7f7049b5deff68b707"}]},"signature":"perf-test-officer-77.dat"}
2026-04-20 13:12:33,571 INFO [TG_Test 1-28] o.a.j.e.J.JSR223 - Clear Cookie: === [SESSION CLEAR] HTTP Cookie Manager очищено ===
2026-04-20 13:12:33,571 INFO [TG_Test 1-28] o.a.j.e.J.JSR223 - Clear Cookie: === [SESSION CLEAR] Змінні авторизації видалено. Готові до логіну Провайдера. ===
2026-04-20 13:12:33,571 INFO [TG_Test 1-28] o.a.j.t.JMeterThread: Stop Thread seen for thread TG_Test 1-28, reason: org.apache.jorphan.util.JMeterStopThreadException: End of file:/home/vlad/diia/projects/perf-testing-methodology/test-data/nested-entity-execution-plan.csv detected for CSV DataSet:CSV - Users Data configured with stopThread:true, recycle:false
2026-04-20 13:12:33,571 INFO [TG_Test 1-28] o.a.j.t.JMeterThread: Thread finished: TG_Test 1-28
2026-04-20 13:12:33,586 INFO [TG_Test 1-96] o.a.j.e.J.Set XSRF Token: === [COOKIE MANAGER] XSRF-TOKEN додано успішно: 996faf38-ba21-4fa3-b9dd-ecf24a0a4a3b
2026-04-20 13:12:33,621 INFO [TG_Test 1-57] o.a.j.p.j.s.J.Create payload: formData={"id":"71691843-3ca1-11f1-beaf-0a580a80027a","taskDefinitionKey":"Activity_11jqc4d","name":"переглянути дані та внести зміни","assignee":"perf-test-officer-57","created":"2026-04-20T10:12:31.531Z","description":null,"processInstanceId":"6bc268d6-3ca1-11f1-beaf-0a580a80027a","rootProcessInstanceId":"6bc268d6-3ca1-11f1-beaf-0a580a80027a","processDefinitionId":"b29a4815-3a3c-11f1-9c26-0a580a800265","processDefinitionName":"Процес для перевірки збереження декількох сутностей в рамках однієї транзакції - nested entity","formKey":"feature-form-add-thirdform","suspended":false,"formVariables":{},"signatureValidationPack":[],"data":{"order_type":"TRANSFER","order_number":"3912","order_date":"2026-04-20T13:17:10.952Z","files":[{"id":"5857f9b9-e8e7-4b6d-896c-1a2af4e9ea25","checksum":"15e377f79ece4daa09e0de17d9e51284681571c64c12bc7f7049b5deff68b707"}]},"esign":false}
2026-04-20 13:12:33,621 INFO [TG_Test 1-57] o.a.j.p.j.s.J.Create payload: formData={order_type=TRANSFER, order_number=3912, order_date=2026-04-20T13:17:10.952Z, files=[{id=5857f9b9-e8e7-4b6d-896c-1a2af4e9ea25, checksum=15e377f79ece4daa09e0de17d9e51284681571c64c12bc7f7049b5deff68b707}]}
2026-04-20 13:12:33,621 INFO [TG_Test 1-57] o.a.j.p.j.s.J.Create payload: Payload={"data":{"order_type":"TRANSFER","order_number":"3912","order_date":"2026-04-20","files":[{"id":"5857f9b9-e8e7-4b6d-896c-1a2af4e9ea25","checksum":"15e377f79ece4daa09e0de17d9e51284681571c64c12bc7f7049b5deff68b707"}],"birthday":"1985-06-09"}}
2026-04-20 13:12:33,624 INFO [TG_Test 1-96] o.a.j.p.j.s.J.Create payload: Payload={"data":{"first_name":"\u041c\u0438\u043a\u043e\u043b\u0430","last_name":"\u0421\u0435\u043c\u0435\u0449\u0443\u043a","second_name":"\u041c\u0438\u043a\u043e\u043b\u0430\u0439\u043e\u0432\u0438\u0447","order_date":"2026-04-20","order_number":"2857","order_type":"DISMISSAL","birthday":"1981-08-04","file":[{"id":"e7c1a3ca-c9f5-49f8-8f95-fc3d5e3f14f4","checksum":"15e377f79ece4daa09e0de17d9e51284681571c64c12bc7f7049b5deff68b707"}]}}
2026-04-20 13:12:33,660 INFO [TG_Test 1-78] o.a.j.p.j.s.J.Create payload: formData={"id":"71aa8e70-3ca1-11f1-beaf-0a580a80027a","taskDefinitionKey":"signPersonProfileActivity","name":"Підписати дані про освітній профіль","assignee":"perf-test-officer-78","created":"2026-04-20T10:12:31.960Z","description":null,"processInstanceId":"6f0f97bf-3ca1-11f1-beaf-0a580a80027a","rootProcessInstanceId":"6f0f97bf-3ca1-11f1-beaf-0a580a80027a","processDefinitionId":"b29a4815-3a3c-11f1-9c26-0a580a800265","processDefinitionName":"Процес для перевірки збереження декількох сутностей в рамках однієї транзакції - nested entity","formKey":"feature-form-add-signd","suspended":false,"formVariables":{},"signatureValidationPack":[],"data":{"first_name":"Ярослав","last_name":"Каськів","second_name":"Олександрович","order_date":"2026-04-20","order_number":"8350","order_type":"TRANSFER","birthday":"1995-11-02","file":[{"id":"67cb6c81-9b0f-4814-a198-803725f04ed7","checksum":"15e377f79ece4daa09e0de17d9e51284681571c64c12bc7f7049b5deff68b707"}]},"esign":true}
2026-04-20 13:12:33,660 INFO [TG_Test 1-78] o.a.j.p.j.s.J.Create payload: formData={first_name=Ярослав, last_name=Каськів, second_name=Олександрович, order_date=2026-04-20, order_number=8350, order_type=TRANSFER, birthday=1995-11-02, file=[{id=67cb6c81-9b0f-4814-a198-803725f04ed7, checksum=15e377f79ece4daa09e0de17d9e51284681571c64c12bc7f7049b5deff68b707}]}
2026-04-20 13:12:33,660 INFO [TG_Test 1-78] o.a.j.p.j.s.J.Create payload: Payload={"data":{"first_name":"\u042f\u0440\u043e\u0441\u043b\u0430\u0432","last_name":"\u041a\u0430\u0441\u044c\u043a\u0456\u0432","second_name":"\u041e\u043b\u0435\u043a\u0441\u0430\u043d\u0434\u0440\u043e\u0432\u0438\u0447","order_date":"2026-04-20","order_number":"8350","order_type":"TRANSFER","birthday":"1995-11-02","file":[{"id":"67cb6c81-9b0f-4814-a198-803725f04ed7","checksum":"15e377f79ece4daa09e0de17d9e51284681571c64c12bc7f7049b5deff68b707"}]},"signature":"perf-test-officer-78.dat"}
2026-04-20 13:12:33,669 INFO [TG_Test 1-42] o.a.j.p.j.s.J.Create payload: formData={"id":"71e091e6-3ca1-11f1-beaf-0a580a80027a","taskDefinitionKey":"signDataActivity","name":"Підписати дані про освітній профіль","assignee":"perf-test-officer-42","created":"2026-04-20T10:12:32.314Z","description":null,"processInstanceId":"6ac0618c-3ca1-11f1-beaf-0a580a80027a","rootProcessInstanceId":"6ac0618c-3ca1-11f1-beaf-0a580a80027a","processDefinitionId":"b29a4815-3a3c-11f1-9c26-0a580a800265","processDefinitionName":"Процес для перевірки збереження декількох сутностей в рамках однієї транзакції - nested entity","formKey":"feature-form-add-fourth","suspended":false,"formVariables":{},"signatureValidationPack":[],"data":{"order_type":"TRANSFER","order_number":"4595","order_date":"2026-04-20","files":[{"id":"1888aecb-4526-46fe-9f86-33f4eca31e03","checksum":"15e377f79ece4daa09e0de17d9e51284681571c64c12bc7f7049b5deff68b707"}],"birthday":"2005-03-07"},"esign":true}
2026-04-20 13:12:33,669 INFO [TG_Test 1-42] o.a.j.p.j.s.J.Create payload: formData={order_type=TRANSFER, order_number=4595, order_date=2026-04-20, files=[{id=1888aecb-4526-46fe-9f86-33f4eca31e03, checksum=15e377f79ece4daa09e0de17d9e51284681571c64c12bc7f7049b5deff68b707}], birthday=2005-03-07}
2026-04-20 13:12:33,669 INFO [TG_Test 1-42] o.a.j.p.j.s.J.Create payload: Payload={"data":{"order_type":"TRANSFER","order_number":"4595","order_date":"2026-04-20","files":[{"id":"1888aecb-4526-46fe-9f86-33f4eca31e03","checksum":"15e377f79ece4daa09e0de17d9e51284681571c64c12bc7f7049b5deff68b707"}],"birthday":"2005-03-07"},"signature":"perf-test-officer-42.dat"}
2026-04-20 13:12:33,677 INFO [TG_Test 1-64] o.a.j.p.j.s.J.Create payload: formData={"id":"71c0d4b3-3ca1-11f1-beaf-0a580a80027a","taskDefinitionKey":"Activity_11jqc4d","name":"переглянути дані та внести зміни","assignee":"perf-test-officer-64","created":"2026-04-20T10:12:32.106Z","description":null,"processInstanceId":"6cefc54c-3ca1-11f1-beaf-0a580a80027a","rootProcessInstanceId":"6cefc54c-3ca1-11f1-beaf-0a580a80027a","processDefinitionId":"b29a4815-3a3c-11f1-9c26-0a580a800265","processDefinitionName":"Процес для перевірки збереження декількох сутностей в рамках однієї транзакції - nested entity","formKey":"feature-form-add-thirdform","suspended":false,"formVariables":{},"signatureValidationPack":[],"data":{"order_type":"ENROLLMENT","order_number":"8438","order_date":"2026-04-20T13:17:10.952Z","files":[{"id":"0440bab2-e4e6-4c3e-baa5-a064ad238163","checksum":"15e377f79ece4daa09e0de17d9e51284681571c64c12bc7f7049b5deff68b707"}]},"esign":false}
2026-04-20 13:12:33,677 INFO [TG_Test 1-83] o.a.j.p.j.s.J.Create payload: formData={"id":"719865eb-3ca1-11f1-beaf-0a580a80027a","taskDefinitionKey":"signPersonProfileActivity","name":"Підписати дані про освітній профіль","assignee":"perf-test-officer-83","created":"2026-04-20T10:12:31.841Z","description":null,"processInstanceId":"6f49bae5-3ca1-11f1-beaf-0a580a80027a","rootProcessInstanceId":"6f49bae5-3ca1-11f1-beaf-0a580a80027a","processDefinitionId":"b29a4815-3a3c-11f1-9c26-0a580a800265","processDefinitionName":"Процес для перевірки збереження декількох сутностей в рамках однієї транзакції - nested entity","formKey":"feature-form-add-signd","suspended":false,"formVariables":{},"signatureValidationPack":[],"data":{"first_name":"Богдан","last_name":"Ромочко","second_name":"Олександрович","order_date":"2026-04-20","order_number":"1808","order_type":"TRANSFER","birthday":"1971-09-18","file":[{"id":"b6840be0-f7e6-4c50-a6e2-fabb84a0d43b","checksum":"15e377f79ece4daa09e0de17d9e51284681571c64c12bc7f7049b5deff68b707"}]},"esign":true}
2026-04-20 13:12:33,677 INFO [TG_Test 1-64] o.a.j.p.j.s.J.Create payload: formData={order_type=ENROLLMENT, order_number=8438, order_date=2026-04-20T13:17:10.952Z, files=[{id=0440bab2-e4e6-4c3e-baa5-a064ad238163, checksum=15e377f79ece4daa09e0de17d9e51284681571c64c12bc7f7049b5deff68b707}]}
2026-04-20 13:12:33,677 INFO [TG_Test 1-83] o.a.j.p.j.s.J.Create payload: formData={first_name=Богдан, last_name=Ромочко, second_name=Олександрович, order_date=2026-04-20, order_number=1808, order_type=TRANSFER, birthday=1971-09-18, file=[{id=b6840be0-f7e6-4c50-a6e2-fabb84a0d43b, checksum=15e377f79ece4daa09e0de17d9e51284681571c64c12bc7f7049b5deff68b707}]}
2026-04-20 13:12:33,678 INFO [TG_Test 1-64] o.a.j.p.j.s.J.Create payload: Payload={"data":{"order_type":"ENROLLMENT","order_number":"8438","order_date":"2026-04-20","files":[{"id":"0440bab2-e4e6-4c3e-baa5-a064ad238163","checksum":"15e377f79ece4daa09e0de17d9e51284681571c64c12bc7f7049b5deff68b707"}],"birthday":"1968-06-22"}}
2026-04-20 13:12:33,678 INFO [TG_Test 1-83] o.a.j.p.j.s.J.Create payload: Payload={"data":{"first_name":"\u0411\u043e\u0433\u0434\u0430\u043d","last_name":"\u0420\u043e\u043c\u043e\u0447\u043a\u043e","second_name":"\u041e\u043b\u0435\u043a\u0441\u0430\u043d\u0434\u0440\u043e\u0432\u0438\u0447","order_date":"2026-04-20","order_number":"1808","order_type":"TRANSFER","birthday":"1971-09-18","file":[{"id":"b6840be0-f7e6-4c50-a6e2-fabb84a0d43b","checksum":"15e377f79ece4daa09e0de17d9e51284681571c64c12bc7f7049b5deff68b707"}]},"signature":"perf-test-officer-83.dat"}
2026-04-20 13:12:33,697 INFO [TG_Test 1-61] o.a.j.p.j.s.J.Create payload: formData={"id":"72107bb6-3ca1-11f1-beaf-0a580a80027a","taskDefinitionKey":"Activity_11jqc4d","name":"переглянути дані та внести зміни","assignee":"perf-test-officer-61","created":"2026-04-20T10:12:32.628Z","description":null,"processInstanceId":"6ca6d4fb-3ca1-11f1-beaf-0a580a80027a","rootProcessInstanceId":"6ca6d4fb-3ca1-11f1-beaf-0a580a80027a","processDefinitionId":"b29a4815-3a3c-11f1-9c26-0a580a800265","processDefinitionName":"Процес для перевірки збереження декількох сутностей в рамках однієї транзакції - nested entity","formKey":"feature-form-add-thirdform","suspended":false,"formVariables":{},"signatureValidationPack":[],"data":{"order_type":"DISMISSAL","order_number":"4971","order_date":"2026-04-20T13:17:10.952Z","files":[{"id":"fd387f7c-991f-42ad-9ebe-7531cfb09dad","checksum":"15e377f79ece4daa09e0de17d9e51284681571c64c12bc7f7049b5deff68b707"}]},"esign":false}
2026-04-20 13:12:33,697 INFO [TG_Test 1-61] o.a.j.p.j.s.J.Create payload: formData={order_type=DISMISSAL, order_number=4971, order_date=2026-04-20T13:17:10.952Z, files=[{id=fd387f7c-991f-42ad-9ebe-7531cfb09dad, checksum=15e377f79ece4daa09e0de17d9e51284681571c64c12bc7f7049b5deff68b707}]}
2026-04-20 13:12:33,697 INFO [TG_Test 1-61] o.a.j.p.j.s.J.Create payload: Payload={"data":{"order_type":"DISMISSAL","order_number":"4971","order_date":"2026-04-20","files":[{"id":"fd387f7c-991f-42ad-9ebe-7531cfb09dad","checksum":"15e377f79ece4daa09e0de17d9e51284681571c64c12bc7f7049b5deff68b707"}],"birthday":"1966-06-01"}}
2026-04-20 13:12:33,705 INFO [TG_Test 1-98] o.a.j.e.J.Set XSRF Token: === [COOKIE MANAGER] XSRF-TOKEN додано успішно: 81f47f0e-2af0-44c1-beb0-a1f5b12a0cad
2026-04-20 13:12:33,709 INFO [TG_Test 1-84] o.a.j.p.j.s.J.Create payload: formData={"id":"71c6a121-3ca1-11f1-beaf-0a580a80027a","taskDefinitionKey":"signPersonProfileActivity","name":"Підписати дані про освітній профіль","assignee":"perf-test-officer-84","created":"2026-04-20T10:12:32.144Z","description":null,"processInstanceId":"6f5bbc71-3ca1-11f1-beaf-0a580a80027a","rootProcessInstanceId":"6f5bbc71-3ca1-11f1-beaf-0a580a80027a","processDefinitionId":"b29a4815-3a3c-11f1-9c26-0a580a800265","processDefinitionName":"Процес для перевірки збереження декількох сутностей в рамках однієї транзакції - nested entity","formKey":"feature-form-add-signd","suspended":false,"formVariables":{},"signatureValidationPack":[],"data":{"first_name":"Синьоок","last_name":"Сірко","second_name":"Олексійович","order_date":"2026-04-20","order_number":"3283","order_type":"DISMISSAL","birthday":"1968-11-05","file":[{"id":"b756a8ed-e4a4-4889-863f-df31bb81c2d0","checksum":"15e377f79ece4daa09e0de17d9e51284681571c64c12bc7f7049b5deff68b707"}]},"esign":true}
2026-04-20 13:12:33,709 INFO [TG_Test 1-84] o.a.j.p.j.s.J.Create payload: formData={first_name=Синьоок, last_name=Сірко, second_name=Олексійович, order_date=2026-04-20, order_number=3283, order_type=DISMISSAL, birthday=1968-11-05, file=[{id=b756a8ed-e4a4-4889-863f-df31bb81c2d0, checksum=15e377f79ece4daa09e0de17d9e51284681571c64c12bc7f7049b5deff68b707}]}
2026-04-20 13:12:33,709 INFO [TG_Test 1-84] o.a.j.p.j.s.J.Create payload: Payload={"data":{"first_name":"\u0421\u0438\u043d\u044c\u043e\u043e\u043a","last_name":"\u0421\u0456\u0440\u043a\u043e","second_name":"\u041e\u043b\u0435\u043a\u0441\u0456\u0439\u043e\u0432\u0438\u0447","order_date":"2026-04-20","order_number":"3283","order_type":"DISMISSAL","birthday":"1968-11-05","file":[{"id":"b756a8ed-e4a4-4889-863f-df31bb81c2d0","checksum":"15e377f79ece4daa09e0de17d9e51284681571c64c12bc7f7049b5deff68b707"}]},"signature":"perf-test-officer-84.dat"}
2026-04-20 13:12:33,721 INFO [TG_Test 1-46] o.a.j.p.j.s.J.Create payload: formData={"id":"71cf53be-3ca1-11f1-beaf-0a580a80027a","taskDefinitionKey":"signDataActivity","name":"Підписати дані про освітній профіль","assignee":"perf-test-officer-46","created":"2026-04-20T10:12:32.201Z","description":null,"processInstanceId":"6b0be9e6-3ca1-11f1-beaf-0a580a80027a","rootProcessInstanceId":"6b0be9e6-3ca1-11f1-beaf-0a580a80027a","processDefinitionId":"b29a4815-3a3c-11f1-9c26-0a580a800265","processDefinitionName":"Процес для перевірки збереження декількох сутностей в рамках однієї транзакції - nested entity","formKey":"feature-form-add-fourth","suspended":false,"formVariables":{},"signatureValidationPack":[],"data":{"order_type":"DISMISSAL","order_number":"5232","order_date":"2026-04-20","files":[{"id":"8e2f3314-fdb8-4ae9-98ba-980a4380c0f0","checksum":"15e377f79ece4daa09e0de17d9e51284681571c64c12bc7f7049b5deff68b707"}],"birthday":"1995-01-09"},"esign":true}
2026-04-20 13:12:33,721 INFO [TG_Test 1-46] o.a.j.p.j.s.J.Create payload: formData={order_type=DISMISSAL, order_number=5232, order_date=2026-04-20, files=[{id=8e2f3314-fdb8-4ae9-98ba-980a4380c0f0, checksum=15e377f79ece4daa09e0de17d9e51284681571c64c12bc7f7049b5deff68b707}], birthday=1995-01-09}
2026-04-20 13:12:33,721 INFO [TG_Test 1-46] o.a.j.p.j.s.J.Create payload: Payload={"data":{"order_type":"DISMISSAL","order_number":"5232","order_date":"2026-04-20","files":[{"id":"8e2f3314-fdb8-4ae9-98ba-980a4380c0f0","checksum":"15e377f79ece4daa09e0de17d9e51284681571c64c12bc7f7049b5deff68b707"}],"birthday":"1995-01-09"},"signature":"perf-test-officer-46.dat"}
2026-04-20 13:12:33,725 INFO [TG_Test 1-45] o.a.j.p.j.s.J.Create payload: formData={"id":"722d2b8d-3ca1-11f1-beaf-0a580a80027a","taskDefinitionKey":"signDataActivity","name":"Підписати дані про освітній профіль","assignee":"perf-test-officer-45","created":"2026-04-20T10:12:32.816Z","description":null,"processInstanceId":"6ace445e-3ca1-11f1-beaf-0a580a80027a","rootProcessInstanceId":"6ace445e-3ca1-11f1-beaf-0a580a80027a","processDefinitionId":"b29a4815-3a3c-11f1-9c26-0a580a800265","processDefinitionName":"Процес для перевірки збереження декількох сутностей в рамках однієї транзакції - nested entity","formKey":"feature-form-add-fourth","suspended":false,"formVariables":{},"signatureValidationPack":[],"data":{"order_type":"TRANSFER","order_number":"6434","order_date":"2026-04-20","files":[{"id":"e8e313fb-df15-4c5f-8c6e-5e2c6c2d7c8c","checksum":"15e377f79ece4daa09e0de17d9e51284681571c64c12bc7f7049b5deff68b707"}],"birthday":"1975-04-03"},"esign":true}
2026-04-20 13:12:33,726 INFO [TG_Test 1-45] o.a.j.p.j.s.J.Create payload: formData={order_type=TRANSFER, order_number=6434, order_date=2026-04-20, files=[{id=e8e313fb-df15-4c5f-8c6e-5e2c6c2d7c8c, checksum=15e377f79ece4daa09e0de17d9e51284681571c64c12bc7f7049b5deff68b707}], birthday=1975-04-03}
2026-04-20 13:12:33,726 INFO [TG_Test 1-45] o.a.j.p.j.s.J.Create payload: Payload={"data":{"order_type":"TRANSFER","order_number":"6434","order_date":"2026-04-20","files":[{"id":"e8e313fb-df15-4c5f-8c6e-5e2c6c2d7c8c","checksum":"15e377f79ece4daa09e0de17d9e51284681571c64c12bc7f7049b5deff68b707"}],"birthday":"1975-04-03"},"signature":"perf-test-officer-45.dat"}
2026-04-20 13:12:33,727 INFO [TG_Test 1-80] o.a.j.p.j.s.J.Create payload: formData={"id":"71beffe3-3ca1-11f1-beaf-0a580a80027a","taskDefinitionKey":"signPersonProfileActivity","name":"Підписати дані про освітній профіль","assignee":"perf-test-officer-80","created":"2026-04-20T10:12:32.094Z","description":null,"processInstanceId":"6f9a999f-3ca1-11f1-beaf-0a580a80027a","rootProcessInstanceId":"6f9a999f-3ca1-11f1-beaf-0a580a80027a","processDefinitionId":"b29a4815-3a3c-11f1-9c26-0a580a800265","processDefinitionName":"Процес для перевірки збереження декількох сутностей в рамках однієї транзакції - nested entity","formKey":"feature-form-add-signd","suspended":false,"formVariables":{},"signatureValidationPack":[],"data":{"first_name":"Біляна","last_name":"Гайчук","second_name":"Миколаївна","order_date":"2026-04-20","order_number":"9460","order_type":"ENROLLMENT","birthday":"2006-04-10","file":[{"id":"9d3ab291-47bb-4db8-b26c-6f925805c8d2","checksum":"15e377f79ece4daa09e0de17d9e51284681571c64c12bc7f7049b5deff68b707"}]},"esign":true}
2026-04-20 13:12:33,727 INFO [TG_Test 1-80] o.a.j.p.j.s.J.Create payload: formData={first_name=Біляна, last_name=Гайчук, second_name=Миколаївна, order_date=2026-04-20, order_number=9460, order_type=ENROLLMENT, birthday=2006-04-10, file=[{id=9d3ab291-47bb-4db8-b26c-6f925805c8d2, checksum=15e377f79ece4daa09e0de17d9e51284681571c64c12bc7f7049b5deff68b707}]}
2026-04-20 13:12:33,727 INFO [TG_Test 1-80] o.a.j.p.j.s.J.Create payload: Payload={"data":{"first_name":"\u0411\u0456\u043b\u044f\u043d\u0430","last_name":"\u0413\u0430\u0439\u0447\u0443\u043a","second_name":"\u041c\u0438\u043a\u043e\u043b\u0430\u0457\u0432\u043d\u0430","order_date":"2026-04-20","order_number":"9460","order_type":"ENROLLMENT","birthday":"2006-04-10","file":[{"id":"9d3ab291-47bb-4db8-b26c-6f925805c8d2","checksum":"15e377f79ece4daa09e0de17d9e51284681571c64c12bc7f7049b5deff68b707"}]},"signature":"perf-test-officer-80.dat"}
2026-04-20 13:12:33,742 INFO [TG_Test 1-98] o.a.j.p.j.s.J.Create payload: Payload={"data":{"first_name":"\u0412\u0456\u0440\u0433\u0456\u043d\u0456\u044f","last_name":"\u041f\u0430\u0433\u0443\u0442\u044f\u043a","second_name":"\u0421\u0435\u0440\u0433\u0456\u0457\u0432\u043d\u0430","order_date":"2026-04-20","order_number":"8065","order_type":"DISMISSAL","birthday":"1973-10-12","file":[{"id":"60aa338e-baef-4be0-8800-d68223cd271f","checksum":"15e377f79ece4daa09e0de17d9e51284681571c64c12bc7f7049b5deff68b707"}]}}
2026-04-20 13:12:33,759 INFO [TG_Test 1-44] o.a.j.p.j.s.J.Create payload: formData={"id":"71b6c37d-3ca1-11f1-beaf-0a580a80027a","taskDefinitionKey":"signDataActivity","name":"Підписати дані про освітній профіль","assignee":"perf-test-officer-44","created":"2026-04-20T10:12:32.040Z","description":null,"processInstanceId":"6a77e76c-3ca1-11f1-beaf-0a580a80027a","rootProcessInstanceId":"6a77e76c-3ca1-11f1-beaf-0a580a80027a","processDefinitionId":"b29a4815-3a3c-11f1-9c26-0a580a800265","processDefinitionName":"Процес для перевірки збереження декількох сутностей в рамках однієї транзакції - nested entity","formKey":"feature-form-add-fourth","suspended":false,"formVariables":{},"signatureValidationPack":[],"data":{"order_type":"ENROLLMENT","order_number":"1528","order_date":"2026-04-20","files":[{"id":"cb1c0375-abf7-44b1-857a-bc771eb66c00","checksum":"15e377f79ece4daa09e0de17d9e51284681571c64c12bc7f7049b5deff68b707"}],"birthday":"1976-08-27"},"esign":true}
2026-04-20 13:12:33,759 INFO [TG_Test 1-44] o.a.j.p.j.s.J.Create payload: formData={order_type=ENROLLMENT, order_number=1528, order_date=2026-04-20, files=[{id=cb1c0375-abf7-44b1-857a-bc771eb66c00, checksum=15e377f79ece4daa09e0de17d9e51284681571c64c12bc7f7049b5deff68b707}], birthday=1976-08-27}
2026-04-20 13:12:33,759 INFO [TG_Test 1-44] o.a.j.p.j.s.J.Create payload: Payload={"data":{"order_type":"ENROLLMENT","order_number":"1528","order_date":"2026-04-20","files":[{"id":"cb1c0375-abf7-44b1-857a-bc771eb66c00","checksum":"15e377f79ece4daa09e0de17d9e51284681571c64c12bc7f7049b5deff68b707"}],"birthday":"1976-08-27"},"signature":"perf-test-officer-44.dat"}
2026-04-20 13:12:33,815 INFO [TG_Test 1-86] o.a.j.p.j.s.J.Create payload: formData={"id":"7236053d-3ca1-11f1-beaf-0a580a80027a","taskDefinitionKey":"signPersonProfileActivity","name":"Підписати дані про освітній профіль","assignee":"perf-test-officer-86","created":"2026-04-20T10:12:32.874Z","description":null,"processInstanceId":"6fa6327b-3ca1-11f1-beaf-0a580a80027a","rootProcessInstanceId":"6fa6327b-3ca1-11f1-beaf-0a580a80027a","processDefinitionId":"b29a4815-3a3c-11f1-9c26-0a580a800265","processDefinitionName":"Процес для перевірки збереження декількох сутностей в рамках однієї транзакції - nested entity","formKey":"feature-form-add-signd","suspended":false,"formVariables":{},"signatureValidationPack":[],"data":{"first_name":"Артем","last_name":"Гриневський","second_name":"Олексійович","order_date":"2026-04-20","order_number":"9623","order_type":"TRANSFER","birthday":"1990-05-29","file":[{"id":"d7a87ca3-bbda-4635-a077-4a5f43196417","checksum":"15e377f79ece4daa09e0de17d9e51284681571c64c12bc7f7049b5deff68b707"}]},"esign":true}
2026-04-20 13:12:33,815 INFO [TG_Test 1-86] o.a.j.p.j.s.J.Create payload: formData={first_name=Артем, last_name=Гриневський, second_name=Олексійович, order_date=2026-04-20, order_number=9623, order_type=TRANSFER, birthday=1990-05-29, file=[{id=d7a87ca3-bbda-4635-a077-4a5f43196417, checksum=15e377f79ece4daa09e0de17d9e51284681571c64c12bc7f7049b5deff68b707}]}
2026-04-20 13:12:33,815 INFO [TG_Test 1-86] o.a.j.p.j.s.J.Create payload: Payload={"data":{"first_name":"\u0410\u0440\u0442\u0435\u043c","last_name":"\u0413\u0440\u0438\u043d\u0435\u0432\u0441\u044c\u043a\u0438\u0439","second_name":"\u041e\u043b\u0435\u043a\u0441\u0456\u0439\u043e\u0432\u0438\u0447","order_date":"2026-04-20","order_number":"9623","order_type":"TRANSFER","birthday":"1990-05-29","file":[{"id":"d7a87ca3-bbda-4635-a077-4a5f43196417","checksum":"15e377f79ece4daa09e0de17d9e51284681571c64c12bc7f7049b5deff68b707"}]},"signature":"perf-test-officer-86.dat"}
2026-04-20 13:12:33,864 INFO [TG_Test 1-81] o.a.j.p.j.s.J.Create payload: formData={"id":"7238c463-3ca1-11f1-beaf-0a580a80027a","taskDefinitionKey":"signPersonProfileActivity","name":"Підписати дані про освітній профіль","assignee":"perf-test-officer-81","created":"2026-04-20T10:12:32.892Z","description":null,"processInstanceId":"6f5330de-3ca1-11f1-beaf-0a580a80027a","rootProcessInstanceId":"6f5330de-3ca1-11f1-beaf-0a580a80027a","processDefinitionId":"b29a4815-3a3c-11f1-9c26-0a580a800265","processDefinitionName":"Процес для перевірки збереження декількох сутностей в рамках однієї транзакції - nested entity","formKey":"feature-form-add-signd","suspended":false,"formVariables":{},"signatureValidationPack":[],"data":{"first_name":"Геннадій","last_name":"Коломієць","second_name":"Анатолійович","order_date":"2026-04-20","order_number":"5863","order_type":"TRANSFER","birthday":"2005-03-15","file":[{"id":"8c216a1d-57ec-4481-9dfd-1469c8699b73","checksum":"15e377f79ece4daa09e0de17d9e51284681571c64c12bc7f7049b5deff68b707"}]},"esign":true}
2026-04-20 13:12:33,864 INFO [TG_Test 1-81] o.a.j.p.j.s.J.Create payload: formData={first_name=Геннадій, last_name=Коломієць, second_name=Анатолійович, order_date=2026-04-20, order_number=5863, order_type=TRANSFER, birthday=2005-03-15, file=[{id=8c216a1d-57ec-4481-9dfd-1469c8699b73, checksum=15e377f79ece4daa09e0de17d9e51284681571c64c12bc7f7049b5deff68b707}]}
2026-04-20 13:12:33,864 INFO [TG_Test 1-81] o.a.j.p.j.s.J.Create payload: Payload={"data":{"first_name":"\u0413\u0435\u043d\u043d\u0430\u0434\u0456\u0439","last_name":"\u041a\u043e\u043b\u043e\u043c\u0456\u0454\u0446\u044c","second_name":"\u0410\u043d\u0430\u0442\u043e\u043b\u0456\u0439\u043e\u0432\u0438\u0447","order_date":"2026-04-20","order_number":"5863","order_type":"TRANSFER","birthday":"2005-03-15","file":[{"id":"8c216a1d-57ec-4481-9dfd-1469c8699b73","checksum":"15e377f79ece4daa09e0de17d9e51284681571c64c12bc7f7049b5deff68b707"}]},"signature":"perf-test-officer-81.dat"}
2026-04-20 13:12:33,879 INFO [TG_Test 1-76] o.a.j.p.j.s.J.Create payload: formData={"id":"721de93e-3ca1-11f1-beaf-0a580a80027a","taskDefinitionKey":"signPersonProfileActivity","name":"Підписати дані про освітній профіль","assignee":"perf-test-officer-76","created":"2026-04-20T10:12:32.716Z","description":null,"processInstanceId":"6ee2bb08-3ca1-11f1-beaf-0a580a80027a","rootProcessInstanceId":"6ee2bb08-3ca1-11f1-beaf-0a580a80027a","processDefinitionId":"b29a4815-3a3c-11f1-9c26-0a580a800265","processDefinitionName":"Процес для перевірки збереження декількох сутностей в рамках однієї транзакції - nested entity","formKey":"feature-form-add-signd","suspended":false,"formVariables":{},"signatureValidationPack":[],"data":{"first_name":"Сніжана","last_name":"Громико","second_name":"Василівна","order_date":"2026-04-20","order_number":"5222","order_type":"TRANSFER","birthday":"1982-10-22","file":[{"id":"f2b51dcb-3c10-4d21-b7bf-2e3751753119","checksum":"15e377f79ece4daa09e0de17d9e51284681571c64c12bc7f7049b5deff68b707"}]},"esign":true}
2026-04-20 13:12:33,879 INFO [TG_Test 1-76] o.a.j.p.j.s.J.Create payload: formData={first_name=Сніжана, last_name=Громико, second_name=Василівна, order_date=2026-04-20, order_number=5222, order_type=TRANSFER, birthday=1982-10-22, file=[{id=f2b51dcb-3c10-4d21-b7bf-2e3751753119, checksum=15e377f79ece4daa09e0de17d9e51284681571c64c12bc7f7049b5deff68b707}]}
2026-04-20 13:12:33,879 INFO [TG_Test 1-76] o.a.j.p.j.s.J.Create payload: Payload={"data":{"first_name":"\u0421\u043d\u0456\u0436\u0430\u043d\u0430","last_name":"\u0413\u0440\u043e\u043c\u0438\u043a\u043e","second_name":"\u0412\u0430\u0441\u0438\u043b\u0456\u0432\u043d\u0430","order_date":"2026-04-20","order_number":"5222","order_type":"TRANSFER","birthday":"1982-10-22","file":[{"id":"f2b51dcb-3c10-4d21-b7bf-2e3751753119","checksum":"15e377f79ece4daa09e0de17d9e51284681571c64c12bc7f7049b5deff68b707"}]},"signature":"perf-test-officer-76.dat"}
2026-04-20 13:12:33,894 INFO [TG_Test 1-82] o.a.j.p.j.s.J.Create payload: formData={"id":"72579730-3ca1-11f1-beaf-0a580a80027a","taskDefinitionKey":"signPersonProfileActivity","name":"Підписати дані про освітній профіль","assignee":"perf-test-officer-82","created":"2026-04-20T10:12:33.094Z","description":null,"processInstanceId":"6f5b473f-3ca1-11f1-beaf-0a580a80027a","rootProcessInstanceId":"6f5b473f-3ca1-11f1-beaf-0a580a80027a","processDefinitionId":"b29a4815-3a3c-11f1-9c26-0a580a800265","processDefinitionName":"Процес для перевірки збереження декількох сутностей в рамках однієї транзакції - nested entity","formKey":"feature-form-add-signd","suspended":false,"formVariables":{},"signatureValidationPack":[],"data":{"first_name":"Славута","last_name":"Луцький","second_name":"Васильович","order_date":"2026-04-20","order_number":"1595","order_type":"DISMISSAL","birthday":"1994-11-20","file":[{"id":"07dfd66f-4c20-4033-8a14-ae1c92f826d5","checksum":"15e377f79ece4daa09e0de17d9e51284681571c64c12bc7f7049b5deff68b707"}]},"esign":true}
2026-04-20 13:12:33,894 INFO [TG_Test 1-82] o.a.j.p.j.s.J.Create payload: formData={first_name=Славута, last_name=Луцький, second_name=Васильович, order_date=2026-04-20, order_number=1595, order_type=DISMISSAL, birthday=1994-11-20, file=[{id=07dfd66f-4c20-4033-8a14-ae1c92f826d5, checksum=15e377f79ece4daa09e0de17d9e51284681571c64c12bc7f7049b5deff68b707}]}
2026-04-20 13:12:33,894 INFO [TG_Test 1-82] o.a.j.p.j.s.J.Create payload: Payload={"data":{"first_name":"\u0421\u043b\u0430\u0432\u0443\u0442\u0430","last_name":"\u041b\u0443\u0446\u044c\u043a\u0438\u0439","second_name":"\u0412\u0430\u0441\u0438\u043b\u044c\u043e\u0432\u0438\u0447","order_date":"2026-04-20","order_number":"1595","order_type":"DISMISSAL","birthday":"1994-11-20","file":[{"id":"07dfd66f-4c20-4033-8a14-ae1c92f826d5","checksum":"15e377f79ece4daa09e0de17d9e51284681571c64c12bc7f7049b5deff68b707"}]},"signature":"perf-test-officer-82.dat"}
2026-04-20 13:12:33,911 INFO [TG_Test 1-63] o.a.j.p.j.s.J.Create payload: formData={"id":"72468019-3ca1-11f1-beaf-0a580a80027a","taskDefinitionKey":"Activity_11jqc4d","name":"переглянути дані та внести зміни","assignee":"perf-test-officer-63","created":"2026-04-20T10:12:32.982Z","description":null,"processInstanceId":"6d2839d5-3ca1-11f1-beaf-0a580a80027a","rootProcessInstanceId":"6d2839d5-3ca1-11f1-beaf-0a580a80027a","processDefinitionId":"b29a4815-3a3c-11f1-9c26-0a580a800265","processDefinitionName":"Процес для перевірки збереження декількох сутностей в рамках однієї транзакції - nested entity","formKey":"feature-form-add-thirdform","suspended":false,"formVariables":{},"signatureValidationPack":[],"data":{"order_type":"DISMISSAL","order_number":"4180","order_date":"2026-04-20T13:17:10.952Z","files":[{"id":"eda1c2d0-0c5c-4454-907d-7f8537f476c7","checksum":"15e377f79ece4daa09e0de17d9e51284681571c64c12bc7f7049b5deff68b707"}]},"esign":false}
2026-04-20 13:12:33,912 INFO [TG_Test 1-63] o.a.j.p.j.s.J.Create payload: formData={order_type=DISMISSAL, order_number=4180, order_date=2026-04-20T13:17:10.952Z, files=[{id=eda1c2d0-0c5c-4454-907d-7f8537f476c7, checksum=15e377f79ece4daa09e0de17d9e51284681571c64c12bc7f7049b5deff68b707}]}
2026-04-20 13:12:33,912 INFO [TG_Test 1-63] o.a.j.p.j.s.J.Create payload: Payload={"data":{"order_type":"DISMISSAL","order_number":"4180","order_date":"2026-04-20","files":[{"id":"eda1c2d0-0c5c-4454-907d-7f8537f476c7","checksum":"15e377f79ece4daa09e0de17d9e51284681571c64c12bc7f7049b5deff68b707"}],"birthday":"1980-06-18"}}
2026-04-20 13:12:33,921 INFO [TG_Test 1-87] o.a.j.p.j.s.J.Create payload: formData={"id":"727e5843-3ca1-11f1-beaf-0a580a80027a","taskDefinitionKey":"signPersonProfileActivity","name":"Підписати дані про освітній профіль","assignee":"perf-test-officer-87","created":"2026-04-20T10:12:33.348Z","description":null,"processInstanceId":"6fc4692d-3ca1-11f1-beaf-0a580a80027a","rootProcessInstanceId":"6fc4692d-3ca1-11f1-beaf-0a580a80027a","processDefinitionId":"b29a4815-3a3c-11f1-9c26-0a580a800265","processDefinitionName":"Процес для перевірки збереження декількох сутностей в рамках однієї транзакції - nested entity","formKey":"feature-form-add-signd","suspended":false,"formVariables":{},"signatureValidationPack":[],"data":{"first_name":"Таїсія","last_name":"Лахман","second_name":"Анатоліївна","order_date":"2026-04-20","order_number":"5809","order_type":"DISMISSAL","birthday":"1992-07-09","file":[{"id":"b93ad704-a462-44d8-a264-21d63d2a3333","checksum":"15e377f79ece4daa09e0de17d9e51284681571c64c12bc7f7049b5deff68b707"}]},"esign":true}
2026-04-20 13:12:33,921 INFO [TG_Test 1-87] o.a.j.p.j.s.J.Create payload: formData={first_name=Таїсія, last_name=Лахман, second_name=Анатоліївна, order_date=2026-04-20, order_number=5809, order_type=DISMISSAL, birthday=1992-07-09, file=[{id=b93ad704-a462-44d8-a264-21d63d2a3333, checksum=15e377f79ece4daa09e0de17d9e51284681571c64c12bc7f7049b5deff68b707}]}
2026-04-20 13:12:33,921 INFO [TG_Test 1-87] o.a.j.p.j.s.J.Create payload: Payload={"data":{"first_name":"\u0422\u0430\u0457\u0441\u0456\u044f","last_name":"\u041b\u0430\u0445\u043c\u0430\u043d","second_name":"\u0410\u043d\u0430\u0442\u043e\u043b\u0456\u0457\u0432\u043d\u0430","order_date":"2026-04-20","order_number":"5809","order_type":"DISMISSAL","birthday":"1992-07-09","file":[{"id":"b93ad704-a462-44d8-a264-21d63d2a3333","checksum":"15e377f79ece4daa09e0de17d9e51284681571c64c12bc7f7049b5deff68b707"}]},"signature":"perf-test-officer-87.dat"}
2026-04-20 13:12:34,016 INFO [TG_Test 1-43] o.a.j.p.j.s.J.Create payload: formData={"id":"725a7d69-3ca1-11f1-beaf-0a580a80027a","taskDefinitionKey":"signDataActivity","name":"Підписати дані про освітній профіль","assignee":"perf-test-officer-43","created":"2026-04-20T10:12:33.113Z","description":null,"processInstanceId":"6ab2319a-3ca1-11f1-beaf-0a580a80027a","rootProcessInstanceId":"6ab2319a-3ca1-11f1-beaf-0a580a80027a","processDefinitionId":"b29a4815-3a3c-11f1-9c26-0a580a800265","processDefinitionName":"Процес для перевірки збереження декількох сутностей в рамках однієї транзакції - nested entity","formKey":"feature-form-add-fourth","suspended":false,"formVariables":{},"signatureValidationPack":[],"data":{"order_type":"TRANSFER","order_number":"6595","order_date":"2026-04-20","files":[{"id":"185ad1a6-91de-407a-977b-79e7ca6ddfa0","checksum":"15e377f79ece4daa09e0de17d9e51284681571c64c12bc7f7049b5deff68b707"}],"birthday":"2005-01-19"},"esign":true}
2026-04-20 13:12:34,016 INFO [TG_Test 1-43] o.a.j.p.j.s.J.Create payload: formData={order_type=TRANSFER, order_number=6595, order_date=2026-04-20, files=[{id=185ad1a6-91de-407a-977b-79e7ca6ddfa0, checksum=15e377f79ece4daa09e0de17d9e51284681571c64c12bc7f7049b5deff68b707}], birthday=2005-01-19}
2026-04-20 13:12:34,016 INFO [TG_Test 1-43] o.a.j.p.j.s.J.Create payload: Payload={"data":{"order_type":"TRANSFER","order_number":"6595","order_date":"2026-04-20","files":[{"id":"185ad1a6-91de-407a-977b-79e7ca6ddfa0","checksum":"15e377f79ece4daa09e0de17d9e51284681571c64c12bc7f7049b5deff68b707"}],"birthday":"2005-01-19"},"signature":"perf-test-officer-43.dat"}
2026-04-20 13:12:34,033 INFO [TG_Test 1-99] o.a.j.e.J.Set XSRF Token: === [COOKIE MANAGER] XSRF-TOKEN додано успішно: a9224fa5-606f-4afb-bd82-575f84346d42
2026-04-20 13:12:34,059 INFO [TG_Test 1-79] o.a.j.p.j.s.J.Create payload: formData={"id":"72a170cb-3ca1-11f1-beaf-0a580a80027a","taskDefinitionKey":"signPersonProfileActivity","name":"Підписати дані про освітній профіль","assignee":"perf-test-officer-79","created":"2026-04-20T10:12:33.578Z","description":null,"processInstanceId":"6f887110-3ca1-11f1-beaf-0a580a80027a","rootProcessInstanceId":"6f887110-3ca1-11f1-beaf-0a580a80027a","processDefinitionId":"b29a4815-3a3c-11f1-9c26-0a580a800265","processDefinitionName":"Процес для перевірки збереження декількох сутностей в рамках однієї транзакції - nested entity","formKey":"feature-form-add-signd","suspended":false,"formVariables":{},"signatureValidationPack":[],"data":{"first_name":"Братомил","last_name":"Шевченко","second_name":"Іванович","order_date":"2026-04-20","order_number":"2704","order_type":"DISMISSAL","birthday":"1981-05-21","file":[{"id":"f1fcd454-5375-4567-af6c-c274580c45de","checksum":"15e377f79ece4daa09e0de17d9e51284681571c64c12bc7f7049b5deff68b707"}]},"esign":true}
2026-04-20 13:12:34,060 INFO [TG_Test 1-79] o.a.j.p.j.s.J.Create payload: formData={first_name=Братомил, last_name=Шевченко, second_name=Іванович, order_date=2026-04-20, order_number=2704, order_type=DISMISSAL, birthday=1981-05-21, file=[{id=f1fcd454-5375-4567-af6c-c274580c45de, checksum=15e377f79ece4daa09e0de17d9e51284681571c64c12bc7f7049b5deff68b707}]}
2026-04-20 13:12:34,060 INFO [TG_Test 1-79] o.a.j.p.j.s.J.Create payload: Payload={"data":{"first_name":"\u0411\u0440\u0430\u0442\u043e\u043c\u0438\u043b","last_name":"\u0428\u0435\u0432\u0447\u0435\u043d\u043a\u043e","second_name":"\u0406\u0432\u0430\u043d\u043e\u0432\u0438\u0447","order_date":"2026-04-20","order_number":"2704","order_type":"DISMISSAL","birthday":"1981-05-21","file":[{"id":"f1fcd454-5375-4567-af6c-c274580c45de","checksum":"15e377f79ece4daa09e0de17d9e51284681571c64c12bc7f7049b5deff68b707"}]},"signature":"perf-test-officer-79.dat"}
2026-04-20 13:12:34,076 INFO [TG_Test 1-99] o.a.j.p.j.s.J.Create payload: Payload={"data":{"first_name":"\u0412\u2019\u044f\u0447\u0435\u0441\u043b\u0430\u0432","last_name":"\u0423\u043d\u0438\u0447","second_name":"\u0421\u0435\u0440\u0433\u0456\u0439\u043e\u0432\u0438\u0447","order_date":"2026-04-20","order_number":"4262","order_type":"ENROLLMENT","birthday":"2002-12-21","file":[{"id":"b6e79057-2e2d-4d76-872a-cbdadb6dc389","checksum":"15e377f79ece4daa09e0de17d9e51284681571c64c12bc7f7049b5deff68b707"}]}}
2026-04-20 13:12:34,085 INFO [TG_Test 1-70] o.a.j.p.j.s.J.Create payload: formData={"id":"72962625-3ca1-11f1-beaf-0a580a80027a","taskDefinitionKey":"Activity_11jqc4d","name":"переглянути дані та внести зміни","assignee":"perf-test-officer-70","created":"2026-04-20T10:12:33.504Z","description":null,"processInstanceId":"6da11423-3ca1-11f1-beaf-0a580a80027a","rootProcessInstanceId":"6da11423-3ca1-11f1-beaf-0a580a80027a","processDefinitionId":"b29a4815-3a3c-11f1-9c26-0a580a800265","processDefinitionName":"Процес для перевірки збереження декількох сутностей в рамках однієї транзакції - nested entity","formKey":"feature-form-add-thirdform","suspended":false,"formVariables":{},"signatureValidationPack":[],"data":{"order_type":"DISMISSAL","order_number":"2715","order_date":"2026-04-20T13:17:10.952Z","files":[{"id":"eba6713c-5c67-4554-8688-7b2f1ee8da8d","checksum":"15e377f79ece4daa09e0de17d9e51284681571c64c12bc7f7049b5deff68b707"}]},"esign":false}
2026-04-20 13:12:34,085 INFO [TG_Test 1-85] o.a.j.p.j.s.J.Create payload: formData={"id":"726c09b0-3ca1-11f1-beaf-0a580a80027a","taskDefinitionKey":"signPersonProfileActivity","name":"Підписати дані про освітній профіль","assignee":"perf-test-officer-85","created":"2026-04-20T10:12:33.228Z","description":null,"processInstanceId":"6f9c475c-3ca1-11f1-beaf-0a580a80027a","rootProcessInstanceId":"6f9c475c-3ca1-11f1-beaf-0a580a80027a","processDefinitionId":"b29a4815-3a3c-11f1-9c26-0a580a800265","processDefinitionName":"Процес для перевірки збереження декількох сутностей в рамках однієї транзакції - nested entity","formKey":"feature-form-add-signd","suspended":false,"formVariables":{},"signatureValidationPack":[],"data":{"first_name":"Яромир","last_name":"Бердник","second_name":"Сергійович","order_date":"2026-04-20","order_number":"9927","order_type":"TRANSFER","birthday":"1989-04-23","file":[{"id":"37ec1eaa-5fc3-45d5-ac47-e690b87fb21f","checksum":"15e377f79ece4daa09e0de17d9e51284681571c64c12bc7f7049b5deff68b707"}]},"esign":true}
2026-04-20 13:12:34,085 INFO [TG_Test 1-70] o.a.j.p.j.s.J.Create payload: formData={order_type=DISMISSAL, order_number=2715, order_date=2026-04-20T13:17:10.952Z, files=[{id=eba6713c-5c67-4554-8688-7b2f1ee8da8d, checksum=15e377f79ece4daa09e0de17d9e51284681571c64c12bc7f7049b5deff68b707}]}
2026-04-20 13:12:34,085 INFO [TG_Test 1-70] o.a.j.p.j.s.J.Create payload: Payload={"data":{"order_type":"DISMISSAL","order_number":"2715","order_date":"2026-04-20","files":[{"id":"eba6713c-5c67-4554-8688-7b2f1ee8da8d","checksum":"15e377f79ece4daa09e0de17d9e51284681571c64c12bc7f7049b5deff68b707"}],"birthday":"1974-09-29"}}
2026-04-20 13:12:34,085 INFO [TG_Test 1-85] o.a.j.p.j.s.J.Create payload: formData={first_name=Яромир, last_name=Бердник, second_name=Сергійович, order_date=2026-04-20, order_number=9927, order_type=TRANSFER, birthday=1989-04-23, file=[{id=37ec1eaa-5fc3-45d5-ac47-e690b87fb21f, checksum=15e377f79ece4daa09e0de17d9e51284681571c64c12bc7f7049b5deff68b707}]}
2026-04-20 13:12:34,085 INFO [TG_Test 1-85] o.a.j.p.j.s.J.Create payload: Payload={"data":{"first_name":"\u042f\u0440\u043e\u043c\u0438\u0440","last_name":"\u0411\u0435\u0440\u0434\u043d\u0438\u043a","second_name":"\u0421\u0435\u0440\u0433\u0456\u0439\u043e\u0432\u0438\u0447","order_date":"2026-04-20","order_number":"9927","order_type":"TRANSFER","birthday":"1989-04-23","file":[{"id":"37ec1eaa-5fc3-45d5-ac47-e690b87fb21f","checksum":"15e377f79ece4daa09e0de17d9e51284681571c64c12bc7f7049b5deff68b707"}]},"signature":"perf-test-officer-85.dat"}
2026-04-20 13:12:34,176 INFO [TG_Test 1-35] o.a.j.e.J.JSR223 - Clear Cookie: === [SESSION CLEAR] HTTP Cookie Manager очищено ===
2026-04-20 13:12:34,176 INFO [TG_Test 1-35] o.a.j.e.J.JSR223 - Clear Cookie: === [SESSION CLEAR] Змінні авторизації видалено. Готові до логіну Провайдера. ===
2026-04-20 13:12:34,176 INFO [TG_Test 1-35] o.a.j.t.JMeterThread: Stop Thread seen for thread TG_Test 1-35, reason: org.apache.jorphan.util.JMeterStopThreadException: End of file:/home/vlad/diia/projects/perf-testing-methodology/test-data/nested-entity-execution-plan.csv detected for CSV DataSet:CSV - Users Data configured with stopThread:true, recycle:false
2026-04-20 13:12:34,176 INFO [TG_Test 1-35] o.a.j.t.JMeterThread: Thread finished: TG_Test 1-35
2026-04-20 13:12:34,217 INFO [TG_Test 1-65] o.a.j.p.j.s.J.Create payload: formData={"id":"72bf8043-3ca1-11f1-beaf-0a580a80027a","taskDefinitionKey":"Activity_11jqc4d","name":"переглянути дані та внести зміни","assignee":"perf-test-officer-65","created":"2026-04-20T10:12:33.775Z","description":null,"processInstanceId":"6d32e842-3ca1-11f1-beaf-0a580a80027a","rootProcessInstanceId":"6d32e842-3ca1-11f1-beaf-0a580a80027a","processDefinitionId":"b29a4815-3a3c-11f1-9c26-0a580a800265","processDefinitionName":"Процес для перевірки збереження декількох сутностей в рамках однієї транзакції - nested entity","formKey":"feature-form-add-thirdform","suspended":false,"formVariables":{},"signatureValidationPack":[],"data":{"order_type":"TRANSFER","order_number":"9364","order_date":"2026-04-20T13:17:10.952Z","files":[{"id":"64a52728-5f52-4000-b7d2-6e7dc80808c9","checksum":"15e377f79ece4daa09e0de17d9e51284681571c64c12bc7f7049b5deff68b707"}]},"esign":false}
2026-04-20 13:12:34,217 INFO [TG_Test 1-65] o.a.j.p.j.s.J.Create payload: formData={order_type=TRANSFER, order_number=9364, order_date=2026-04-20T13:17:10.952Z, files=[{id=64a52728-5f52-4000-b7d2-6e7dc80808c9, checksum=15e377f79ece4daa09e0de17d9e51284681571c64c12bc7f7049b5deff68b707}]}
2026-04-20 13:12:34,217 INFO [TG_Test 1-65] o.a.j.p.j.s.J.Create payload: Payload={"data":{"order_type":"TRANSFER","order_number":"9364","order_date":"2026-04-20","files":[{"id":"64a52728-5f52-4000-b7d2-6e7dc80808c9","checksum":"15e377f79ece4daa09e0de17d9e51284681571c64c12bc7f7049b5deff68b707"}],"birthday":"1975-05-29"}}
2026-04-20 13:12:34,220 INFO [TG_Test 1-100] o.a.j.e.J.Set XSRF Token: === [COOKIE MANAGER] XSRF-TOKEN додано успішно: 267b7ff2-4a4c-40dc-96b4-c3ccd39c5e02
2026-04-20 13:12:34,234 INFO [TG_Test 1-56] o.a.j.p.j.s.J.Create payload: formData={"id":"72c2dbaa-3ca1-11f1-beaf-0a580a80027a","taskDefinitionKey":"signDataActivity","name":"Підписати дані про освітній профіль","assignee":"perf-test-officer-56","created":"2026-04-20T10:12:33.797Z","description":null,"processInstanceId":"6c04c877-3ca1-11f1-beaf-0a580a80027a","rootProcessInstanceId":"6c04c877-3ca1-11f1-beaf-0a580a80027a","processDefinitionId":"b29a4815-3a3c-11f1-9c26-0a580a800265","processDefinitionName":"Процес для перевірки збереження декількох сутностей в рамках однієї транзакції - nested entity","formKey":"feature-form-add-fourth","suspended":false,"formVariables":{},"signatureValidationPack":[],"data":{"order_type":"ENROLLMENT","order_number":"2877","order_date":"2026-04-20","files":[{"id":"8f3b05e4-3468-48ee-b547-840162981deb","checksum":"15e377f79ece4daa09e0de17d9e51284681571c64c12bc7f7049b5deff68b707"}],"birthday":"2005-03-26"},"esign":true}
2026-04-20 13:12:34,234 INFO [TG_Test 1-56] o.a.j.p.j.s.J.Create payload: formData={order_type=ENROLLMENT, order_number=2877, order_date=2026-04-20, files=[{id=8f3b05e4-3468-48ee-b547-840162981deb, checksum=15e377f79ece4daa09e0de17d9e51284681571c64c12bc7f7049b5deff68b707}], birthday=2005-03-26}
2026-04-20 13:12:34,234 INFO [TG_Test 1-56] o.a.j.p.j.s.J.Create payload: Payload={"data":{"order_type":"ENROLLMENT","order_number":"2877","order_date":"2026-04-20","files":[{"id":"8f3b05e4-3468-48ee-b547-840162981deb","checksum":"15e377f79ece4daa09e0de17d9e51284681571c64c12bc7f7049b5deff68b707"}],"birthday":"2005-03-26"},"signature":"perf-test-officer-56.dat"}
2026-04-20 13:12:34,236 INFO [TG_Test 1-48] o.a.j.p.j.s.J.Create payload: formData={"id":"72d7c370-3ca1-11f1-beaf-0a580a80027a","taskDefinitionKey":"signDataActivity","name":"Підписати дані про освітній профіль","assignee":"perf-test-officer-48","created":"2026-04-20T10:12:33.934Z","description":null,"processInstanceId":"6b67ec29-3ca1-11f1-beaf-0a580a80027a","rootProcessInstanceId":"6b67ec29-3ca1-11f1-beaf-0a580a80027a","processDefinitionId":"b29a4815-3a3c-11f1-9c26-0a580a800265","processDefinitionName":"Процес для перевірки збереження декількох сутностей в рамках однієї транзакції - nested entity","formKey":"feature-form-add-fourth","suspended":false,"formVariables":{},"signatureValidationPack":[],"data":{"order_type":"TRANSFER","order_number":"8483","order_date":"2026-04-20","files":[{"id":"637c17e6-974c-405b-ba15-f76f7bb114c1","checksum":"15e377f79ece4daa09e0de17d9e51284681571c64c12bc7f7049b5deff68b707"}],"birthday":"1993-05-26"},"esign":true}
2026-04-20 13:12:34,236 INFO [TG_Test 1-48] o.a.j.p.j.s.J.Create payload: formData={order_type=TRANSFER, order_number=8483, order_date=2026-04-20, files=[{id=637c17e6-974c-405b-ba15-f76f7bb114c1, checksum=15e377f79ece4daa09e0de17d9e51284681571c64c12bc7f7049b5deff68b707}], birthday=1993-05-26}
2026-04-20 13:12:34,236 INFO [TG_Test 1-48] o.a.j.p.j.s.J.Create payload: Payload={"data":{"order_type":"TRANSFER","order_number":"8483","order_date":"2026-04-20","files":[{"id":"637c17e6-974c-405b-ba15-f76f7bb114c1","checksum":"15e377f79ece4daa09e0de17d9e51284681571c64c12bc7f7049b5deff68b707"}],"birthday":"1993-05-26"},"signature":"perf-test-officer-48.dat"}
2026-04-20 13:12:34,252 INFO [TG_Test 1-55] o.a.j.p.j.s.J.Create payload: formData={"id":"72c4624f-3ca1-11f1-beaf-0a580a80027a","taskDefinitionKey":"signDataActivity","name":"Підписати дані про освітній профіль","assignee":"perf-test-officer-55","created":"2026-04-20T10:12:33.807Z","description":null,"processInstanceId":"6bc6d5b8-3ca1-11f1-beaf-0a580a80027a","rootProcessInstanceId":"6bc6d5b8-3ca1-11f1-beaf-0a580a80027a","processDefinitionId":"b29a4815-3a3c-11f1-9c26-0a580a800265","processDefinitionName":"Процес для перевірки збереження декількох сутностей в рамках однієї транзакції - nested entity","formKey":"feature-form-add-fourth","suspended":false,"formVariables":{},"signatureValidationPack":[],"data":{"order_type":"DISMISSAL","order_number":"5533","order_date":"2026-04-20","files":[{"id":"7b5596ce-189c-4733-b195-e5179136e890","checksum":"15e377f79ece4daa09e0de17d9e51284681571c64c12bc7f7049b5deff68b707"}],"birthday":"1988-04-29"},"esign":true}
2026-04-20 13:12:34,252 INFO [TG_Test 1-55] o.a.j.p.j.s.J.Create payload: formData={order_type=DISMISSAL, order_number=5533, order_date=2026-04-20, files=[{id=7b5596ce-189c-4733-b195-e5179136e890, checksum=15e377f79ece4daa09e0de17d9e51284681571c64c12bc7f7049b5deff68b707}], birthday=1988-04-29}
2026-04-20 13:12:34,252 INFO [TG_Test 1-55] o.a.j.p.j.s.J.Create payload: Payload={"data":{"order_type":"DISMISSAL","order_number":"5533","order_date":"2026-04-20","files":[{"id":"7b5596ce-189c-4733-b195-e5179136e890","checksum":"15e377f79ece4daa09e0de17d9e51284681571c64c12bc7f7049b5deff68b707"}],"birthday":"1988-04-29"},"signature":"perf-test-officer-55.dat"}
2026-04-20 13:12:34,263 INFO [TG_Test 1-68] o.a.j.p.j.s.J.Create payload: formData={"id":"72cc2a91-3ca1-11f1-beaf-0a580a80027a","taskDefinitionKey":"Activity_11jqc4d","name":"переглянути дані та внести зміни","assignee":"perf-test-officer-68","created":"2026-04-20T10:12:33.858Z","description":null,"processInstanceId":"6da977aa-3ca1-11f1-beaf-0a580a80027a","rootProcessInstanceId":"6da977aa-3ca1-11f1-beaf-0a580a80027a","processDefinitionId":"b29a4815-3a3c-11f1-9c26-0a580a800265","processDefinitionName":"Процес для перевірки збереження декількох сутностей в рамках однієї транзакції - nested entity","formKey":"feature-form-add-thirdform","suspended":false,"formVariables":{},"signatureValidationPack":[],"data":{"order_type":"ENROLLMENT","order_number":"1703","order_date":"2026-04-20T13:17:10.952Z","files":[{"id":"f8563f85-37ef-4452-989d-8573afc55442","checksum":"15e377f79ece4daa09e0de17d9e51284681571c64c12bc7f7049b5deff68b707"}]},"esign":false}
2026-04-20 13:12:34,263 INFO [TG_Test 1-68] o.a.j.p.j.s.J.Create payload: formData={order_type=ENROLLMENT, order_number=1703, order_date=2026-04-20T13:17:10.952Z, files=[{id=f8563f85-37ef-4452-989d-8573afc55442, checksum=15e377f79ece4daa09e0de17d9e51284681571c64c12bc7f7049b5deff68b707}]}
2026-04-20 13:12:34,263 INFO [TG_Test 1-68] o.a.j.p.j.s.J.Create payload: Payload={"data":{"order_type":"ENROLLMENT","order_number":"1703","order_date":"2026-04-20","files":[{"id":"f8563f85-37ef-4452-989d-8573afc55442","checksum":"15e377f79ece4daa09e0de17d9e51284681571c64c12bc7f7049b5deff68b707"}],"birthday":"2007-09-16"}}
2026-04-20 13:12:34,263 INFO [TG_Test 1-100] o.a.j.p.j.s.J.Create payload: Payload={"data":{"first_name":"\u0412\u043b\u0430\u0434\u0430","last_name":"\u041f\u0440\u0438\u0439\u043c\u0430\u043a","second_name":"\u0421\u0435\u0440\u0433\u0456\u0457\u0432\u043d\u0430","order_date":"2026-04-20","order_number":"3980","order_type":"ENROLLMENT","birthday":"1970-08-23","file":[{"id":"f3721975-8d8c-405f-b196-c77acdfc3eac","checksum":"15e377f79ece4daa09e0de17d9e51284681571c64c12bc7f7049b5deff68b707"}]}}
2026-04-20 13:12:34,267 INFO [TG_Test 1-90] o.a.j.p.j.s.J.Create payload: formData={"id":"72a89cc9-3ca1-11f1-beaf-0a580a80027a","taskDefinitionKey":"signPersonProfileActivity","name":"Підписати дані про освітній профіль","assignee":"perf-test-officer-90","created":"2026-04-20T10:12:33.625Z","description":null,"processInstanceId":"7001989e-3ca1-11f1-beaf-0a580a80027a","rootProcessInstanceId":"7001989e-3ca1-11f1-beaf-0a580a80027a","processDefinitionId":"b29a4815-3a3c-11f1-9c26-0a580a800265","processDefinitionName":"Процес для перевірки збереження декількох сутностей в рамках однієї транзакції - nested entity","formKey":"feature-form-add-signd","suspended":false,"formVariables":{},"signatureValidationPack":[],"data":{"first_name":"Ганна","last_name":"Ярмак","second_name":"Петрівна","order_date":"2026-04-20","order_number":"5611","order_type":"TRANSFER","birthday":"1983-03-30","file":[{"id":"179a1d43-e390-4638-af06-caf5c3369147","checksum":"15e377f79ece4daa09e0de17d9e51284681571c64c12bc7f7049b5deff68b707"}]},"esign":true}
2026-04-20 13:12:34,267 INFO [TG_Test 1-90] o.a.j.p.j.s.J.Create payload: formData={first_name=Ганна, last_name=Ярмак, second_name=Петрівна, order_date=2026-04-20, order_number=5611, order_type=TRANSFER, birthday=1983-03-30, file=[{id=179a1d43-e390-4638-af06-caf5c3369147, checksum=15e377f79ece4daa09e0de17d9e51284681571c64c12bc7f7049b5deff68b707}]}
2026-04-20 13:12:34,267 INFO [TG_Test 1-90] o.a.j.p.j.s.J.Create payload: Payload={"data":{"first_name":"\u0413\u0430\u043d\u043d\u0430","last_name":"\u042f\u0440\u043c\u0430\u043a","second_name":"\u041f\u0435\u0442\u0440\u0456\u0432\u043d\u0430","order_date":"2026-04-20","order_number":"5611","order_type":"TRANSFER","birthday":"1983-03-30","file":[{"id":"179a1d43-e390-4638-af06-caf5c3369147","checksum":"15e377f79ece4daa09e0de17d9e51284681571c64c12bc7f7049b5deff68b707"}]},"signature":"perf-test-officer-90.dat"}
2026-04-20 13:12:34,267 INFO [TG_Test 1-89] o.a.j.p.j.s.J.Create payload: formData={"id":"72d7ea81-3ca1-11f1-beaf-0a580a80027a","taskDefinitionKey":"signPersonProfileActivity","name":"Підписати дані про освітній профіль","assignee":"perf-test-officer-89","created":"2026-04-20T10:12:33.935Z","description":null,"processInstanceId":"70457fcd-3ca1-11f1-beaf-0a580a80027a","rootProcessInstanceId":"70457fcd-3ca1-11f1-beaf-0a580a80027a","processDefinitionId":"b29a4815-3a3c-11f1-9c26-0a580a800265","processDefinitionName":"Процес для перевірки збереження декількох сутностей в рамках однієї транзакції - nested entity","formKey":"feature-form-add-signd","suspended":false,"formVariables":{},"signatureValidationPack":[],"data":{"first_name":"Степан","last_name":"Мазайло","second_name":"Сергійович","order_date":"2026-04-20","order_number":"6891","order_type":"TRANSFER","birthday":"2007-07-02","file":[{"id":"ce440686-28cf-4321-bc38-a1225e4a5a8d","checksum":"15e377f79ece4daa09e0de17d9e51284681571c64c12bc7f7049b5deff68b707"}]},"esign":true}
2026-04-20 13:12:34,267 INFO [TG_Test 1-89] o.a.j.p.j.s.J.Create payload: formData={first_name=Степан, last_name=Мазайло, second_name=Сергійович, order_date=2026-04-20, order_number=6891, order_type=TRANSFER, birthday=2007-07-02, file=[{id=ce440686-28cf-4321-bc38-a1225e4a5a8d, checksum=15e377f79ece4daa09e0de17d9e51284681571c64c12bc7f7049b5deff68b707}]}
2026-04-20 13:12:34,267 INFO [TG_Test 1-89] o.a.j.p.j.s.J.Create payload: Payload={"data":{"first_name":"\u0421\u0442\u0435\u043f\u0430\u043d","last_name":"\u041c\u0430\u0437\u0430\u0439\u043b\u043e","second_name":"\u0421\u0435\u0440\u0433\u0456\u0439\u043e\u0432\u0438\u0447","order_date":"2026-04-20","order_number":"6891","order_type":"TRANSFER","birthday":"2007-07-02","file":[{"id":"ce440686-28cf-4321-bc38-a1225e4a5a8d","checksum":"15e377f79ece4daa09e0de17d9e51284681571c64c12bc7f7049b5deff68b707"}]},"signature":"perf-test-officer-89.dat"}
2026-04-20 13:12:34,271 INFO [TG_Test 1-91] o.a.j.p.j.s.J.Create payload: formData={"id":"72ca2eb5-3ca1-11f1-beaf-0a580a80027a","taskDefinitionKey":"signPersonProfileActivity","name":"Підписати дані про освітній профіль","assignee":"perf-test-officer-91","created":"2026-04-20T10:12:33.845Z","description":null,"processInstanceId":"7026acfa-3ca1-11f1-beaf-0a580a80027a","rootProcessInstanceId":"7026acfa-3ca1-11f1-beaf-0a580a80027a","processDefinitionId":"b29a4815-3a3c-11f1-9c26-0a580a800265","processDefinitionName":"Процес для перевірки збереження декількох сутностей в рамках однієї транзакції - nested entity","formKey":"feature-form-add-signd","suspended":false,"formVariables":{},"signatureValidationPack":[],"data":{"first_name":"Ростислав","last_name":"Зленко","second_name":"Петрович","order_date":"2026-04-20","order_number":"8288","order_type":"DISMISSAL","birthday":"1968-02-08","file":[{"id":"5d7e4ae0-1203-498d-8bb5-ebeed2552499","checksum":"15e377f79ece4daa09e0de17d9e51284681571c64c12bc7f7049b5deff68b707"}]},"esign":true}
2026-04-20 13:12:34,271 INFO [TG_Test 1-91] o.a.j.p.j.s.J.Create payload: formData={first_name=Ростислав, last_name=Зленко, second_name=Петрович, order_date=2026-04-20, order_number=8288, order_type=DISMISSAL, birthday=1968-02-08, file=[{id=5d7e4ae0-1203-498d-8bb5-ebeed2552499, checksum=15e377f79ece4daa09e0de17d9e51284681571c64c12bc7f7049b5deff68b707}]}
2026-04-20 13:12:34,271 INFO [TG_Test 1-91] o.a.j.p.j.s.J.Create payload: Payload={"data":{"first_name":"\u0420\u043e\u0441\u0442\u0438\u0441\u043b\u0430\u0432","last_name":"\u0417\u043b\u0435\u043d\u043a\u043e","second_name":"\u041f\u0435\u0442\u0440\u043e\u0432\u0438\u0447","order_date":"2026-04-20","order_number":"8288","order_type":"DISMISSAL","birthday":"1968-02-08","file":[{"id":"5d7e4ae0-1203-498d-8bb5-ebeed2552499","checksum":"15e377f79ece4daa09e0de17d9e51284681571c64c12bc7f7049b5deff68b707"}]},"signature":"perf-test-officer-91.dat"}
2026-04-20 13:12:34,297 INFO [TG_Test 1-88] o.a.j.p.j.s.J.Create payload: formData={"id":"72d77549-3ca1-11f1-beaf-0a580a80027a","taskDefinitionKey":"signPersonProfileActivity","name":"Підписати дані про освітній профіль","assignee":"perf-test-officer-88","created":"2026-04-20T10:12:33.932Z","description":null,"processInstanceId":"70326cda-3ca1-11f1-beaf-0a580a80027a","rootProcessInstanceId":"70326cda-3ca1-11f1-beaf-0a580a80027a","processDefinitionId":"b29a4815-3a3c-11f1-9c26-0a580a800265","processDefinitionName":"Процес для перевірки збереження декількох сутностей в рамках однієї транзакції - nested entity","formKey":"feature-form-add-signd","suspended":false,"formVariables":{},"signatureValidationPack":[],"data":{"first_name":"Мотря","last_name":"Гарун","second_name":"Анатоліївна","order_date":"2026-04-20","order_number":"3842","order_type":"ENROLLMENT","birthday":"1983-08-10","file":[{"id":"87851cd8-b75a-4f65-911f-1a7390d6a33c","checksum":"15e377f79ece4daa09e0de17d9e51284681571c64c12bc7f7049b5deff68b707"}]},"esign":true}
2026-04-20 13:12:34,297 INFO [TG_Test 1-88] o.a.j.p.j.s.J.Create payload: formData={first_name=Мотря, last_name=Гарун, second_name=Анатоліївна, order_date=2026-04-20, order_number=3842, order_type=ENROLLMENT, birthday=1983-08-10, file=[{id=87851cd8-b75a-4f65-911f-1a7390d6a33c, checksum=15e377f79ece4daa09e0de17d9e51284681571c64c12bc7f7049b5deff68b707}]}
2026-04-20 13:12:34,297 INFO [TG_Test 1-88] o.a.j.p.j.s.J.Create payload: Payload={"data":{"first_name":"\u041c\u043e\u0442\u0440\u044f","last_name":"\u0413\u0430\u0440\u0443\u043d","second_name":"\u0410\u043d\u0430\u0442\u043e\u043b\u0456\u0457\u0432\u043d\u0430","order_date":"2026-04-20","order_number":"3842","order_type":"ENROLLMENT","birthday":"1983-08-10","file":[{"id":"87851cd8-b75a-4f65-911f-1a7390d6a33c","checksum":"15e377f79ece4daa09e0de17d9e51284681571c64c12bc7f7049b5deff68b707"}]},"signature":"perf-test-officer-88.dat"}
2026-04-20 13:12:34,320 INFO [TG_Test 1-69] o.a.j.p.j.s.J.Create payload: formData={"id":"72e94fba-3ca1-11f1-beaf-0a580a80027a","taskDefinitionKey":"Activity_11jqc4d","name":"переглянути дані та внести зміни","assignee":"perf-test-officer-69","created":"2026-04-20T10:12:34.049Z","description":null,"processInstanceId":"6d45ad14-3ca1-11f1-beaf-0a580a80027a","rootProcessInstanceId":"6d45ad14-3ca1-11f1-beaf-0a580a80027a","processDefinitionId":"b29a4815-3a3c-11f1-9c26-0a580a800265","processDefinitionName":"Процес для перевірки збереження декількох сутностей в рамках однієї транзакції - nested entity","formKey":"feature-form-add-thirdform","suspended":false,"formVariables":{},"signatureValidationPack":[],"data":{"order_type":"TRANSFER","order_number":"2102","order_date":"2026-04-20T13:17:10.952Z","files":[{"id":"cbf059b7-5da3-40cc-b24b-6d07b9acf55c","checksum":"15e377f79ece4daa09e0de17d9e51284681571c64c12bc7f7049b5deff68b707"}]},"esign":false}
2026-04-20 13:12:34,320 INFO [TG_Test 1-69] o.a.j.p.j.s.J.Create payload: formData={order_type=TRANSFER, order_number=2102, order_date=2026-04-20T13:17:10.952Z, files=[{id=cbf059b7-5da3-40cc-b24b-6d07b9acf55c, checksum=15e377f79ece4daa09e0de17d9e51284681571c64c12bc7f7049b5deff68b707}]}
2026-04-20 13:12:34,321 INFO [TG_Test 1-69] o.a.j.p.j.s.J.Create payload: Payload={"data":{"order_type":"TRANSFER","order_number":"2102","order_date":"2026-04-20","files":[{"id":"cbf059b7-5da3-40cc-b24b-6d07b9acf55c","checksum":"15e377f79ece4daa09e0de17d9e51284681571c64c12bc7f7049b5deff68b707"}],"birthday":"2007-05-02"}}
2026-04-20 13:12:34,346 INFO [TG_Test 1-93] o.a.j.p.j.s.J.Create payload: formData={"id":"72eef512-3ca1-11f1-beaf-0a580a80027a","taskDefinitionKey":"signPersonProfileActivity","name":"Підписати дані про освітній профіль","assignee":"perf-test-officer-93","created":"2026-04-20T10:12:34.086Z","description":null,"processInstanceId":"704f43f0-3ca1-11f1-beaf-0a580a80027a","rootProcessInstanceId":"704f43f0-3ca1-11f1-beaf-0a580a80027a","processDefinitionId":"b29a4815-3a3c-11f1-9c26-0a580a800265","processDefinitionName":"Процес для перевірки збереження декількох сутностей в рамках однієї транзакції - nested entity","formKey":"feature-form-add-signd","suspended":false,"formVariables":{},"signatureValidationPack":[],"data":{"first_name":"Марічка","last_name":"Стахів","second_name":"Василівна","order_date":"2026-04-20","order_number":"2520","order_type":"TRANSFER","birthday":"1988-11-14","file":[{"id":"e73c3df4-399b-41d7-9406-3804898f4cb9","checksum":"15e377f79ece4daa09e0de17d9e51284681571c64c12bc7f7049b5deff68b707"}]},"esign":true}
2026-04-20 13:12:34,346 INFO [TG_Test 1-93] o.a.j.p.j.s.J.Create payload: formData={first_name=Марічка, last_name=Стахів, second_name=Василівна, order_date=2026-04-20, order_number=2520, order_type=TRANSFER, birthday=1988-11-14, file=[{id=e73c3df4-399b-41d7-9406-3804898f4cb9, checksum=15e377f79ece4daa09e0de17d9e51284681571c64c12bc7f7049b5deff68b707}]}
2026-04-20 13:12:34,346 INFO [TG_Test 1-93] o.a.j.p.j.s.J.Create payload: Payload={"data":{"first_name":"\u041c\u0430\u0440\u0456\u0447\u043a\u0430","last_name":"\u0421\u0442\u0430\u0445\u0456\u0432","second_name":"\u0412\u0430\u0441\u0438\u043b\u0456\u0432\u043d\u0430","order_date":"2026-04-20","order_number":"2520","order_type":"TRANSFER","birthday":"1988-11-14","file":[{"id":"e73c3df4-399b-41d7-9406-3804898f4cb9","checksum":"15e377f79ece4daa09e0de17d9e51284681571c64c12bc7f7049b5deff68b707"}]},"signature":"perf-test-officer-93.dat"}
2026-04-20 13:12:34,389 INFO [TG_Test 1-49] o.a.j.p.j.s.J.Create payload: formData={"id":"72e94fb1-3ca1-11f1-beaf-0a580a80027a","taskDefinitionKey":"signDataActivity","name":"Підписати дані про освітній профіль","assignee":"perf-test-officer-49","created":"2026-04-20T10:12:34.049Z","description":null,"processInstanceId":"6bb1edfd-3ca1-11f1-beaf-0a580a80027a","rootProcessInstanceId":"6bb1edfd-3ca1-11f1-beaf-0a580a80027a","processDefinitionId":"b29a4815-3a3c-11f1-9c26-0a580a800265","processDefinitionName":"Процес для перевірки збереження декількох сутностей в рамках однієї транзакції - nested entity","formKey":"feature-form-add-fourth","suspended":false,"formVariables":{},"signatureValidationPack":[],"data":{"order_type":"TRANSFER","order_number":"9628","order_date":"2026-04-20","files":[{"id":"eb29cfec-6b95-4506-8b63-918208a9cf4c","checksum":"15e377f79ece4daa09e0de17d9e51284681571c64c12bc7f7049b5deff68b707"}],"birthday":"1990-06-29"},"esign":true}
2026-04-20 13:12:34,390 INFO [TG_Test 1-49] o.a.j.p.j.s.J.Create payload: formData={order_type=TRANSFER, order_number=9628, order_date=2026-04-20, files=[{id=eb29cfec-6b95-4506-8b63-918208a9cf4c, checksum=15e377f79ece4daa09e0de17d9e51284681571c64c12bc7f7049b5deff68b707}], birthday=1990-06-29}
2026-04-20 13:12:34,390 INFO [TG_Test 1-49] o.a.j.p.j.s.J.Create payload: Payload={"data":{"order_type":"TRANSFER","order_number":"9628","order_date":"2026-04-20","files":[{"id":"eb29cfec-6b95-4506-8b63-918208a9cf4c","checksum":"15e377f79ece4daa09e0de17d9e51284681571c64c12bc7f7049b5deff68b707"}],"birthday":"1990-06-29"},"signature":"perf-test-officer-49.dat"}
2026-04-20 13:12:34,415 INFO [TG_Test 1-52] o.a.j.p.j.s.J.Create payload: formData={"id":"72f313c8-3ca1-11f1-beaf-0a580a80027a","taskDefinitionKey":"signDataActivity","name":"Підписати дані про освітній профіль","assignee":"perf-test-officer-52","created":"2026-04-20T10:12:34.113Z","description":null,"processInstanceId":"6b7fe126-3ca1-11f1-beaf-0a580a80027a","rootProcessInstanceId":"6b7fe126-3ca1-11f1-beaf-0a580a80027a","processDefinitionId":"b29a4815-3a3c-11f1-9c26-0a580a800265","processDefinitionName":"Процес для перевірки збереження декількох сутностей в рамках однієї транзакції - nested entity","formKey":"feature-form-add-fourth","suspended":false,"formVariables":{},"signatureValidationPack":[],"data":{"order_type":"ENROLLMENT","order_number":"2362","order_date":"2026-04-20","files":[{"id":"a7722337-4955-4350-b0c1-6f4981dad6c0","checksum":"15e377f79ece4daa09e0de17d9e51284681571c64c12bc7f7049b5deff68b707"}],"birthday":"1983-08-29"},"esign":true}
2026-04-20 13:12:34,415 INFO [TG_Test 1-52] o.a.j.p.j.s.J.Create payload: formData={order_type=ENROLLMENT, order_number=2362, order_date=2026-04-20, files=[{id=a7722337-4955-4350-b0c1-6f4981dad6c0, checksum=15e377f79ece4daa09e0de17d9e51284681571c64c12bc7f7049b5deff68b707}], birthday=1983-08-29}
2026-04-20 13:12:34,415 INFO [TG_Test 1-52] o.a.j.p.j.s.J.Create payload: Payload={"data":{"order_type":"ENROLLMENT","order_number":"2362","order_date":"2026-04-20","files":[{"id":"a7722337-4955-4350-b0c1-6f4981dad6c0","checksum":"15e377f79ece4daa09e0de17d9e51284681571c64c12bc7f7049b5deff68b707"}],"birthday":"1983-08-29"},"signature":"perf-test-officer-52.dat"}
2026-04-20 13:12:34,582 INFO [TG_Test 1-94] o.a.j.p.j.s.J.Create payload: formData={"id":"73167a7b-3ca1-11f1-beaf-0a580a80027a","taskDefinitionKey":"signPersonProfileActivity","name":"Підписати дані про освітній профіль","assignee":"perf-test-officer-94","created":"2026-04-20T10:12:34.345Z","description":null,"processInstanceId":"7091f1c0-3ca1-11f1-beaf-0a580a80027a","rootProcessInstanceId":"7091f1c0-3ca1-11f1-beaf-0a580a80027a","processDefinitionId":"b29a4815-3a3c-11f1-9c26-0a580a800265","processDefinitionName":"Процес для перевірки збереження декількох сутностей в рамках однієї транзакції - nested entity","formKey":"feature-form-add-signd","suspended":false,"formVariables":{},"signatureValidationPack":[],"data":{"first_name":"Сміяна","last_name":"Дзюба","second_name":"Петрівна","order_date":"2026-04-20","order_number":"4846","order_type":"TRANSFER","birthday":"1966-10-28","file":[{"id":"670f5acf-5f86-408b-a6c9-4a7c4ef0b774","checksum":"15e377f79ece4daa09e0de17d9e51284681571c64c12bc7f7049b5deff68b707"}]},"esign":true}
2026-04-20 13:12:34,582 INFO [TG_Test 1-94] o.a.j.p.j.s.J.Create payload: formData={first_name=Сміяна, last_name=Дзюба, second_name=Петрівна, order_date=2026-04-20, order_number=4846, order_type=TRANSFER, birthday=1966-10-28, file=[{id=670f5acf-5f86-408b-a6c9-4a7c4ef0b774, checksum=15e377f79ece4daa09e0de17d9e51284681571c64c12bc7f7049b5deff68b707}]}
2026-04-20 13:12:34,582 INFO [TG_Test 1-94] o.a.j.p.j.s.J.Create payload: Payload={"data":{"first_name":"\u0421\u043c\u0456\u044f\u043d\u0430","last_name":"\u0414\u0437\u044e\u0431\u0430","second_name":"\u041f\u0435\u0442\u0440\u0456\u0432\u043d\u0430","order_date":"2026-04-20","order_number":"4846","order_type":"TRANSFER","birthday":"1966-10-28","file":[{"id":"670f5acf-5f86-408b-a6c9-4a7c4ef0b774","checksum":"15e377f79ece4daa09e0de17d9e51284681571c64c12bc7f7049b5deff68b707"}]},"signature":"perf-test-officer-94.dat"}
2026-04-20 13:12:34,582 INFO [TG_Test 1-97] o.a.j.p.j.s.J.Create payload: formData={"id":"73095afa-3ca1-11f1-beaf-0a580a80027a","taskDefinitionKey":"signPersonProfileActivity","name":"Підписати дані про освітній профіль","assignee":"perf-test-officer-97","created":"2026-04-20T10:12:34.259Z","description":null,"processInstanceId":"70848424-3ca1-11f1-beaf-0a580a80027a","rootProcessInstanceId":"70848424-3ca1-11f1-beaf-0a580a80027a","processDefinitionId":"b29a4815-3a3c-11f1-9c26-0a580a800265","processDefinitionName":"Процес для перевірки збереження декількох сутностей в рамках однієї транзакції - nested entity","formKey":"feature-form-add-signd","suspended":false,"formVariables":{},"signatureValidationPack":[],"data":{"first_name":"Мирослав","last_name":"Галаєнко","second_name":"Сергійович","order_date":"2026-04-20","order_number":"6200","order_type":"DISMISSAL","birthday":"1991-10-09","file":[{"id":"5f571474-4d7a-473c-be3a-ed3aedb44885","checksum":"15e377f79ece4daa09e0de17d9e51284681571c64c12bc7f7049b5deff68b707"}]},"esign":true}
2026-04-20 13:12:34,582 INFO [TG_Test 1-97] o.a.j.p.j.s.J.Create payload: formData={first_name=Мирослав, last_name=Галаєнко, second_name=Сергійович, order_date=2026-04-20, order_number=6200, order_type=DISMISSAL, birthday=1991-10-09, file=[{id=5f571474-4d7a-473c-be3a-ed3aedb44885, checksum=15e377f79ece4daa09e0de17d9e51284681571c64c12bc7f7049b5deff68b707}]}
2026-04-20 13:12:34,582 INFO [TG_Test 1-97] o.a.j.p.j.s.J.Create payload: Payload={"data":{"first_name":"\u041c\u0438\u0440\u043e\u0441\u043b\u0430\u0432","last_name":"\u0413\u0430\u043b\u0430\u0454\u043d\u043a\u043e","second_name":"\u0421\u0435\u0440\u0433\u0456\u0439\u043e\u0432\u0438\u0447","order_date":"2026-04-20","order_number":"6200","order_type":"DISMISSAL","birthday":"1991-10-09","file":[{"id":"5f571474-4d7a-473c-be3a-ed3aedb44885","checksum":"15e377f79ece4daa09e0de17d9e51284681571c64c12bc7f7049b5deff68b707"}]},"signature":"perf-test-officer-97.dat"}
2026-04-20 13:12:34,584 INFO [TG_Test 1-31] o.a.j.e.J.JSR223 - Clear Cookie: === [SESSION CLEAR] HTTP Cookie Manager очищено ===
2026-04-20 13:12:34,584 INFO [TG_Test 1-31] o.a.j.e.J.JSR223 - Clear Cookie: === [SESSION CLEAR] Змінні авторизації видалено. Готові до логіну Провайдера. ===
2026-04-20 13:12:34,584 INFO [TG_Test 1-31] o.a.j.t.JMeterThread: Stop Thread seen for thread TG_Test 1-31, reason: org.apache.jorphan.util.JMeterStopThreadException: End of file:/home/vlad/diia/projects/perf-testing-methodology/test-data/nested-entity-execution-plan.csv detected for CSV DataSet:CSV - Users Data configured with stopThread:true, recycle:false
2026-04-20 13:12:34,584 INFO [TG_Test 1-31] o.a.j.t.JMeterThread: Thread finished: TG_Test 1-31
2026-04-20 13:12:34,615 INFO [TG_Test 1-53] o.a.j.p.j.s.J.Create payload: formData={"id":"73226078-3ca1-11f1-beaf-0a580a80027a","taskDefinitionKey":"signDataActivity","name":"Підписати дані про освітній профіль","assignee":"perf-test-officer-53","created":"2026-04-20T10:12:34.423Z","description":null,"processInstanceId":"6ba4805e-3ca1-11f1-beaf-0a580a80027a","rootProcessInstanceId":"6ba4805e-3ca1-11f1-beaf-0a580a80027a","processDefinitionId":"b29a4815-3a3c-11f1-9c26-0a580a800265","processDefinitionName":"Процес для перевірки збереження декількох сутностей в рамках однієї транзакції - nested entity","formKey":"feature-form-add-fourth","suspended":false,"formVariables":{},"signatureValidationPack":[],"data":{"order_type":"DISMISSAL","order_number":"8097","order_date":"2026-04-20","files":[{"id":"41d16530-482e-4e4c-8c26-4161714019e8","checksum":"15e377f79ece4daa09e0de17d9e51284681571c64c12bc7f7049b5deff68b707"}],"birthday":"1974-05-19"},"esign":true}
2026-04-20 13:12:34,615 INFO [TG_Test 1-53] o.a.j.p.j.s.J.Create payload: formData={order_type=DISMISSAL, order_number=8097, order_date=2026-04-20, files=[{id=41d16530-482e-4e4c-8c26-4161714019e8, checksum=15e377f79ece4daa09e0de17d9e51284681571c64c12bc7f7049b5deff68b707}], birthday=1974-05-19}
2026-04-20 13:12:34,615 INFO [TG_Test 1-53] o.a.j.p.j.s.J.Create payload: Payload={"data":{"order_type":"DISMISSAL","order_number":"8097","order_date":"2026-04-20","files":[{"id":"41d16530-482e-4e4c-8c26-4161714019e8","checksum":"15e377f79ece4daa09e0de17d9e51284681571c64c12bc7f7049b5deff68b707"}],"birthday":"1974-05-19"},"signature":"perf-test-officer-53.dat"}
2026-04-20 13:12:34,617 INFO [TG_Test 1-62] o.a.j.p.j.s.J.Create payload: formData={"id":"731960ba-3ca1-11f1-beaf-0a580a80027a","taskDefinitionKey":"Activity_11jqc4d","name":"переглянути дані та внести зміни","assignee":"perf-test-officer-62","created":"2026-04-20T10:12:34.364Z","description":null,"processInstanceId":"6d8156f5-3ca1-11f1-beaf-0a580a80027a","rootProcessInstanceId":"6d8156f5-3ca1-11f1-beaf-0a580a80027a","processDefinitionId":"b29a4815-3a3c-11f1-9c26-0a580a800265","processDefinitionName":"Процес для перевірки збереження декількох сутностей в рамках однієї транзакції - nested entity","formKey":"feature-form-add-thirdform","suspended":false,"formVariables":{},"signatureValidationPack":[],"data":{"order_type":"TRANSFER","order_number":"4030","order_date":"2026-04-20T13:17:10.952Z","files":[{"id":"9d6f52a5-70af-4a50-b7a1-78751b2b41ba","checksum":"15e377f79ece4daa09e0de17d9e51284681571c64c12bc7f7049b5deff68b707"}]},"esign":false}
2026-04-20 13:12:34,617 INFO [TG_Test 1-62] o.a.j.p.j.s.J.Create payload: formData={order_type=TRANSFER, order_number=4030, order_date=2026-04-20T13:17:10.952Z, files=[{id=9d6f52a5-70af-4a50-b7a1-78751b2b41ba, checksum=15e377f79ece4daa09e0de17d9e51284681571c64c12bc7f7049b5deff68b707}]}
2026-04-20 13:12:34,617 INFO [TG_Test 1-62] o.a.j.p.j.s.J.Create payload: Payload={"data":{"order_type":"TRANSFER","order_number":"4030","order_date":"2026-04-20","files":[{"id":"9d6f52a5-70af-4a50-b7a1-78751b2b41ba","checksum":"15e377f79ece4daa09e0de17d9e51284681571c64c12bc7f7049b5deff68b707"}],"birthday":"1995-04-17"}}
2026-04-20 13:12:34,626 INFO [TG_Test 1-72] o.a.j.p.j.s.J.Create payload: formData={"id":"7324d18a-3ca1-11f1-beaf-0a580a80027a","taskDefinitionKey":"Activity_11jqc4d","name":"переглянути дані та внести зміни","assignee":"perf-test-officer-72","created":"2026-04-20T10:12:34.439Z","description":null,"processInstanceId":"6dc1bad8-3ca1-11f1-beaf-0a580a80027a","rootProcessInstanceId":"6dc1bad8-3ca1-11f1-beaf-0a580a80027a","processDefinitionId":"b29a4815-3a3c-11f1-9c26-0a580a800265","processDefinitionName":"Процес для перевірки збереження декількох сутностей в рамках однієї транзакції - nested entity","formKey":"feature-form-add-thirdform","suspended":false,"formVariables":{},"signatureValidationPack":[],"data":{"order_type":"DISMISSAL","order_number":"1445","order_date":"2026-04-20T13:17:10.952Z","files":[{"id":"563bac3c-9f16-4e8e-860a-c7eb5acea99a","checksum":"15e377f79ece4daa09e0de17d9e51284681571c64c12bc7f7049b5deff68b707"}]},"esign":false}
2026-04-20 13:12:34,626 INFO [TG_Test 1-72] o.a.j.p.j.s.J.Create payload: formData={order_type=DISMISSAL, order_number=1445, order_date=2026-04-20T13:17:10.952Z, files=[{id=563bac3c-9f16-4e8e-860a-c7eb5acea99a, checksum=15e377f79ece4daa09e0de17d9e51284681571c64c12bc7f7049b5deff68b707}]}
2026-04-20 13:12:34,626 INFO [TG_Test 1-72] o.a.j.p.j.s.J.Create payload: Payload={"data":{"order_type":"DISMISSAL","order_number":"1445","order_date":"2026-04-20","files":[{"id":"563bac3c-9f16-4e8e-860a-c7eb5acea99a","checksum":"15e377f79ece4daa09e0de17d9e51284681571c64c12bc7f7049b5deff68b707"}],"birthday":"2005-08-20"}}
2026-04-20 13:12:34,634 INFO [TG_Test 1-54] o.a.j.p.j.s.J.Create payload: formData={"id":"73240e2e-3ca1-11f1-beaf-0a580a80027a","taskDefinitionKey":"signDataActivity","name":"Підписати дані про освітній профіль","assignee":"perf-test-officer-54","created":"2026-04-20T10:12:34.434Z","description":null,"processInstanceId":"6bc88376-3ca1-11f1-beaf-0a580a80027a","rootProcessInstanceId":"6bc88376-3ca1-11f1-beaf-0a580a80027a","processDefinitionId":"b29a4815-3a3c-11f1-9c26-0a580a800265","processDefinitionName":"Процес для перевірки збереження декількох сутностей в рамках однієї транзакції - nested entity","formKey":"feature-form-add-fourth","suspended":false,"formVariables":{},"signatureValidationPack":[],"data":{"order_type":"DISMISSAL","order_number":"7712","order_date":"2026-04-20","files":[{"id":"b9acf6f7-0c37-4784-82db-22cb15cd65ff","checksum":"15e377f79ece4daa09e0de17d9e51284681571c64c12bc7f7049b5deff68b707"}],"birthday":"2006-09-07"},"esign":true}
2026-04-20 13:12:34,635 INFO [TG_Test 1-54] o.a.j.p.j.s.J.Create payload: formData={order_type=DISMISSAL, order_number=7712, order_date=2026-04-20, files=[{id=b9acf6f7-0c37-4784-82db-22cb15cd65ff, checksum=15e377f79ece4daa09e0de17d9e51284681571c64c12bc7f7049b5deff68b707}], birthday=2006-09-07}
2026-04-20 13:12:34,635 INFO [TG_Test 1-54] o.a.j.p.j.s.J.Create payload: Payload={"data":{"order_type":"DISMISSAL","order_number":"7712","order_date":"2026-04-20","files":[{"id":"b9acf6f7-0c37-4784-82db-22cb15cd65ff","checksum":"15e377f79ece4daa09e0de17d9e51284681571c64c12bc7f7049b5deff68b707"}],"birthday":"2006-09-07"},"signature":"perf-test-officer-54.dat"}
2026-04-20 13:12:34,767 INFO [TG_Test 1-51] o.a.j.p.j.s.J.Create payload: formData={"id":"733c2a24-3ca1-11f1-beaf-0a580a80027a","taskDefinitionKey":"signDataActivity","name":"Підписати дані про освітній профіль","assignee":"perf-test-officer-51","created":"2026-04-20T10:12:34.592Z","description":null,"processInstanceId":"6ba3e411-3ca1-11f1-beaf-0a580a80027a","rootProcessInstanceId":"6ba3e411-3ca1-11f1-beaf-0a580a80027a","processDefinitionId":"b29a4815-3a3c-11f1-9c26-0a580a800265","processDefinitionName":"Процес для перевірки збереження декількох сутностей в рамках однієї транзакції - nested entity","formKey":"feature-form-add-fourth","suspended":false,"formVariables":{},"signatureValidationPack":[],"data":{"order_type":"ENROLLMENT","order_number":"5861","order_date":"2026-04-20","files":[{"id":"08b61ba1-3135-473b-9d92-09b4ebcb02a8","checksum":"15e377f79ece4daa09e0de17d9e51284681571c64c12bc7f7049b5deff68b707"}],"birthday":"1978-02-15"},"esign":true}
2026-04-20 13:12:34,767 INFO [TG_Test 1-51] o.a.j.p.j.s.J.Create payload: formData={order_type=ENROLLMENT, order_number=5861, order_date=2026-04-20, files=[{id=08b61ba1-3135-473b-9d92-09b4ebcb02a8, checksum=15e377f79ece4daa09e0de17d9e51284681571c64c12bc7f7049b5deff68b707}], birthday=1978-02-15}
2026-04-20 13:12:34,767 INFO [TG_Test 1-51] o.a.j.p.j.s.J.Create payload: Payload={"data":{"order_type":"ENROLLMENT","order_number":"5861","order_date":"2026-04-20","files":[{"id":"08b61ba1-3135-473b-9d92-09b4ebcb02a8","checksum":"15e377f79ece4daa09e0de17d9e51284681571c64c12bc7f7049b5deff68b707"}],"birthday":"1978-02-15"},"signature":"perf-test-officer-51.dat"}
2026-04-20 13:12:34,890 INFO [TG_Test 1-47] o.a.j.e.J.JSR223 - Clear Cookie: === [SESSION CLEAR] HTTP Cookie Manager очищено ===
2026-04-20 13:12:34,891 INFO [TG_Test 1-47] o.a.j.e.J.JSR223 - Clear Cookie: === [SESSION CLEAR] Змінні авторизації видалено. Готові до логіну Провайдера. ===
2026-04-20 13:12:34,891 INFO [TG_Test 1-47] o.a.j.t.JMeterThread: Stop Thread seen for thread TG_Test 1-47, reason: org.apache.jorphan.util.JMeterStopThreadException: End of file:/home/vlad/diia/projects/perf-testing-methodology/test-data/nested-entity-execution-plan.csv detected for CSV DataSet:CSV - Users Data configured with stopThread:true, recycle:false
2026-04-20 13:12:34,891 INFO [TG_Test 1-47] o.a.j.t.JMeterThread: Thread finished: TG_Test 1-47
2026-04-20 13:12:34,941 INFO [TG_Test 1-74] o.a.j.p.j.s.J.Create payload: formData={"id":"73546d31-3ca1-11f1-beaf-0a580a80027a","taskDefinitionKey":"Activity_11jqc4d","name":"переглянути дані та внести зміни","assignee":"perf-test-officer-74","created":"2026-04-20T10:12:34.751Z","description":null,"processInstanceId":"6dfd3daa-3ca1-11f1-beaf-0a580a80027a","rootProcessInstanceId":"6dfd3daa-3ca1-11f1-beaf-0a580a80027a","processDefinitionId":"b29a4815-3a3c-11f1-9c26-0a580a800265","processDefinitionName":"Процес для перевірки збереження декількох сутностей в рамках однієї транзакції - nested entity","formKey":"feature-form-add-thirdform","suspended":false,"formVariables":{},"signatureValidationPack":[],"data":{"order_type":"ENROLLMENT","order_number":"8709","order_date":"2026-04-20T13:17:10.952Z","files":[{"id":"2af95335-6a4c-4ffe-aa2a-7e48d77932d1","checksum":"15e377f79ece4daa09e0de17d9e51284681571c64c12bc7f7049b5deff68b707"}]},"esign":false}
2026-04-20 13:12:34,941 INFO [TG_Test 1-74] o.a.j.p.j.s.J.Create payload: formData={order_type=ENROLLMENT, order_number=8709, order_date=2026-04-20T13:17:10.952Z, files=[{id=2af95335-6a4c-4ffe-aa2a-7e48d77932d1, checksum=15e377f79ece4daa09e0de17d9e51284681571c64c12bc7f7049b5deff68b707}]}
2026-04-20 13:12:34,941 INFO [TG_Test 1-74] o.a.j.p.j.s.J.Create payload: Payload={"data":{"order_type":"ENROLLMENT","order_number":"8709","order_date":"2026-04-20","files":[{"id":"2af95335-6a4c-4ffe-aa2a-7e48d77932d1","checksum":"15e377f79ece4daa09e0de17d9e51284681571c64c12bc7f7049b5deff68b707"}],"birthday":"2005-04-22"}}
2026-04-20 13:12:35,001 INFO [TG_Test 1-41] o.a.j.e.J.JSR223 - Clear Cookie: === [SESSION CLEAR] HTTP Cookie Manager очищено ===
2026-04-20 13:12:35,001 INFO [TG_Test 1-41] o.a.j.e.J.JSR223 - Clear Cookie: === [SESSION CLEAR] Змінні авторизації видалено. Готові до логіну Провайдера. ===
2026-04-20 13:12:35,002 INFO [TG_Test 1-41] o.a.j.t.JMeterThread: Stop Thread seen for thread TG_Test 1-41, reason: org.apache.jorphan.util.JMeterStopThreadException: End of file:/home/vlad/diia/projects/perf-testing-methodology/test-data/nested-entity-execution-plan.csv detected for CSV DataSet:CSV - Users Data configured with stopThread:true, recycle:false
2026-04-20 13:12:35,002 INFO [TG_Test 1-41] o.a.j.t.JMeterThread: Thread finished: TG_Test 1-41
2026-04-20 13:12:35,126 INFO [TG_Test 1-58] o.a.j.p.j.s.J.Create payload: formData={"id":"73714415-3ca1-11f1-beaf-0a580a80027a","taskDefinitionKey":"signDataActivity","name":"Підписати дані про освітній профіль","assignee":"perf-test-officer-58","created":"2026-04-20T10:12:34.940Z","description":null,"processInstanceId":"6c5be9b7-3ca1-11f1-beaf-0a580a80027a","rootProcessInstanceId":"6c5be9b7-3ca1-11f1-beaf-0a580a80027a","processDefinitionId":"b29a4815-3a3c-11f1-9c26-0a580a800265","processDefinitionName":"Процес для перевірки збереження декількох сутностей в рамках однієї транзакції - nested entity","formKey":"feature-form-add-fourth","suspended":false,"formVariables":{},"signatureValidationPack":[],"data":{"order_type":"ENROLLMENT","order_number":"4854","order_date":"2026-04-20","files":[{"id":"5285bd01-4c7d-4ac2-8c0d-9a60227b5318","checksum":"15e377f79ece4daa09e0de17d9e51284681571c64c12bc7f7049b5deff68b707"}],"birthday":"1986-07-14"},"esign":true}
2026-04-20 13:12:35,127 INFO [TG_Test 1-58] o.a.j.p.j.s.J.Create payload: formData={order_type=ENROLLMENT, order_number=4854, order_date=2026-04-20, files=[{id=5285bd01-4c7d-4ac2-8c0d-9a60227b5318, checksum=15e377f79ece4daa09e0de17d9e51284681571c64c12bc7f7049b5deff68b707}], birthday=1986-07-14}
2026-04-20 13:12:35,127 INFO [TG_Test 1-58] o.a.j.p.j.s.J.Create payload: Payload={"data":{"order_type":"ENROLLMENT","order_number":"4854","order_date":"2026-04-20","files":[{"id":"5285bd01-4c7d-4ac2-8c0d-9a60227b5318","checksum":"15e377f79ece4daa09e0de17d9e51284681571c64c12bc7f7049b5deff68b707"}],"birthday":"1986-07-14"},"signature":"perf-test-officer-58.dat"}
2026-04-20 13:12:35,356 INFO [TG_Test 1-40] o.a.j.e.J.JSR223 - Clear Cookie: === [SESSION CLEAR] HTTP Cookie Manager очищено ===
2026-04-20 13:12:35,356 INFO [TG_Test 1-40] o.a.j.e.J.JSR223 - Clear Cookie: === [SESSION CLEAR] Змінні авторизації видалено. Готові до логіну Провайдера. ===
2026-04-20 13:12:35,356 INFO [TG_Test 1-40] o.a.j.t.JMeterThread: Stop Thread seen for thread TG_Test 1-40, reason: org.apache.jorphan.util.JMeterStopThreadException: End of file:/home/vlad/diia/projects/perf-testing-methodology/test-data/nested-entity-execution-plan.csv detected for CSV DataSet:CSV - Users Data configured with stopThread:true, recycle:false
2026-04-20 13:12:35,356 INFO [TG_Test 1-40] o.a.j.t.JMeterThread: Thread finished: TG_Test 1-40
2026-04-20 13:12:35,373 INFO [TG_Test 1-60] o.a.j.p.j.s.J.Create payload: formData={"id":"73987b42-3ca1-11f1-beaf-0a580a80027a","taskDefinitionKey":"signDataActivity","name":"Підписати дані про освітній профіль","assignee":"perf-test-officer-60","created":"2026-04-20T10:12:35.197Z","description":null,"processInstanceId":"6c0abc00-3ca1-11f1-beaf-0a580a80027a","rootProcessInstanceId":"6c0abc00-3ca1-11f1-beaf-0a580a80027a","processDefinitionId":"b29a4815-3a3c-11f1-9c26-0a580a800265","processDefinitionName":"Процес для перевірки збереження декількох сутностей в рамках однієї транзакції - nested entity","formKey":"feature-form-add-fourth","suspended":false,"formVariables":{},"signatureValidationPack":[],"data":{"order_type":"TRANSFER","order_number":"6485","order_date":"2026-04-20","files":[{"id":"8a1102e5-7619-46fa-a2da-7399d24ba3a0","checksum":"15e377f79ece4daa09e0de17d9e51284681571c64c12bc7f7049b5deff68b707"}],"birthday":"2000-07-27"},"esign":true}
2026-04-20 13:12:35,373 INFO [TG_Test 1-60] o.a.j.p.j.s.J.Create payload: formData={order_type=TRANSFER, order_number=6485, order_date=2026-04-20, files=[{id=8a1102e5-7619-46fa-a2da-7399d24ba3a0, checksum=15e377f79ece4daa09e0de17d9e51284681571c64c12bc7f7049b5deff68b707}], birthday=2000-07-27}
2026-04-20 13:12:35,373 INFO [TG_Test 1-60] o.a.j.p.j.s.J.Create payload: Payload={"data":{"order_type":"TRANSFER","order_number":"6485","order_date":"2026-04-20","files":[{"id":"8a1102e5-7619-46fa-a2da-7399d24ba3a0","checksum":"15e377f79ece4daa09e0de17d9e51284681571c64c12bc7f7049b5deff68b707"}],"birthday":"2000-07-27"},"signature":"perf-test-officer-60.dat"}
2026-04-20 13:12:35,423 INFO [TG_Test 1-95] o.a.j.p.j.s.J.Create payload: formData={"id":"73a04384-3ca1-11f1-beaf-0a580a80027a","taskDefinitionKey":"signPersonProfileActivity","name":"Підписати дані про освітній профіль","assignee":"perf-test-officer-95","created":"2026-04-20T10:12:35.248Z","description":null,"processInstanceId":"7093515d-3ca1-11f1-beaf-0a580a80027a","rootProcessInstanceId":"7093515d-3ca1-11f1-beaf-0a580a80027a","processDefinitionId":"b29a4815-3a3c-11f1-9c26-0a580a800265","processDefinitionName":"Процес для перевірки збереження декількох сутностей в рамках однієї транзакції - nested entity","formKey":"feature-form-add-signd","suspended":false,"formVariables":{},"signatureValidationPack":[],"data":{"first_name":"Алевтина","last_name":"Семеночко","second_name":"Петрівна","order_date":"2026-04-20","order_number":"4694","order_type":"ENROLLMENT","birthday":"1986-11-07","file":[{"id":"90ca0a94-17c6-4779-a65b-9d2893e9bdbd","checksum":"15e377f79ece4daa09e0de17d9e51284681571c64c12bc7f7049b5deff68b707"}]},"esign":true}
2026-04-20 13:12:35,423 INFO [TG_Test 1-95] o.a.j.p.j.s.J.Create payload: formData={first_name=Алевтина, last_name=Семеночко, second_name=Петрівна, order_date=2026-04-20, order_number=4694, order_type=ENROLLMENT, birthday=1986-11-07, file=[{id=90ca0a94-17c6-4779-a65b-9d2893e9bdbd, checksum=15e377f79ece4daa09e0de17d9e51284681571c64c12bc7f7049b5deff68b707}]}
2026-04-20 13:12:35,423 INFO [TG_Test 1-95] o.a.j.p.j.s.J.Create payload: Payload={"data":{"first_name":"\u0410\u043b\u0435\u0432\u0442\u0438\u043d\u0430","last_name":"\u0421\u0435\u043c\u0435\u043d\u043e\u0447\u043a\u043e","second_name":"\u041f\u0435\u0442\u0440\u0456\u0432\u043d\u0430","order_date":"2026-04-20","order_number":"4694","order_type":"ENROLLMENT","birthday":"1986-11-07","file":[{"id":"90ca0a94-17c6-4779-a65b-9d2893e9bdbd","checksum":"15e377f79ece4daa09e0de17d9e51284681571c64c12bc7f7049b5deff68b707"}]},"signature":"perf-test-officer-95.dat"}
2026-04-20 13:12:35,434 INFO [TG_Test 1-66] o.a.j.p.j.s.J.Create payload: formData={"id":"739df98e-3ca1-11f1-beaf-0a580a80027a","taskDefinitionKey":"Activity_11jqc4d","name":"переглянути дані та внести зміни","assignee":"perf-test-officer-66","created":"2026-04-20T10:12:35.233Z","description":null,"processInstanceId":"6d75e52b-3ca1-11f1-beaf-0a580a80027a","rootProcessInstanceId":"6d75e52b-3ca1-11f1-beaf-0a580a80027a","processDefinitionId":"b29a4815-3a3c-11f1-9c26-0a580a800265","processDefinitionName":"Процес для перевірки збереження декількох сутностей в рамках однієї транзакції - nested entity","formKey":"feature-form-add-thirdform","suspended":false,"formVariables":{},"signatureValidationPack":[],"data":{"order_type":"DISMISSAL","order_number":"1538","order_date":"2026-04-20T13:17:10.952Z","files":[{"id":"f1b812e8-1402-4374-b0e4-bdf00a40bb14","checksum":"15e377f79ece4daa09e0de17d9e51284681571c64c12bc7f7049b5deff68b707"}]},"esign":false}
2026-04-20 13:12:35,434 INFO [TG_Test 1-66] o.a.j.p.j.s.J.Create payload: formData={order_type=DISMISSAL, order_number=1538, order_date=2026-04-20T13:17:10.952Z, files=[{id=f1b812e8-1402-4374-b0e4-bdf00a40bb14, checksum=15e377f79ece4daa09e0de17d9e51284681571c64c12bc7f7049b5deff68b707}]}
2026-04-20 13:12:35,434 INFO [TG_Test 1-66] o.a.j.p.j.s.J.Create payload: Payload={"data":{"order_type":"DISMISSAL","order_number":"1538","order_date":"2026-04-20","files":[{"id":"f1b812e8-1402-4374-b0e4-bdf00a40bb14","checksum":"15e377f79ece4daa09e0de17d9e51284681571c64c12bc7f7049b5deff68b707"}],"birthday":"1996-05-05"}}
2026-04-20 13:12:35,449 INFO [TG_Test 1-67] o.a.j.p.j.s.J.Create payload: formData={"id":"73a21850-3ca1-11f1-beaf-0a580a80027a","taskDefinitionKey":"Activity_11jqc4d","name":"переглянути дані та внести зміни","assignee":"perf-test-officer-67","created":"2026-04-20T10:12:35.260Z","description":null,"processInstanceId":"6debd853-3ca1-11f1-beaf-0a580a80027a","rootProcessInstanceId":"6debd853-3ca1-11f1-beaf-0a580a80027a","processDefinitionId":"b29a4815-3a3c-11f1-9c26-0a580a800265","processDefinitionName":"Процес для перевірки збереження декількох сутностей в рамках однієї транзакції - nested entity","formKey":"feature-form-add-thirdform","suspended":false,"formVariables":{},"signatureValidationPack":[],"data":{"order_type":"ENROLLMENT","order_number":"6258","order_date":"2026-04-20T13:17:10.952Z","files":[{"id":"c306cc4c-a17b-40cd-92c2-73df0fe45f5c","checksum":"15e377f79ece4daa09e0de17d9e51284681571c64c12bc7f7049b5deff68b707"}]},"esign":false}
2026-04-20 13:12:35,450 INFO [TG_Test 1-67] o.a.j.p.j.s.J.Create payload: formData={order_type=ENROLLMENT, order_number=6258, order_date=2026-04-20T13:17:10.952Z, files=[{id=c306cc4c-a17b-40cd-92c2-73df0fe45f5c, checksum=15e377f79ece4daa09e0de17d9e51284681571c64c12bc7f7049b5deff68b707}]}
2026-04-20 13:12:35,450 INFO [TG_Test 1-67] o.a.j.p.j.s.J.Create payload: Payload={"data":{"order_type":"ENROLLMENT","order_number":"6258","order_date":"2026-04-20","files":[{"id":"c306cc4c-a17b-40cd-92c2-73df0fe45f5c","checksum":"15e377f79ece4daa09e0de17d9e51284681571c64c12bc7f7049b5deff68b707"}],"birthday":"1979-01-25"}}
2026-04-20 13:12:35,607 INFO [TG_Test 1-73] o.a.j.p.j.s.J.Create payload: formData={"id":"73c0eb12-3ca1-11f1-beaf-0a580a80027a","taskDefinitionKey":"Activity_11jqc4d","name":"переглянути дані та внести зміни","assignee":"perf-test-officer-73","created":"2026-04-20T10:12:35.462Z","description":null,"processInstanceId":"6e556f8a-3ca1-11f1-beaf-0a580a80027a","rootProcessInstanceId":"6e556f8a-3ca1-11f1-beaf-0a580a80027a","processDefinitionId":"b29a4815-3a3c-11f1-9c26-0a580a800265","processDefinitionName":"Процес для перевірки збереження декількох сутностей в рамках однієї транзакції - nested entity","formKey":"feature-form-add-thirdform","suspended":false,"formVariables":{},"signatureValidationPack":[],"data":{"order_type":"DISMISSAL","order_number":"4265","order_date":"2026-04-20T13:17:10.952Z","files":[{"id":"33307c11-7b16-4ee9-abd1-aba8c3ef7a95","checksum":"15e377f79ece4daa09e0de17d9e51284681571c64c12bc7f7049b5deff68b707"}]},"esign":false}
2026-04-20 13:12:35,607 INFO [TG_Test 1-73] o.a.j.p.j.s.J.Create payload: formData={order_type=DISMISSAL, order_number=4265, order_date=2026-04-20T13:17:10.952Z, files=[{id=33307c11-7b16-4ee9-abd1-aba8c3ef7a95, checksum=15e377f79ece4daa09e0de17d9e51284681571c64c12bc7f7049b5deff68b707}]}
2026-04-20 13:12:35,607 INFO [TG_Test 1-73] o.a.j.p.j.s.J.Create payload: Payload={"data":{"order_type":"DISMISSAL","order_number":"4265","order_date":"2026-04-20","files":[{"id":"33307c11-7b16-4ee9-abd1-aba8c3ef7a95","checksum":"15e377f79ece4daa09e0de17d9e51284681571c64c12bc7f7049b5deff68b707"}],"birthday":"1977-01-20"}}
2026-04-20 13:12:35,682 INFO [TG_Test 1-30] o.a.j.e.J.JSR223 - Clear Cookie: === [SESSION CLEAR] HTTP Cookie Manager очищено ===
2026-04-20 13:12:35,682 INFO [TG_Test 1-30] o.a.j.e.J.JSR223 - Clear Cookie: === [SESSION CLEAR] Змінні авторизації видалено. Готові до логіну Провайдера. ===
2026-04-20 13:12:35,683 INFO [TG_Test 1-30] o.a.j.t.JMeterThread: Stop Thread seen for thread TG_Test 1-30, reason: org.apache.jorphan.util.JMeterStopThreadException: End of file:/home/vlad/diia/projects/perf-testing-methodology/test-data/nested-entity-execution-plan.csv detected for CSV DataSet:CSV - Users Data configured with stopThread:true, recycle:false
2026-04-20 13:12:35,683 INFO [TG_Test 1-30] o.a.j.t.JMeterThread: Thread finished: TG_Test 1-30
2026-04-20 13:12:36,012 INFO [TG_Test 1-50] o.a.j.p.j.s.J.Create payload: formData={"id":"73f84ee1-3ca1-11f1-beaf-0a580a80027a","taskDefinitionKey":"signDataActivity","name":"Підписати дані про освітній профіль","assignee":"perf-test-officer-50","created":"2026-04-20T10:12:35.825Z","description":null,"processInstanceId":"6c24d3d4-3ca1-11f1-beaf-0a580a80027a","rootProcessInstanceId":"6c24d3d4-3ca1-11f1-beaf-0a580a80027a","processDefinitionId":"b29a4815-3a3c-11f1-9c26-0a580a800265","processDefinitionName":"Процес для перевірки збереження декількох сутностей в рамках однієї транзакції - nested entity","formKey":"feature-form-add-fourth","suspended":false,"formVariables":{},"signatureValidationPack":[],"data":{"order_type":"TRANSFER","order_number":"6652","order_date":"2026-04-20","files":[{"id":"375f819d-badb-41f8-b8aa-887aca38843e","checksum":"15e377f79ece4daa09e0de17d9e51284681571c64c12bc7f7049b5deff68b707"}],"birthday":"1986-08-13"},"esign":true}
2026-04-20 13:12:36,013 INFO [TG_Test 1-50] o.a.j.p.j.s.J.Create payload: formData={order_type=TRANSFER, order_number=6652, order_date=2026-04-20, files=[{id=375f819d-badb-41f8-b8aa-887aca38843e, checksum=15e377f79ece4daa09e0de17d9e51284681571c64c12bc7f7049b5deff68b707}], birthday=1986-08-13}
2026-04-20 13:12:36,013 INFO [TG_Test 1-50] o.a.j.p.j.s.J.Create payload: Payload={"data":{"order_type":"TRANSFER","order_number":"6652","order_date":"2026-04-20","files":[{"id":"375f819d-badb-41f8-b8aa-887aca38843e","checksum":"15e377f79ece4daa09e0de17d9e51284681571c64c12bc7f7049b5deff68b707"}],"birthday":"1986-08-13"},"signature":"perf-test-officer-50.dat"}
2026-04-20 13:12:36,151 INFO [TG_Test 1-96] o.a.j.p.j.s.J.Create payload: formData={"id":"740e6f09-3ca1-11f1-beaf-0a580a80027a","taskDefinitionKey":"signPersonProfileActivity","name":"Підписати дані про освітній профіль","assignee":"perf-test-officer-96","created":"2026-04-20T10:12:35.970Z","description":null,"processInstanceId":"7136e45e-3ca1-11f1-beaf-0a580a80027a","rootProcessInstanceId":"7136e45e-3ca1-11f1-beaf-0a580a80027a","processDefinitionId":"b29a4815-3a3c-11f1-9c26-0a580a800265","processDefinitionName":"Процес для перевірки збереження декількох сутностей в рамках однієї транзакції - nested entity","formKey":"feature-form-add-signd","suspended":false,"formVariables":{},"signatureValidationPack":[],"data":{"first_name":"Микола","last_name":"Семещук","second_name":"Миколайович","order_date":"2026-04-20","order_number":"2857","order_type":"DISMISSAL","birthday":"1981-08-04","file":[{"id":"e7c1a3ca-c9f5-49f8-8f95-fc3d5e3f14f4","checksum":"15e377f79ece4daa09e0de17d9e51284681571c64c12bc7f7049b5deff68b707"}]},"esign":true}
2026-04-20 13:12:36,151 INFO [TG_Test 1-96] o.a.j.p.j.s.J.Create payload: formData={first_name=Микола, last_name=Семещук, second_name=Миколайович, order_date=2026-04-20, order_number=2857, order_type=DISMISSAL, birthday=1981-08-04, file=[{id=e7c1a3ca-c9f5-49f8-8f95-fc3d5e3f14f4, checksum=15e377f79ece4daa09e0de17d9e51284681571c64c12bc7f7049b5deff68b707}]}
2026-04-20 13:12:36,151 INFO [TG_Test 1-96] o.a.j.p.j.s.J.Create payload: Payload={"data":{"first_name":"\u041c\u0438\u043a\u043e\u043b\u0430","last_name":"\u0421\u0435\u043c\u0435\u0449\u0443\u043a","second_name":"\u041c\u0438\u043a\u043e\u043b\u0430\u0439\u043e\u0432\u0438\u0447","order_date":"2026-04-20","order_number":"2857","order_type":"DISMISSAL","birthday":"1981-08-04","file":[{"id":"e7c1a3ca-c9f5-49f8-8f95-fc3d5e3f14f4","checksum":"15e377f79ece4daa09e0de17d9e51284681571c64c12bc7f7049b5deff68b707"}]},"signature":"perf-test-officer-96.dat"}
2026-04-20 13:12:36,177 INFO [TG_Test 1-71] o.a.j.p.j.s.J.Create payload: formData={"id":"7410b908-3ca1-11f1-beaf-0a580a80027a","taskDefinitionKey":"Activity_11jqc4d","name":"переглянути дані та внести зміни","assignee":"perf-test-officer-71","created":"2026-04-20T10:12:35.985Z","description":null,"processInstanceId":"6df28f2a-3ca1-11f1-beaf-0a580a80027a","rootProcessInstanceId":"6df28f2a-3ca1-11f1-beaf-0a580a80027a","processDefinitionId":"b29a4815-3a3c-11f1-9c26-0a580a800265","processDefinitionName":"Процес для перевірки збереження декількох сутностей в рамках однієї транзакції - nested entity","formKey":"feature-form-add-thirdform","suspended":false,"formVariables":{},"signatureValidationPack":[],"data":{"order_type":"DISMISSAL","order_number":"7593","order_date":"2026-04-20T13:17:10.952Z","files":[{"id":"8f33d817-f616-42d0-9d34-a767bc8ae4b7","checksum":"15e377f79ece4daa09e0de17d9e51284681571c64c12bc7f7049b5deff68b707"}]},"esign":false}
2026-04-20 13:12:36,177 INFO [TG_Test 1-71] o.a.j.p.j.s.J.Create payload: formData={order_type=DISMISSAL, order_number=7593, order_date=2026-04-20T13:17:10.952Z, files=[{id=8f33d817-f616-42d0-9d34-a767bc8ae4b7, checksum=15e377f79ece4daa09e0de17d9e51284681571c64c12bc7f7049b5deff68b707}]}
2026-04-20 13:12:36,177 INFO [TG_Test 1-71] o.a.j.p.j.s.J.Create payload: Payload={"data":{"order_type":"DISMISSAL","order_number":"7593","order_date":"2026-04-20","files":[{"id":"8f33d817-f616-42d0-9d34-a767bc8ae4b7","checksum":"15e377f79ece4daa09e0de17d9e51284681571c64c12bc7f7049b5deff68b707"}],"birthday":"1986-04-02"}}
2026-04-20 13:12:36,200 INFO [TG_Test 1-61] o.a.j.p.j.s.J.Create payload: formData={"id":"741720b1-3ca1-11f1-beaf-0a580a80027a","taskDefinitionKey":"signDataActivity","name":"Підписати дані про освітній профіль","assignee":"perf-test-officer-61","created":"2026-04-20T10:12:36.027Z","description":null,"processInstanceId":"6ca6d4fb-3ca1-11f1-beaf-0a580a80027a","rootProcessInstanceId":"6ca6d4fb-3ca1-11f1-beaf-0a580a80027a","processDefinitionId":"b29a4815-3a3c-11f1-9c26-0a580a800265","processDefinitionName":"Процес для перевірки збереження декількох сутностей в рамках однієї транзакції - nested entity","formKey":"feature-form-add-fourth","suspended":false,"formVariables":{},"signatureValidationPack":[],"data":{"order_type":"DISMISSAL","order_number":"4971","order_date":"2026-04-20","files":[{"id":"fd387f7c-991f-42ad-9ebe-7531cfb09dad","checksum":"15e377f79ece4daa09e0de17d9e51284681571c64c12bc7f7049b5deff68b707"}],"birthday":"1966-06-01"},"esign":true}
2026-04-20 13:12:36,201 INFO [TG_Test 1-61] o.a.j.p.j.s.J.Create payload: formData={order_type=DISMISSAL, order_number=4971, order_date=2026-04-20, files=[{id=fd387f7c-991f-42ad-9ebe-7531cfb09dad, checksum=15e377f79ece4daa09e0de17d9e51284681571c64c12bc7f7049b5deff68b707}], birthday=1966-06-01}
2026-04-20 13:12:36,201 INFO [TG_Test 1-61] o.a.j.p.j.s.J.Create payload: Payload={"data":{"order_type":"DISMISSAL","order_number":"4971","order_date":"2026-04-20","files":[{"id":"fd387f7c-991f-42ad-9ebe-7531cfb09dad","checksum":"15e377f79ece4daa09e0de17d9e51284681571c64c12bc7f7049b5deff68b707"}],"birthday":"1966-06-01"},"signature":"perf-test-officer-61.dat"}
2026-04-20 13:12:36,408 INFO [TG_Test 1-38] o.a.j.e.J.JSR223 - Clear Cookie: === [SESSION CLEAR] HTTP Cookie Manager очищено ===
2026-04-20 13:12:36,408 INFO [TG_Test 1-38] o.a.j.e.J.JSR223 - Clear Cookie: === [SESSION CLEAR] Змінні авторизації видалено. Готові до логіну Провайдера. ===
2026-04-20 13:12:36,409 INFO [TG_Test 1-38] o.a.j.t.JMeterThread: Stop Thread seen for thread TG_Test 1-38, reason: org.apache.jorphan.util.JMeterStopThreadException: End of file:/home/vlad/diia/projects/perf-testing-methodology/test-data/nested-entity-execution-plan.csv detected for CSV DataSet:CSV - Users Data configured with stopThread:true, recycle:false
2026-04-20 13:12:36,409 INFO [TG_Test 1-38] o.a.j.t.JMeterThread: Thread finished: TG_Test 1-38
2026-04-20 13:12:36,528 INFO [TG_Test 1-59] o.a.j.p.j.s.J.Create payload: formData={"id":"741d3b38-3ca1-11f1-beaf-0a580a80027a","taskDefinitionKey":"signDataActivity","name":"Підписати дані про освітній профіль","assignee":"perf-test-officer-59","created":"2026-04-20T10:12:36.067Z","description":null,"processInstanceId":"6c1b84f3-3ca1-11f1-beaf-0a580a80027a","rootProcessInstanceId":"6c1b84f3-3ca1-11f1-beaf-0a580a80027a","processDefinitionId":"b29a4815-3a3c-11f1-9c26-0a580a800265","processDefinitionName":"Процес для перевірки збереження декількох сутностей в рамках однієї транзакції - nested entity","formKey":"feature-form-add-fourth","suspended":false,"formVariables":{},"signatureValidationPack":[],"data":{"order_type":"DISMISSAL","order_number":"3800","order_date":"2026-04-20","files":[{"id":"bfe9bfb4-75a2-4af1-89af-dbfe99c2c883","checksum":"15e377f79ece4daa09e0de17d9e51284681571c64c12bc7f7049b5deff68b707"}],"birthday":"1971-07-11"},"esign":true}
2026-04-20 13:12:36,528 INFO [TG_Test 1-59] o.a.j.p.j.s.J.Create payload: formData={order_type=DISMISSAL, order_number=3800, order_date=2026-04-20, files=[{id=bfe9bfb4-75a2-4af1-89af-dbfe99c2c883, checksum=15e377f79ece4daa09e0de17d9e51284681571c64c12bc7f7049b5deff68b707}], birthday=1971-07-11}
2026-04-20 13:12:36,528 INFO [TG_Test 1-59] o.a.j.p.j.s.J.Create payload: Payload={"data":{"order_type":"DISMISSAL","order_number":"3800","order_date":"2026-04-20","files":[{"id":"bfe9bfb4-75a2-4af1-89af-dbfe99c2c883","checksum":"15e377f79ece4daa09e0de17d9e51284681571c64c12bc7f7049b5deff68b707"}],"birthday":"1971-07-11"},"signature":"perf-test-officer-59.dat"}
2026-04-20 13:12:36,539 INFO [TG_Test 1-44] o.a.j.e.J.JSR223 - Clear Cookie: === [SESSION CLEAR] HTTP Cookie Manager очищено ===
2026-04-20 13:12:36,539 INFO [TG_Test 1-44] o.a.j.e.J.JSR223 - Clear Cookie: === [SESSION CLEAR] Змінні авторизації видалено. Готові до логіну Провайдера. ===
2026-04-20 13:12:36,539 INFO [TG_Test 1-44] o.a.j.t.JMeterThread: Stop Thread seen for thread TG_Test 1-44, reason: org.apache.jorphan.util.JMeterStopThreadException: End of file:/home/vlad/diia/projects/perf-testing-methodology/test-data/nested-entity-execution-plan.csv detected for CSV DataSet:CSV - Users Data configured with stopThread:true, recycle:false
2026-04-20 13:12:36,539 INFO [TG_Test 1-44] o.a.j.t.JMeterThread: Thread finished: TG_Test 1-44
2026-04-20 13:12:36,658 INFO [TG_Test 1-45] o.a.j.e.J.JSR223 - Clear Cookie: === [SESSION CLEAR] HTTP Cookie Manager очищено ===
2026-04-20 13:12:36,658 INFO [TG_Test 1-45] o.a.j.e.J.JSR223 - Clear Cookie: === [SESSION CLEAR] Змінні авторизації видалено. Готові до логіну Провайдера. ===
2026-04-20 13:12:36,658 INFO [TG_Test 1-45] o.a.j.t.JMeterThread: Stop Thread seen for thread TG_Test 1-45, reason: org.apache.jorphan.util.JMeterStopThreadException: End of file:/home/vlad/diia/projects/perf-testing-methodology/test-data/nested-entity-execution-plan.csv detected for CSV DataSet:CSV - Users Data configured with stopThread:true, recycle:false
2026-04-20 13:12:36,658 INFO [TG_Test 1-45] o.a.j.t.JMeterThread: Thread finished: TG_Test 1-45
2026-04-20 13:12:36,965 INFO [TG_Test 1-46] o.a.j.e.J.JSR223 - Clear Cookie: === [SESSION CLEAR] HTTP Cookie Manager очищено ===
2026-04-20 13:12:36,965 INFO [TG_Test 1-46] o.a.j.e.J.JSR223 - Clear Cookie: === [SESSION CLEAR] Змінні авторизації видалено. Готові до логіну Провайдера. ===
2026-04-20 13:12:36,965 INFO [TG_Test 1-46] o.a.j.t.JMeterThread: Stop Thread seen for thread TG_Test 1-46, reason: org.apache.jorphan.util.JMeterStopThreadException: End of file:/home/vlad/diia/projects/perf-testing-methodology/test-data/nested-entity-execution-plan.csv detected for CSV DataSet:CSV - Users Data configured with stopThread:true, recycle:false
2026-04-20 13:12:36,965 INFO [TG_Test 1-46] o.a.j.t.JMeterThread: Thread finished: TG_Test 1-46
2026-04-20 13:12:37,199 INFO [TG_Test 1-43] o.a.j.e.J.JSR223 - Clear Cookie: === [SESSION CLEAR] HTTP Cookie Manager очищено ===
2026-04-20 13:12:37,199 INFO [TG_Test 1-43] o.a.j.e.J.JSR223 - Clear Cookie: === [SESSION CLEAR] Змінні авторизації видалено. Готові до логіну Провайдера. ===
2026-04-20 13:12:37,199 INFO [TG_Test 1-43] o.a.j.t.JMeterThread: Stop Thread seen for thread TG_Test 1-43, reason: org.apache.jorphan.util.JMeterStopThreadException: End of file:/home/vlad/diia/projects/perf-testing-methodology/test-data/nested-entity-execution-plan.csv detected for CSV DataSet:CSV - Users Data configured with stopThread:true, recycle:false
2026-04-20 13:12:37,199 INFO [TG_Test 1-43] o.a.j.t.JMeterThread: Thread finished: TG_Test 1-43
2026-04-20 13:12:37,347 INFO [TG_Test 1-75] o.a.j.p.j.s.J.Create payload: formData={"id":"7446bc72-3ca1-11f1-beaf-0a580a80027a","taskDefinitionKey":"Activity_11jqc4d","name":"переглянути дані та внести зміни","assignee":"perf-test-officer-75","created":"2026-04-20T10:12:36.339Z","description":null,"processInstanceId":"6ee5ef65-3ca1-11f1-beaf-0a580a80027a","rootProcessInstanceId":"6ee5ef65-3ca1-11f1-beaf-0a580a80027a","processDefinitionId":"b29a4815-3a3c-11f1-9c26-0a580a800265","processDefinitionName":"Процес для перевірки збереження декількох сутностей в рамках однієї транзакції - nested entity","formKey":"feature-form-add-thirdform","suspended":false,"formVariables":{},"signatureValidationPack":[],"data":{"order_type":"DISMISSAL","order_number":"9607","order_date":"2026-04-20T13:17:10.952Z","files":[{"id":"45f8306b-5af4-4152-8043-b7815ad60a34","checksum":"15e377f79ece4daa09e0de17d9e51284681571c64c12bc7f7049b5deff68b707"}]},"esign":false}
2026-04-20 13:12:37,347 INFO [TG_Test 1-75] o.a.j.p.j.s.J.Create payload: formData={order_type=DISMISSAL, order_number=9607, order_date=2026-04-20T13:17:10.952Z, files=[{id=45f8306b-5af4-4152-8043-b7815ad60a34, checksum=15e377f79ece4daa09e0de17d9e51284681571c64c12bc7f7049b5deff68b707}]}
2026-04-20 13:12:37,347 INFO [TG_Test 1-75] o.a.j.p.j.s.J.Create payload: Payload={"data":{"order_type":"DISMISSAL","order_number":"9607","order_date":"2026-04-20","files":[{"id":"45f8306b-5af4-4152-8043-b7815ad60a34","checksum":"15e377f79ece4daa09e0de17d9e51284681571c64c12bc7f7049b5deff68b707"}],"birthday":"1988-10-17"}}
2026-04-20 13:12:37,517 INFO [TG_Test 1-65] o.a.j.p.j.s.J.Create payload: formData={"id":"7472607c-3ca1-11f1-beaf-0a580a80027a","taskDefinitionKey":"signDataActivity","name":"Підписати дані про освітній профіль","assignee":"perf-test-officer-65","created":"2026-04-20T10:12:36.625Z","description":null,"processInstanceId":"6d32e842-3ca1-11f1-beaf-0a580a80027a","rootProcessInstanceId":"6d32e842-3ca1-11f1-beaf-0a580a80027a","processDefinitionId":"b29a4815-3a3c-11f1-9c26-0a580a800265","processDefinitionName":"Процес для перевірки збереження декількох сутностей в рамках однієї транзакції - nested entity","formKey":"feature-form-add-fourth","suspended":false,"formVariables":{},"signatureValidationPack":[],"data":{"order_type":"TRANSFER","order_number":"9364","order_date":"2026-04-20","files":[{"id":"64a52728-5f52-4000-b7d2-6e7dc80808c9","checksum":"15e377f79ece4daa09e0de17d9e51284681571c64c12bc7f7049b5deff68b707"}],"birthday":"1975-05-29"},"esign":true}
2026-04-20 13:12:37,517 INFO [TG_Test 1-65] o.a.j.p.j.s.J.Create payload: formData={order_type=TRANSFER, order_number=9364, order_date=2026-04-20, files=[{id=64a52728-5f52-4000-b7d2-6e7dc80808c9, checksum=15e377f79ece4daa09e0de17d9e51284681571c64c12bc7f7049b5deff68b707}], birthday=1975-05-29}
2026-04-20 13:12:37,518 INFO [TG_Test 1-65] o.a.j.p.j.s.J.Create payload: Payload={"data":{"order_type":"TRANSFER","order_number":"9364","order_date":"2026-04-20","files":[{"id":"64a52728-5f52-4000-b7d2-6e7dc80808c9","checksum":"15e377f79ece4daa09e0de17d9e51284681571c64c12bc7f7049b5deff68b707"}],"birthday":"1975-05-29"},"signature":"perf-test-officer-65.dat"}
2026-04-20 13:12:37,565 INFO [TG_Test 1-42] o.a.j.e.J.JSR223 - Clear Cookie: === [SESSION CLEAR] HTTP Cookie Manager очищено ===
2026-04-20 13:12:37,565 INFO [TG_Test 1-42] o.a.j.e.J.JSR223 - Clear Cookie: === [SESSION CLEAR] Змінні авторизації видалено. Готові до логіну Провайдера. ===
2026-04-20 13:12:37,565 INFO [TG_Test 1-42] o.a.j.t.JMeterThread: Stop Thread seen for thread TG_Test 1-42, reason: org.apache.jorphan.util.JMeterStopThreadException: End of file:/home/vlad/diia/projects/perf-testing-methodology/test-data/nested-entity-execution-plan.csv detected for CSV DataSet:CSV - Users Data configured with stopThread:true, recycle:false
2026-04-20 13:12:37,565 INFO [TG_Test 1-42] o.a.j.t.JMeterThread: Thread finished: TG_Test 1-42
2026-04-20 13:12:37,650 INFO [TG_Test 1-98] o.a.j.p.j.s.J.Create payload: formData={"id":"746b5b93-3ca1-11f1-beaf-0a580a80027a","taskDefinitionKey":"signPersonProfileActivity","name":"Підписати дані про освітній профіль","assignee":"perf-test-officer-98","created":"2026-04-20T10:12:36.579Z","description":null,"processInstanceId":"710d6416-3ca1-11f1-beaf-0a580a80027a","rootProcessInstanceId":"710d6416-3ca1-11f1-beaf-0a580a80027a","processDefinitionId":"b29a4815-3a3c-11f1-9c26-0a580a800265","processDefinitionName":"Процес для перевірки збереження декількох сутностей в рамках однієї транзакції - nested entity","formKey":"feature-form-add-signd","suspended":false,"formVariables":{},"signatureValidationPack":[],"data":{"first_name":"Віргінія","last_name":"Пагутяк","second_name":"Сергіївна","order_date":"2026-04-20","order_number":"8065","order_type":"DISMISSAL","birthday":"1973-10-12","file":[{"id":"60aa338e-baef-4be0-8800-d68223cd271f","checksum":"15e377f79ece4daa09e0de17d9e51284681571c64c12bc7f7049b5deff68b707"}]},"esign":true}
2026-04-20 13:12:37,650 INFO [TG_Test 1-98] o.a.j.p.j.s.J.Create payload: formData={first_name=Віргінія, last_name=Пагутяк, second_name=Сергіївна, order_date=2026-04-20, order_number=8065, order_type=DISMISSAL, birthday=1973-10-12, file=[{id=60aa338e-baef-4be0-8800-d68223cd271f, checksum=15e377f79ece4daa09e0de17d9e51284681571c64c12bc7f7049b5deff68b707}]}
2026-04-20 13:12:37,650 INFO [TG_Test 1-98] o.a.j.p.j.s.J.Create payload: Payload={"data":{"first_name":"\u0412\u0456\u0440\u0433\u0456\u043d\u0456\u044f","last_name":"\u041f\u0430\u0433\u0443\u0442\u044f\u043a","second_name":"\u0421\u0435\u0440\u0433\u0456\u0457\u0432\u043d\u0430","order_date":"2026-04-20","order_number":"8065","order_type":"DISMISSAL","birthday":"1973-10-12","file":[{"id":"60aa338e-baef-4be0-8800-d68223cd271f","checksum":"15e377f79ece4daa09e0de17d9e51284681571c64c12bc7f7049b5deff68b707"}]},"signature":"perf-test-officer-98.dat"}
2026-04-20 13:12:37,698 INFO [TG_Test 1-77] o.a.j.p.j.s.J.Create payload: formData={"id":"748ee966-3ca1-11f1-beaf-0a580a80027a","taskDefinitionKey":"Activity_11jqc4d","name":"переглянути дані та внести зміни","assignee":"perf-test-officer-77","created":"2026-04-20T10:12:36.812Z","description":null,"processInstanceId":"6e31937a-3ca1-11f1-beaf-0a580a80027a","rootProcessInstanceId":"6e31937a-3ca1-11f1-beaf-0a580a80027a","processDefinitionId":"b29a4815-3a3c-11f1-9c26-0a580a800265","processDefinitionName":"Процес для перевірки збереження декількох сутностей в рамках однієї транзакції - nested entity","formKey":"feature-form-add-thirdform","suspended":false,"formVariables":{},"signatureValidationPack":[],"data":{"order_type":"DISMISSAL","order_number":"6840","order_date":"2026-04-20T13:17:10.952Z","files":[{"id":"041f3235-23b3-4ce6-b8f0-a68c0775f3b8","checksum":"15e377f79ece4daa09e0de17d9e51284681571c64c12bc7f7049b5deff68b707"}]},"esign":false}
2026-04-20 13:12:37,698 INFO [TG_Test 1-77] o.a.j.p.j.s.J.Create payload: formData={order_type=DISMISSAL, order_number=6840, order_date=2026-04-20T13:17:10.952Z, files=[{id=041f3235-23b3-4ce6-b8f0-a68c0775f3b8, checksum=15e377f79ece4daa09e0de17d9e51284681571c64c12bc7f7049b5deff68b707}]}
2026-04-20 13:12:37,698 INFO [TG_Test 1-77] o.a.j.p.j.s.J.Create payload: Payload={"data":{"order_type":"DISMISSAL","order_number":"6840","order_date":"2026-04-20","files":[{"id":"041f3235-23b3-4ce6-b8f0-a68c0775f3b8","checksum":"15e377f79ece4daa09e0de17d9e51284681571c64c12bc7f7049b5deff68b707"}],"birthday":"1997-09-26"}}
2026-04-20 13:12:37,730 INFO [TG_Test 1-78] o.a.j.p.j.s.J.Create payload: formData={"id":"74b3d6b6-3ca1-11f1-beaf-0a580a80027a","taskDefinitionKey":"Activity_11jqc4d","name":"переглянути дані та внести зміни","assignee":"perf-test-officer-78","created":"2026-04-20T10:12:37.054Z","description":null,"processInstanceId":"6f0f97bf-3ca1-11f1-beaf-0a580a80027a","rootProcessInstanceId":"6f0f97bf-3ca1-11f1-beaf-0a580a80027a","processDefinitionId":"b29a4815-3a3c-11f1-9c26-0a580a800265","processDefinitionName":"Процес для перевірки збереження декількох сутностей в рамках однієї транзакції - nested entity","formKey":"feature-form-add-thirdform","suspended":false,"formVariables":{},"signatureValidationPack":[],"data":{"order_type":"TRANSFER","order_number":"8350","order_date":"2026-04-20T13:17:10.952Z","files":[{"id":"67cb6c81-9b0f-4814-a198-803725f04ed7","checksum":"15e377f79ece4daa09e0de17d9e51284681571c64c12bc7f7049b5deff68b707"}]},"esign":false}
2026-04-20 13:12:37,730 INFO [TG_Test 1-78] o.a.j.p.j.s.J.Create payload: formData={order_type=TRANSFER, order_number=8350, order_date=2026-04-20T13:17:10.952Z, files=[{id=67cb6c81-9b0f-4814-a198-803725f04ed7, checksum=15e377f79ece4daa09e0de17d9e51284681571c64c12bc7f7049b5deff68b707}]}
2026-04-20 13:12:37,730 INFO [TG_Test 1-78] o.a.j.p.j.s.J.Create payload: Payload={"data":{"order_type":"TRANSFER","order_number":"8350","order_date":"2026-04-20","files":[{"id":"67cb6c81-9b0f-4814-a198-803725f04ed7","checksum":"15e377f79ece4daa09e0de17d9e51284681571c64c12bc7f7049b5deff68b707"}],"birthday":"1995-11-02"}}
2026-04-20 13:12:38,029 INFO [TG_Test 1-57] o.a.j.p.j.s.J.Create payload: formData={"id":"74bd258e-3ca1-11f1-beaf-0a580a80027a","taskDefinitionKey":"signDataActivity","name":"Підписати дані про освітній профіль","assignee":"perf-test-officer-57","created":"2026-04-20T10:12:37.115Z","description":null,"processInstanceId":"6bc268d6-3ca1-11f1-beaf-0a580a80027a","rootProcessInstanceId":"6bc268d6-3ca1-11f1-beaf-0a580a80027a","processDefinitionId":"b29a4815-3a3c-11f1-9c26-0a580a800265","processDefinitionName":"Процес для перевірки збереження декількох сутностей в рамках однієї транзакції - nested entity","formKey":"feature-form-add-fourth","suspended":false,"formVariables":{},"signatureValidationPack":[],"data":{"order_type":"TRANSFER","order_number":"3912","order_date":"2026-04-20","files":[{"id":"5857f9b9-e8e7-4b6d-896c-1a2af4e9ea25","checksum":"15e377f79ece4daa09e0de17d9e51284681571c64c12bc7f7049b5deff68b707"}],"birthday":"1985-06-09"},"esign":true}
2026-04-20 13:12:38,029 INFO [TG_Test 1-64] o.a.j.p.j.s.J.Create payload: formData={"id":"7498865c-3ca1-11f1-beaf-0a580a80027a","taskDefinitionKey":"signDataActivity","name":"Підписати дані про освітній профіль","assignee":"perf-test-officer-64","created":"2026-04-20T10:12:36.875Z","description":null,"processInstanceId":"6cefc54c-3ca1-11f1-beaf-0a580a80027a","rootProcessInstanceId":"6cefc54c-3ca1-11f1-beaf-0a580a80027a","processDefinitionId":"b29a4815-3a3c-11f1-9c26-0a580a800265","processDefinitionName":"Процес для перевірки збереження декількох сутностей в рамках однієї транзакції - nested entity","formKey":"feature-form-add-fourth","suspended":false,"formVariables":{},"signatureValidationPack":[],"data":{"order_type":"ENROLLMENT","order_number":"8438","order_date":"2026-04-20","files":[{"id":"0440bab2-e4e6-4c3e-baa5-a064ad238163","checksum":"15e377f79ece4daa09e0de17d9e51284681571c64c12bc7f7049b5deff68b707"}],"birthday":"1968-06-22"},"esign":true}
2026-04-20 13:12:38,029 INFO [TG_Test 1-57] o.a.j.p.j.s.J.Create payload: formData={order_type=TRANSFER, order_number=3912, order_date=2026-04-20, files=[{id=5857f9b9-e8e7-4b6d-896c-1a2af4e9ea25, checksum=15e377f79ece4daa09e0de17d9e51284681571c64c12bc7f7049b5deff68b707}], birthday=1985-06-09}
2026-04-20 13:12:38,029 INFO [TG_Test 1-64] o.a.j.p.j.s.J.Create payload: formData={order_type=ENROLLMENT, order_number=8438, order_date=2026-04-20, files=[{id=0440bab2-e4e6-4c3e-baa5-a064ad238163, checksum=15e377f79ece4daa09e0de17d9e51284681571c64c12bc7f7049b5deff68b707}], birthday=1968-06-22}
2026-04-20 13:12:38,029 INFO [TG_Test 1-57] o.a.j.p.j.s.J.Create payload: Payload={"data":{"order_type":"TRANSFER","order_number":"3912","order_date":"2026-04-20","files":[{"id":"5857f9b9-e8e7-4b6d-896c-1a2af4e9ea25","checksum":"15e377f79ece4daa09e0de17d9e51284681571c64c12bc7f7049b5deff68b707"}],"birthday":"1985-06-09"},"signature":"perf-test-officer-57.dat"}
2026-04-20 13:12:38,029 INFO [TG_Test 1-64] o.a.j.p.j.s.J.Create payload: Payload={"data":{"order_type":"ENROLLMENT","order_number":"8438","order_date":"2026-04-20","files":[{"id":"0440bab2-e4e6-4c3e-baa5-a064ad238163","checksum":"15e377f79ece4daa09e0de17d9e51284681571c64c12bc7f7049b5deff68b707"}],"birthday":"1968-06-22"},"signature":"perf-test-officer-64.dat"}
2026-04-20 13:12:38,995 INFO [TG_Test 1-92] o.a.j.p.j.s.J.Create payload: formData={"id":"74809161-3ca1-11f1-beaf-0a580a80027a","taskDefinitionKey":"signPersonProfileActivity","name":"Підписати дані про освітній профіль","assignee":"perf-test-officer-92","created":"2026-04-20T10:12:36.718Z","description":null,"processInstanceId":"711181e1-3ca1-11f1-beaf-0a580a80027a","rootProcessInstanceId":"711181e1-3ca1-11f1-beaf-0a580a80027a","processDefinitionId":"b29a4815-3a3c-11f1-9c26-0a580a800265","processDefinitionName":"Процес для перевірки збереження декількох сутностей в рамках однієї транзакції - nested entity","formKey":"feature-form-add-signd","suspended":false,"formVariables":{},"signatureValidationPack":[],"data":{"first_name":"Агата","last_name":"Данилко","second_name":"Сергіївна","order_date":"2026-04-20","order_number":"1906","order_type":"DISMISSAL","birthday":"1998-01-09","file":[{"id":"963eb52b-0f38-451c-ac71-a3c4623a5872","checksum":"15e377f79ece4daa09e0de17d9e51284681571c64c12bc7f7049b5deff68b707"}]},"esign":true}
2026-04-20 13:12:38,995 INFO [TG_Test 1-92] o.a.j.p.j.s.J.Create payload: formData={first_name=Агата, last_name=Данилко, second_name=Сергіївна, order_date=2026-04-20, order_number=1906, order_type=DISMISSAL, birthday=1998-01-09, file=[{id=963eb52b-0f38-451c-ac71-a3c4623a5872, checksum=15e377f79ece4daa09e0de17d9e51284681571c64c12bc7f7049b5deff68b707}]}
2026-04-20 13:12:38,995 INFO [TG_Test 1-92] o.a.j.p.j.s.J.Create payload: Payload={"data":{"first_name":"\u0410\u0433\u0430\u0442\u0430","last_name":"\u0414\u0430\u043d\u0438\u043b\u043a\u043e","second_name":"\u0421\u0435\u0440\u0433\u0456\u0457\u0432\u043d\u0430","order_date":"2026-04-20","order_number":"1906","order_type":"DISMISSAL","birthday":"1998-01-09","file":[{"id":"963eb52b-0f38-451c-ac71-a3c4623a5872","checksum":"15e377f79ece4daa09e0de17d9e51284681571c64c12bc7f7049b5deff68b707"}]},"signature":"perf-test-officer-92.dat"}
2026-04-20 13:12:39,148 INFO [TG_Test 1-56] o.a.j.e.J.JSR223 - Clear Cookie: === [SESSION CLEAR] HTTP Cookie Manager очищено ===
2026-04-20 13:12:39,148 INFO [TG_Test 1-56] o.a.j.e.J.JSR223 - Clear Cookie: === [SESSION CLEAR] Змінні авторизації видалено. Готові до логіну Провайдера. ===
2026-04-20 13:12:39,149 INFO [TG_Test 1-56] o.a.j.t.JMeterThread: Stop Thread seen for thread TG_Test 1-56, reason: org.apache.jorphan.util.JMeterStopThreadException: End of file:/home/vlad/diia/projects/perf-testing-methodology/test-data/nested-entity-execution-plan.csv detected for CSV DataSet:CSV - Users Data configured with stopThread:true, recycle:false
2026-04-20 13:12:39,149 INFO [TG_Test 1-56] o.a.j.t.JMeterThread: Thread finished: TG_Test 1-56
2026-04-20 13:12:39,206 INFO [TG_Test 1-87] o.a.j.p.j.s.J.Create payload: formData={"id":"74e1c3cd-3ca1-11f1-beaf-0a580a80027a","taskDefinitionKey":"Activity_11jqc4d","name":"переглянути дані та внести зміни","assignee":"perf-test-officer-87","created":"2026-04-20T10:12:37.355Z","description":null,"processInstanceId":"6fc4692d-3ca1-11f1-beaf-0a580a80027a","rootProcessInstanceId":"6fc4692d-3ca1-11f1-beaf-0a580a80027a","processDefinitionId":"b29a4815-3a3c-11f1-9c26-0a580a800265","processDefinitionName":"Процес для перевірки збереження декількох сутностей в рамках однієї транзакції - nested entity","formKey":"feature-form-add-thirdform","suspended":false,"formVariables":{},"signatureValidationPack":[],"data":{"order_type":"DISMISSAL","order_number":"5809","order_date":"2026-04-20T13:17:10.952Z","files":[{"id":"b93ad704-a462-44d8-a264-21d63d2a3333","checksum":"15e377f79ece4daa09e0de17d9e51284681571c64c12bc7f7049b5deff68b707"}]},"esign":false}
2026-04-20 13:12:39,206 INFO [TG_Test 1-87] o.a.j.p.j.s.J.Create payload: formData={order_type=DISMISSAL, order_number=5809, order_date=2026-04-20T13:17:10.952Z, files=[{id=b93ad704-a462-44d8-a264-21d63d2a3333, checksum=15e377f79ece4daa09e0de17d9e51284681571c64c12bc7f7049b5deff68b707}]}
2026-04-20 13:12:39,206 INFO [TG_Test 1-87] o.a.j.p.j.s.J.Create payload: Payload={"data":{"order_type":"DISMISSAL","order_number":"5809","order_date":"2026-04-20","files":[{"id":"b93ad704-a462-44d8-a264-21d63d2a3333","checksum":"15e377f79ece4daa09e0de17d9e51284681571c64c12bc7f7049b5deff68b707"}],"birthday":"1992-07-09"}}
2026-04-20 13:12:39,278 INFO [TG_Test 1-70] o.a.j.p.j.s.J.Create payload: formData={"id":"74cc40cc-3ca1-11f1-beaf-0a580a80027a","taskDefinitionKey":"signDataActivity","name":"Підписати дані про освітній профіль","assignee":"perf-test-officer-70","created":"2026-04-20T10:12:37.214Z","description":null,"processInstanceId":"6da11423-3ca1-11f1-beaf-0a580a80027a","rootProcessInstanceId":"6da11423-3ca1-11f1-beaf-0a580a80027a","processDefinitionId":"b29a4815-3a3c-11f1-9c26-0a580a800265","processDefinitionName":"Процес для перевірки збереження декількох сутностей в рамках однієї транзакції - nested entity","formKey":"feature-form-add-fourth","suspended":false,"formVariables":{},"signatureValidationPack":[],"data":{"order_type":"DISMISSAL","order_number":"2715","order_date":"2026-04-20","files":[{"id":"eba6713c-5c67-4554-8688-7b2f1ee8da8d","checksum":"15e377f79ece4daa09e0de17d9e51284681571c64c12bc7f7049b5deff68b707"}],"birthday":"1974-09-29"},"esign":true}
2026-04-20 13:12:39,278 INFO [TG_Test 1-70] o.a.j.p.j.s.J.Create payload: formData={order_type=DISMISSAL, order_number=2715, order_date=2026-04-20, files=[{id=eba6713c-5c67-4554-8688-7b2f1ee8da8d, checksum=15e377f79ece4daa09e0de17d9e51284681571c64c12bc7f7049b5deff68b707}], birthday=1974-09-29}
2026-04-20 13:12:39,278 INFO [TG_Test 1-70] o.a.j.p.j.s.J.Create payload: Payload={"data":{"order_type":"DISMISSAL","order_number":"2715","order_date":"2026-04-20","files":[{"id":"eba6713c-5c67-4554-8688-7b2f1ee8da8d","checksum":"15e377f79ece4daa09e0de17d9e51284681571c64c12bc7f7049b5deff68b707"}],"birthday":"1974-09-29"},"signature":"perf-test-officer-70.dat"}
2026-04-20 13:12:39,338 INFO [TG_Test 1-55] o.a.j.e.J.JSR223 - Clear Cookie: === [SESSION CLEAR] HTTP Cookie Manager очищено ===
2026-04-20 13:12:39,338 INFO [TG_Test 1-55] o.a.j.e.J.JSR223 - Clear Cookie: === [SESSION CLEAR] Змінні авторизації видалено. Готові до логіну Провайдера. ===
2026-04-20 13:12:39,338 INFO [TG_Test 1-55] o.a.j.t.JMeterThread: Stop Thread seen for thread TG_Test 1-55, reason: org.apache.jorphan.util.JMeterStopThreadException: End of file:/home/vlad/diia/projects/perf-testing-methodology/test-data/nested-entity-execution-plan.csv detected for CSV DataSet:CSV - Users Data configured with stopThread:true, recycle:false
2026-04-20 13:12:39,338 INFO [TG_Test 1-55] o.a.j.t.JMeterThread: Thread finished: TG_Test 1-55
2026-04-20 13:12:39,341 INFO [TG_Test 1-52] o.a.j.e.J.JSR223 - Clear Cookie: === [SESSION CLEAR] HTTP Cookie Manager очищено ===
2026-04-20 13:12:39,341 INFO [TG_Test 1-52] o.a.j.e.J.JSR223 - Clear Cookie: === [SESSION CLEAR] Змінні авторизації видалено. Готові до логіну Провайдера. ===
2026-04-20 13:12:39,341 INFO [TG_Test 1-52] o.a.j.t.JMeterThread: Stop Thread seen for thread TG_Test 1-52, reason: org.apache.jorphan.util.JMeterStopThreadException: End of file:/home/vlad/diia/projects/perf-testing-methodology/test-data/nested-entity-execution-plan.csv detected for CSV DataSet:CSV - Users Data configured with stopThread:true, recycle:false
2026-04-20 13:12:39,341 INFO [TG_Test 1-52] o.a.j.t.JMeterThread: Thread finished: TG_Test 1-52
2026-04-20 13:12:39,354 INFO [TG_Test 1-48] o.a.j.e.J.JSR223 - Clear Cookie: === [SESSION CLEAR] HTTP Cookie Manager очищено ===
2026-04-20 13:12:39,354 INFO [TG_Test 1-48] o.a.j.e.J.JSR223 - Clear Cookie: === [SESSION CLEAR] Змінні авторизації видалено. Готові до логіну Провайдера. ===
2026-04-20 13:12:39,354 INFO [TG_Test 1-48] o.a.j.t.JMeterThread: Stop Thread seen for thread TG_Test 1-48, reason: org.apache.jorphan.util.JMeterStopThreadException: End of file:/home/vlad/diia/projects/perf-testing-methodology/test-data/nested-entity-execution-plan.csv detected for CSV DataSet:CSV - Users Data configured with stopThread:true, recycle:false
2026-04-20 13:12:39,354 INFO [TG_Test 1-48] o.a.j.t.JMeterThread: Thread finished: TG_Test 1-48
2026-04-20 13:12:39,416 INFO [TG_Test 1-80] o.a.j.p.j.s.J.Create payload: formData={"id":"74d4f27a-3ca1-11f1-beaf-0a580a80027a","taskDefinitionKey":"Activity_11jqc4d","name":"переглянути дані та внести зміни","assignee":"perf-test-officer-80","created":"2026-04-20T10:12:37.271Z","description":null,"processInstanceId":"6f9a999f-3ca1-11f1-beaf-0a580a80027a","rootProcessInstanceId":"6f9a999f-3ca1-11f1-beaf-0a580a80027a","processDefinitionId":"b29a4815-3a3c-11f1-9c26-0a580a800265","processDefinitionName":"Процес для перевірки збереження декількох сутностей в рамках однієї транзакції - nested entity","formKey":"feature-form-add-thirdform","suspended":false,"formVariables":{},"signatureValidationPack":[],"data":{"order_type":"ENROLLMENT","order_number":"9460","order_date":"2026-04-20T13:17:10.952Z","files":[{"id":"9d3ab291-47bb-4db8-b26c-6f925805c8d2","checksum":"15e377f79ece4daa09e0de17d9e51284681571c64c12bc7f7049b5deff68b707"}]},"esign":false}
2026-04-20 13:12:39,416 INFO [TG_Test 1-80] o.a.j.p.j.s.J.Create payload: formData={order_type=ENROLLMENT, order_number=9460, order_date=2026-04-20T13:17:10.952Z, files=[{id=9d3ab291-47bb-4db8-b26c-6f925805c8d2, checksum=15e377f79ece4daa09e0de17d9e51284681571c64c12bc7f7049b5deff68b707}]}
2026-04-20 13:12:39,416 INFO [TG_Test 1-80] o.a.j.p.j.s.J.Create payload: Payload={"data":{"order_type":"ENROLLMENT","order_number":"9460","order_date":"2026-04-20","files":[{"id":"9d3ab291-47bb-4db8-b26c-6f925805c8d2","checksum":"15e377f79ece4daa09e0de17d9e51284681571c64c12bc7f7049b5deff68b707"}],"birthday":"2006-04-10"}}
2026-04-20 13:12:39,460 INFO [TG_Test 1-76] o.a.j.p.j.s.J.Create payload: formData={"id":"74f85926-3ca1-11f1-beaf-0a580a80027a","taskDefinitionKey":"Activity_11jqc4d","name":"переглянути дані та внести зміни","assignee":"perf-test-officer-76","created":"2026-04-20T10:12:37.503Z","description":null,"processInstanceId":"6ee2bb08-3ca1-11f1-beaf-0a580a80027a","rootProcessInstanceId":"6ee2bb08-3ca1-11f1-beaf-0a580a80027a","processDefinitionId":"b29a4815-3a3c-11f1-9c26-0a580a800265","processDefinitionName":"Процес для перевірки збереження декількох сутностей в рамках однієї транзакції - nested entity","formKey":"feature-form-add-thirdform","suspended":false,"formVariables":{},"signatureValidationPack":[],"data":{"order_type":"TRANSFER","order_number":"5222","order_date":"2026-04-20T13:17:10.952Z","files":[{"id":"f2b51dcb-3c10-4d21-b7bf-2e3751753119","checksum":"15e377f79ece4daa09e0de17d9e51284681571c64c12bc7f7049b5deff68b707"}]},"esign":false}
2026-04-20 13:12:39,460 INFO [TG_Test 1-76] o.a.j.p.j.s.J.Create payload: formData={order_type=TRANSFER, order_number=5222, order_date=2026-04-20T13:17:10.952Z, files=[{id=f2b51dcb-3c10-4d21-b7bf-2e3751753119, checksum=15e377f79ece4daa09e0de17d9e51284681571c64c12bc7f7049b5deff68b707}]}
2026-04-20 13:12:39,460 INFO [TG_Test 1-76] o.a.j.p.j.s.J.Create payload: Payload={"data":{"order_type":"TRANSFER","order_number":"5222","order_date":"2026-04-20","files":[{"id":"f2b51dcb-3c10-4d21-b7bf-2e3751753119","checksum":"15e377f79ece4daa09e0de17d9e51284681571c64c12bc7f7049b5deff68b707"}],"birthday":"1982-10-22"}}
2026-04-20 13:12:39,460 INFO [TG_Test 1-69] o.a.j.p.j.s.J.Create payload: formData={"id":"74eebc26-3ca1-11f1-beaf-0a580a80027a","taskDefinitionKey":"signDataActivity","name":"Підписати дані про освітній профіль","assignee":"perf-test-officer-69","created":"2026-04-20T10:12:37.440Z","description":null,"processInstanceId":"6d45ad14-3ca1-11f1-beaf-0a580a80027a","rootProcessInstanceId":"6d45ad14-3ca1-11f1-beaf-0a580a80027a","processDefinitionId":"b29a4815-3a3c-11f1-9c26-0a580a800265","processDefinitionName":"Процес для перевірки збереження декількох сутностей в рамках однієї транзакції - nested entity","formKey":"feature-form-add-fourth","suspended":false,"formVariables":{},"signatureValidationPack":[],"data":{"order_type":"TRANSFER","order_number":"2102","order_date":"2026-04-20","files":[{"id":"cbf059b7-5da3-40cc-b24b-6d07b9acf55c","checksum":"15e377f79ece4daa09e0de17d9e51284681571c64c12bc7f7049b5deff68b707"}],"birthday":"2007-05-02"},"esign":true}
2026-04-20 13:12:39,460 INFO [TG_Test 1-69] o.a.j.p.j.s.J.Create payload: formData={order_type=TRANSFER, order_number=2102, order_date=2026-04-20, files=[{id=cbf059b7-5da3-40cc-b24b-6d07b9acf55c, checksum=15e377f79ece4daa09e0de17d9e51284681571c64c12bc7f7049b5deff68b707}], birthday=2007-05-02}
2026-04-20 13:12:39,460 INFO [TG_Test 1-69] o.a.j.p.j.s.J.Create payload: Payload={"data":{"order_type":"TRANSFER","order_number":"2102","order_date":"2026-04-20","files":[{"id":"cbf059b7-5da3-40cc-b24b-6d07b9acf55c","checksum":"15e377f79ece4daa09e0de17d9e51284681571c64c12bc7f7049b5deff68b707"}],"birthday":"2007-05-02"},"signature":"perf-test-officer-69.dat"}
2026-04-20 13:12:39,477 INFO [TG_Test 1-54] o.a.j.e.J.JSR223 - Clear Cookie: === [SESSION CLEAR] HTTP Cookie Manager очищено ===
2026-04-20 13:12:39,477 INFO [TG_Test 1-54] o.a.j.e.J.JSR223 - Clear Cookie: === [SESSION CLEAR] Змінні авторизації видалено. Готові до логіну Провайдера. ===
2026-04-20 13:12:39,477 INFO [TG_Test 1-54] o.a.j.t.JMeterThread: Stop Thread seen for thread TG_Test 1-54, reason: org.apache.jorphan.util.JMeterStopThreadException: End of file:/home/vlad/diia/projects/perf-testing-methodology/test-data/nested-entity-execution-plan.csv detected for CSV DataSet:CSV - Users Data configured with stopThread:true, recycle:false
2026-04-20 13:12:39,477 INFO [TG_Test 1-54] o.a.j.t.JMeterThread: Thread finished: TG_Test 1-54
2026-04-20 13:12:39,510 INFO [TG_Test 1-63] o.a.j.p.j.s.J.Create payload: formData={"id":"750a5a9e-3ca1-11f1-beaf-0a580a80027a","taskDefinitionKey":"signDataActivity","name":"Підписати дані про освітній профіль","assignee":"perf-test-officer-63","created":"2026-04-20T10:12:37.621Z","description":null,"processInstanceId":"6d2839d5-3ca1-11f1-beaf-0a580a80027a","rootProcessInstanceId":"6d2839d5-3ca1-11f1-beaf-0a580a80027a","processDefinitionId":"b29a4815-3a3c-11f1-9c26-0a580a800265","processDefinitionName":"Процес для перевірки збереження декількох сутностей в рамках однієї транзакції - nested entity","formKey":"feature-form-add-fourth","suspended":false,"formVariables":{},"signatureValidationPack":[],"data":{"order_type":"DISMISSAL","order_number":"4180","order_date":"2026-04-20","files":[{"id":"eda1c2d0-0c5c-4454-907d-7f8537f476c7","checksum":"15e377f79ece4daa09e0de17d9e51284681571c64c12bc7f7049b5deff68b707"}],"birthday":"1980-06-18"},"esign":true}
2026-04-20 13:12:39,510 INFO [TG_Test 1-63] o.a.j.p.j.s.J.Create payload: formData={order_type=DISMISSAL, order_number=4180, order_date=2026-04-20, files=[{id=eda1c2d0-0c5c-4454-907d-7f8537f476c7, checksum=15e377f79ece4daa09e0de17d9e51284681571c64c12bc7f7049b5deff68b707}], birthday=1980-06-18}
2026-04-20 13:12:39,511 INFO [TG_Test 1-63] o.a.j.p.j.s.J.Create payload: Payload={"data":{"order_type":"DISMISSAL","order_number":"4180","order_date":"2026-04-20","files":[{"id":"eda1c2d0-0c5c-4454-907d-7f8537f476c7","checksum":"15e377f79ece4daa09e0de17d9e51284681571c64c12bc7f7049b5deff68b707"}],"birthday":"1980-06-18"},"signature":"perf-test-officer-63.dat"}
2026-04-20 13:12:39,528 INFO [TG_Test 1-49] o.a.j.e.J.JSR223 - Clear Cookie: === [SESSION CLEAR] HTTP Cookie Manager очищено ===
2026-04-20 13:12:39,528 INFO [TG_Test 1-49] o.a.j.e.J.JSR223 - Clear Cookie: === [SESSION CLEAR] Змінні авторизації видалено. Готові до логіну Провайдера. ===
2026-04-20 13:12:39,528 INFO [TG_Test 1-49] o.a.j.t.JMeterThread: Stop Thread seen for thread TG_Test 1-49, reason: org.apache.jorphan.util.JMeterStopThreadException: End of file:/home/vlad/diia/projects/perf-testing-methodology/test-data/nested-entity-execution-plan.csv detected for CSV DataSet:CSV - Users Data configured with stopThread:true, recycle:false
2026-04-20 13:12:39,528 INFO [TG_Test 1-49] o.a.j.t.JMeterThread: Thread finished: TG_Test 1-49
2026-04-20 13:12:39,544 INFO [TG_Test 1-83] o.a.j.p.j.s.J.Create payload: formData={"id":"751900bb-3ca1-11f1-beaf-0a580a80027a","taskDefinitionKey":"Activity_11jqc4d","name":"переглянути дані та внести зміни","assignee":"perf-test-officer-83","created":"2026-04-20T10:12:37.717Z","description":null,"processInstanceId":"6f49bae5-3ca1-11f1-beaf-0a580a80027a","rootProcessInstanceId":"6f49bae5-3ca1-11f1-beaf-0a580a80027a","processDefinitionId":"b29a4815-3a3c-11f1-9c26-0a580a800265","processDefinitionName":"Процес для перевірки збереження декількох сутностей в рамках однієї транзакції - nested entity","formKey":"feature-form-add-thirdform","suspended":false,"formVariables":{},"signatureValidationPack":[],"data":{"order_type":"TRANSFER","order_number":"1808","order_date":"2026-04-20T13:17:10.952Z","files":[{"id":"b6840be0-f7e6-4c50-a6e2-fabb84a0d43b","checksum":"15e377f79ece4daa09e0de17d9e51284681571c64c12bc7f7049b5deff68b707"}]},"esign":false}
2026-04-20 13:12:39,544 INFO [TG_Test 1-83] o.a.j.p.j.s.J.Create payload: formData={order_type=TRANSFER, order_number=1808, order_date=2026-04-20T13:17:10.952Z, files=[{id=b6840be0-f7e6-4c50-a6e2-fabb84a0d43b, checksum=15e377f79ece4daa09e0de17d9e51284681571c64c12bc7f7049b5deff68b707}]}
2026-04-20 13:12:39,544 INFO [TG_Test 1-83] o.a.j.p.j.s.J.Create payload: Payload={"data":{"order_type":"TRANSFER","order_number":"1808","order_date":"2026-04-20","files":[{"id":"b6840be0-f7e6-4c50-a6e2-fabb84a0d43b","checksum":"15e377f79ece4daa09e0de17d9e51284681571c64c12bc7f7049b5deff68b707"}],"birthday":"1971-09-18"}}
2026-04-20 13:12:39,574 INFO [TG_Test 1-86] o.a.j.p.j.s.J.Create payload: formData={"id":"755f5913-3ca1-11f1-beaf-0a580a80027a","taskDefinitionKey":"Activity_11jqc4d","name":"переглянути дані та внести зміни","assignee":"perf-test-officer-86","created":"2026-04-20T10:12:38.178Z","description":null,"processInstanceId":"6fa6327b-3ca1-11f1-beaf-0a580a80027a","rootProcessInstanceId":"6fa6327b-3ca1-11f1-beaf-0a580a80027a","processDefinitionId":"b29a4815-3a3c-11f1-9c26-0a580a800265","processDefinitionName":"Процес для перевірки збереження декількох сутностей в рамках однієї транзакції - nested entity","formKey":"feature-form-add-thirdform","suspended":false,"formVariables":{},"signatureValidationPack":[],"data":{"order_type":"TRANSFER","order_number":"9623","order_date":"2026-04-20T13:17:10.952Z","files":[{"id":"d7a87ca3-bbda-4635-a077-4a5f43196417","checksum":"15e377f79ece4daa09e0de17d9e51284681571c64c12bc7f7049b5deff68b707"}]},"esign":false}
2026-04-20 13:12:39,575 INFO [TG_Test 1-86] o.a.j.p.j.s.J.Create payload: formData={order_type=TRANSFER, order_number=9623, order_date=2026-04-20T13:17:10.952Z, files=[{id=d7a87ca3-bbda-4635-a077-4a5f43196417, checksum=15e377f79ece4daa09e0de17d9e51284681571c64c12bc7f7049b5deff68b707}]}
2026-04-20 13:12:39,575 INFO [TG_Test 1-86] o.a.j.p.j.s.J.Create payload: Payload={"data":{"order_type":"TRANSFER","order_number":"9623","order_date":"2026-04-20","files":[{"id":"d7a87ca3-bbda-4635-a077-4a5f43196417","checksum":"15e377f79ece4daa09e0de17d9e51284681571c64c12bc7f7049b5deff68b707"}],"birthday":"1990-05-29"}}
2026-04-20 13:12:39,596 INFO [TG_Test 1-82] o.a.j.p.j.s.J.Create payload: formData={"id":"7548005b-3ca1-11f1-beaf-0a580a80027a","taskDefinitionKey":"Activity_11jqc4d","name":"переглянути дані та внести зміни","assignee":"perf-test-officer-82","created":"2026-04-20T10:12:38.025Z","description":null,"processInstanceId":"6f5b473f-3ca1-11f1-beaf-0a580a80027a","rootProcessInstanceId":"6f5b473f-3ca1-11f1-beaf-0a580a80027a","processDefinitionId":"b29a4815-3a3c-11f1-9c26-0a580a800265","processDefinitionName":"Процес для перевірки збереження декількох сутностей в рамках однієї транзакції - nested entity","formKey":"feature-form-add-thirdform","suspended":false,"formVariables":{},"signatureValidationPack":[],"data":{"order_type":"DISMISSAL","order_number":"1595","order_date":"2026-04-20T13:17:10.952Z","files":[{"id":"07dfd66f-4c20-4033-8a14-ae1c92f826d5","checksum":"15e377f79ece4daa09e0de17d9e51284681571c64c12bc7f7049b5deff68b707"}]},"esign":false}
2026-04-20 13:12:39,596 INFO [TG_Test 1-82] o.a.j.p.j.s.J.Create payload: formData={order_type=DISMISSAL, order_number=1595, order_date=2026-04-20T13:17:10.952Z, files=[{id=07dfd66f-4c20-4033-8a14-ae1c92f826d5, checksum=15e377f79ece4daa09e0de17d9e51284681571c64c12bc7f7049b5deff68b707}]}
2026-04-20 13:12:39,596 INFO [TG_Test 1-82] o.a.j.p.j.s.J.Create payload: Payload={"data":{"order_type":"DISMISSAL","order_number":"1595","order_date":"2026-04-20","files":[{"id":"07dfd66f-4c20-4033-8a14-ae1c92f826d5","checksum":"15e377f79ece4daa09e0de17d9e51284681571c64c12bc7f7049b5deff68b707"}],"birthday":"1994-11-20"}}
2026-04-20 13:12:39,615 INFO [TG_Test 1-81] o.a.j.p.j.s.J.Create payload: formData={"id":"75a513fa-3ca1-11f1-beaf-0a580a80027a","taskDefinitionKey":"Activity_11jqc4d","name":"переглянути дані та внести зміни","assignee":"perf-test-officer-81","created":"2026-04-20T10:12:38.635Z","description":null,"processInstanceId":"6f5330de-3ca1-11f1-beaf-0a580a80027a","rootProcessInstanceId":"6f5330de-3ca1-11f1-beaf-0a580a80027a","processDefinitionId":"b29a4815-3a3c-11f1-9c26-0a580a800265","processDefinitionName":"Процес для перевірки збереження декількох сутностей в рамках однієї транзакції - nested entity","formKey":"feature-form-add-thirdform","suspended":false,"formVariables":{},"signatureValidationPack":[],"data":{"order_type":"TRANSFER","order_number":"5863","order_date":"2026-04-20T13:17:10.952Z","files":[{"id":"8c216a1d-57ec-4481-9dfd-1469c8699b73","checksum":"15e377f79ece4daa09e0de17d9e51284681571c64c12bc7f7049b5deff68b707"}]},"esign":false}
2026-04-20 13:12:39,615 INFO [TG_Test 1-81] o.a.j.p.j.s.J.Create payload: formData={order_type=TRANSFER, order_number=5863, order_date=2026-04-20T13:17:10.952Z, files=[{id=8c216a1d-57ec-4481-9dfd-1469c8699b73, checksum=15e377f79ece4daa09e0de17d9e51284681571c64c12bc7f7049b5deff68b707}]}
2026-04-20 13:12:39,615 INFO [TG_Test 1-81] o.a.j.p.j.s.J.Create payload: Payload={"data":{"order_type":"TRANSFER","order_number":"5863","order_date":"2026-04-20","files":[{"id":"8c216a1d-57ec-4481-9dfd-1469c8699b73","checksum":"15e377f79ece4daa09e0de17d9e51284681571c64c12bc7f7049b5deff68b707"}],"birthday":"2005-03-15"}}
2026-04-20 13:12:39,624 INFO [TG_Test 1-68] o.a.j.p.j.s.J.Create payload: formData={"id":"7511d4b6-3ca1-11f1-beaf-0a580a80027a","taskDefinitionKey":"signDataActivity","name":"Підписати дані про освітній профіль","assignee":"perf-test-officer-68","created":"2026-04-20T10:12:37.670Z","description":null,"processInstanceId":"6da977aa-3ca1-11f1-beaf-0a580a80027a","rootProcessInstanceId":"6da977aa-3ca1-11f1-beaf-0a580a80027a","processDefinitionId":"b29a4815-3a3c-11f1-9c26-0a580a800265","processDefinitionName":"Процес для перевірки збереження декількох сутностей в рамках однієї транзакції - nested entity","formKey":"feature-form-add-fourth","suspended":false,"formVariables":{},"signatureValidationPack":[],"data":{"order_type":"ENROLLMENT","order_number":"1703","order_date":"2026-04-20","files":[{"id":"f8563f85-37ef-4452-989d-8573afc55442","checksum":"15e377f79ece4daa09e0de17d9e51284681571c64c12bc7f7049b5deff68b707"}],"birthday":"2007-09-16"},"esign":true}
2026-04-20 13:12:39,624 INFO [TG_Test 1-68] o.a.j.p.j.s.J.Create payload: formData={order_type=ENROLLMENT, order_number=1703, order_date=2026-04-20, files=[{id=f8563f85-37ef-4452-989d-8573afc55442, checksum=15e377f79ece4daa09e0de17d9e51284681571c64c12bc7f7049b5deff68b707}], birthday=2007-09-16}
2026-04-20 13:12:39,624 INFO [TG_Test 1-68] o.a.j.p.j.s.J.Create payload: Payload={"data":{"order_type":"ENROLLMENT","order_number":"1703","order_date":"2026-04-20","files":[{"id":"f8563f85-37ef-4452-989d-8573afc55442","checksum":"15e377f79ece4daa09e0de17d9e51284681571c64c12bc7f7049b5deff68b707"}],"birthday":"2007-09-16"},"signature":"perf-test-officer-68.dat"}
2026-04-20 13:12:39,639 INFO [TG_Test 1-89] o.a.j.p.j.s.J.Create payload: formData={"id":"75ed67f2-3ca1-11f1-beaf-0a580a80027a","taskDefinitionKey":"Activity_11jqc4d","name":"переглянути дані та внести зміни","assignee":"perf-test-officer-89","created":"2026-04-20T10:12:39.109Z","description":null,"processInstanceId":"70457fcd-3ca1-11f1-beaf-0a580a80027a","rootProcessInstanceId":"70457fcd-3ca1-11f1-beaf-0a580a80027a","processDefinitionId":"b29a4815-3a3c-11f1-9c26-0a580a800265","processDefinitionName":"Процес для перевірки збереження декількох сутностей в рамках однієї транзакції - nested entity","formKey":"feature-form-add-thirdform","suspended":false,"formVariables":{},"signatureValidationPack":[],"data":{"order_type":"TRANSFER","order_number":"6891","order_date":"2026-04-20T13:17:10.952Z","files":[{"id":"ce440686-28cf-4321-bc38-a1225e4a5a8d","checksum":"15e377f79ece4daa09e0de17d9e51284681571c64c12bc7f7049b5deff68b707"}]},"esign":false}
2026-04-20 13:12:39,639 INFO [TG_Test 1-89] o.a.j.p.j.s.J.Create payload: formData={order_type=TRANSFER, order_number=6891, order_date=2026-04-20T13:17:10.952Z, files=[{id=ce440686-28cf-4321-bc38-a1225e4a5a8d, checksum=15e377f79ece4daa09e0de17d9e51284681571c64c12bc7f7049b5deff68b707}]}
2026-04-20 13:12:39,639 INFO [TG_Test 1-89] o.a.j.p.j.s.J.Create payload: Payload={"data":{"order_type":"TRANSFER","order_number":"6891","order_date":"2026-04-20","files":[{"id":"ce440686-28cf-4321-bc38-a1225e4a5a8d","checksum":"15e377f79ece4daa09e0de17d9e51284681571c64c12bc7f7049b5deff68b707"}],"birthday":"2007-07-02"}}
2026-04-20 13:12:39,653 INFO [TG_Test 1-74] o.a.j.p.j.s.J.Create payload: formData={"id":"758a5fe6-3ca1-11f1-beaf-0a580a80027a","taskDefinitionKey":"signDataActivity","name":"Підписати дані про освітній профіль","assignee":"perf-test-officer-74","created":"2026-04-20T10:12:38.460Z","description":null,"processInstanceId":"6dfd3daa-3ca1-11f1-beaf-0a580a80027a","rootProcessInstanceId":"6dfd3daa-3ca1-11f1-beaf-0a580a80027a","processDefinitionId":"b29a4815-3a3c-11f1-9c26-0a580a800265","processDefinitionName":"Процес для перевірки збереження декількох сутностей в рамках однієї транзакції - nested entity","formKey":"feature-form-add-fourth","suspended":false,"formVariables":{},"signatureValidationPack":[],"data":{"order_type":"ENROLLMENT","order_number":"8709","order_date":"2026-04-20","files":[{"id":"2af95335-6a4c-4ffe-aa2a-7e48d77932d1","checksum":"15e377f79ece4daa09e0de17d9e51284681571c64c12bc7f7049b5deff68b707"}],"birthday":"2005-04-22"},"esign":true}
2026-04-20 13:12:39,653 INFO [TG_Test 1-74] o.a.j.p.j.s.J.Create payload: formData={order_type=ENROLLMENT, order_number=8709, order_date=2026-04-20, files=[{id=2af95335-6a4c-4ffe-aa2a-7e48d77932d1, checksum=15e377f79ece4daa09e0de17d9e51284681571c64c12bc7f7049b5deff68b707}], birthday=2005-04-22}
2026-04-20 13:12:39,653 INFO [TG_Test 1-74] o.a.j.p.j.s.J.Create payload: Payload={"data":{"order_type":"ENROLLMENT","order_number":"8709","order_date":"2026-04-20","files":[{"id":"2af95335-6a4c-4ffe-aa2a-7e48d77932d1","checksum":"15e377f79ece4daa09e0de17d9e51284681571c64c12bc7f7049b5deff68b707"}],"birthday":"2005-04-22"},"signature":"perf-test-officer-74.dat"}
2026-04-20 13:12:39,661 INFO [TG_Test 1-79] o.a.j.p.j.s.J.Create payload: formData={"id":"752eabce-3ca1-11f1-beaf-0a580a80027a","taskDefinitionKey":"Activity_11jqc4d","name":"переглянути дані та внести зміни","assignee":"perf-test-officer-79","created":"2026-04-20T10:12:37.859Z","description":null,"processInstanceId":"6f887110-3ca1-11f1-beaf-0a580a80027a","rootProcessInstanceId":"6f887110-3ca1-11f1-beaf-0a580a80027a","processDefinitionId":"b29a4815-3a3c-11f1-9c26-0a580a800265","processDefinitionName":"Процес для перевірки збереження декількох сутностей в рамках однієї транзакції - nested entity","formKey":"feature-form-add-thirdform","suspended":false,"formVariables":{},"signatureValidationPack":[],"data":{"order_type":"DISMISSAL","order_number":"2704","order_date":"2026-04-20T13:17:10.952Z","files":[{"id":"f1fcd454-5375-4567-af6c-c274580c45de","checksum":"15e377f79ece4daa09e0de17d9e51284681571c64c12bc7f7049b5deff68b707"}]},"esign":false}
2026-04-20 13:12:39,661 INFO [TG_Test 1-79] o.a.j.p.j.s.J.Create payload: formData={order_type=DISMISSAL, order_number=2704, order_date=2026-04-20T13:17:10.952Z, files=[{id=f1fcd454-5375-4567-af6c-c274580c45de, checksum=15e377f79ece4daa09e0de17d9e51284681571c64c12bc7f7049b5deff68b707}]}
2026-04-20 13:12:39,661 INFO [TG_Test 1-79] o.a.j.p.j.s.J.Create payload: Payload={"data":{"order_type":"DISMISSAL","order_number":"2704","order_date":"2026-04-20","files":[{"id":"f1fcd454-5375-4567-af6c-c274580c45de","checksum":"15e377f79ece4daa09e0de17d9e51284681571c64c12bc7f7049b5deff68b707"}],"birthday":"1981-05-21"}}
2026-04-20 13:12:39,662 INFO [TG_Test 1-62] o.a.j.p.j.s.J.Create payload: formData={"id":"75fc832d-3ca1-11f1-beaf-0a580a80027a","taskDefinitionKey":"signDataActivity","name":"Підписати дані про освітній профіль","assignee":"perf-test-officer-62","created":"2026-04-20T10:12:39.208Z","description":null,"processInstanceId":"6d8156f5-3ca1-11f1-beaf-0a580a80027a","rootProcessInstanceId":"6d8156f5-3ca1-11f1-beaf-0a580a80027a","processDefinitionId":"b29a4815-3a3c-11f1-9c26-0a580a800265","processDefinitionName":"Процес для перевірки збереження декількох сутностей в рамках однієї транзакції - nested entity","formKey":"feature-form-add-fourth","suspended":false,"formVariables":{},"signatureValidationPack":[],"data":{"order_type":"TRANSFER","order_number":"4030","order_date":"2026-04-20","files":[{"id":"9d6f52a5-70af-4a50-b7a1-78751b2b41ba","checksum":"15e377f79ece4daa09e0de17d9e51284681571c64c12bc7f7049b5deff68b707"}],"birthday":"1995-04-17"},"esign":true}
2026-04-20 13:12:39,662 INFO [TG_Test 1-62] o.a.j.p.j.s.J.Create payload: formData={order_type=TRANSFER, order_number=4030, order_date=2026-04-20, files=[{id=9d6f52a5-70af-4a50-b7a1-78751b2b41ba, checksum=15e377f79ece4daa09e0de17d9e51284681571c64c12bc7f7049b5deff68b707}], birthday=1995-04-17}
2026-04-20 13:12:39,663 INFO [TG_Test 1-62] o.a.j.p.j.s.J.Create payload: Payload={"data":{"order_type":"TRANSFER","order_number":"4030","order_date":"2026-04-20","files":[{"id":"9d6f52a5-70af-4a50-b7a1-78751b2b41ba","checksum":"15e377f79ece4daa09e0de17d9e51284681571c64c12bc7f7049b5deff68b707"}],"birthday":"1995-04-17"},"signature":"perf-test-officer-62.dat"}
2026-04-20 13:12:39,670 INFO [TG_Test 1-99] o.a.j.p.j.s.J.Create payload: formData={"id":"753b2f07-3ca1-11f1-beaf-0a580a80027a","taskDefinitionKey":"signPersonProfileActivity","name":"Підписати дані про освітній профіль","assignee":"perf-test-officer-99","created":"2026-04-20T10:12:37.941Z","description":null,"processInstanceId":"717eea47-3ca1-11f1-beaf-0a580a80027a","rootProcessInstanceId":"717eea47-3ca1-11f1-beaf-0a580a80027a","processDefinitionId":"b29a4815-3a3c-11f1-9c26-0a580a800265","processDefinitionName":"Процес для перевірки збереження декількох сутностей в рамках однієї транзакції - nested entity","formKey":"feature-form-add-signd","suspended":false,"formVariables":{},"signatureValidationPack":[],"data":{"first_name":"В’ячеслав","last_name":"Унич","second_name":"Сергійович","order_date":"2026-04-20","order_number":"4262","order_type":"ENROLLMENT","birthday":"2002-12-21","file":[{"id":"b6e79057-2e2d-4d76-872a-cbdadb6dc389","checksum":"15e377f79ece4daa09e0de17d9e51284681571c64c12bc7f7049b5deff68b707"}]},"esign":true}
2026-04-20 13:12:39,670 INFO [TG_Test 1-99] o.a.j.p.j.s.J.Create payload: formData={first_name=В’ячеслав, last_name=Унич, second_name=Сергійович, order_date=2026-04-20, order_number=4262, order_type=ENROLLMENT, birthday=2002-12-21, file=[{id=b6e79057-2e2d-4d76-872a-cbdadb6dc389, checksum=15e377f79ece4daa09e0de17d9e51284681571c64c12bc7f7049b5deff68b707}]}
2026-04-20 13:12:39,670 INFO [TG_Test 1-99] o.a.j.p.j.s.J.Create payload: Payload={"data":{"first_name":"\u0412\u2019\u044f\u0447\u0435\u0441\u043b\u0430\u0432","last_name":"\u0423\u043d\u0438\u0447","second_name":"\u0421\u0435\u0440\u0433\u0456\u0439\u043e\u0432\u0438\u0447","order_date":"2026-04-20","order_number":"4262","order_type":"ENROLLMENT","birthday":"2002-12-21","file":[{"id":"b6e79057-2e2d-4d76-872a-cbdadb6dc389","checksum":"15e377f79ece4daa09e0de17d9e51284681571c64c12bc7f7049b5deff68b707"}]},"signature":"perf-test-officer-99.dat"}
2026-04-20 13:12:39,820 INFO [TG_Test 1-72] o.a.j.p.j.s.J.Create payload: formData={"id":"75e44026-3ca1-11f1-beaf-0a580a80027a","taskDefinitionKey":"signDataActivity","name":"Підписати дані про освітній профіль","assignee":"perf-test-officer-72","created":"2026-04-20T10:12:39.049Z","description":null,"processInstanceId":"6dc1bad8-3ca1-11f1-beaf-0a580a80027a","rootProcessInstanceId":"6dc1bad8-3ca1-11f1-beaf-0a580a80027a","processDefinitionId":"b29a4815-3a3c-11f1-9c26-0a580a800265","processDefinitionName":"Процес для перевірки збереження декількох сутностей в рамках однієї транзакції - nested entity","formKey":"feature-form-add-fourth","suspended":false,"formVariables":{},"signatureValidationPack":[],"data":{"order_type":"DISMISSAL","order_number":"1445","order_date":"2026-04-20","files":[{"id":"563bac3c-9f16-4e8e-860a-c7eb5acea99a","checksum":"15e377f79ece4daa09e0de17d9e51284681571c64c12bc7f7049b5deff68b707"}],"birthday":"2005-08-20"},"esign":true}
2026-04-20 13:12:39,820 INFO [TG_Test 1-72] o.a.j.p.j.s.J.Create payload: formData={order_type=DISMISSAL, order_number=1445, order_date=2026-04-20, files=[{id=563bac3c-9f16-4e8e-860a-c7eb5acea99a, checksum=15e377f79ece4daa09e0de17d9e51284681571c64c12bc7f7049b5deff68b707}], birthday=2005-08-20}
2026-04-20 13:12:39,820 INFO [TG_Test 1-72] o.a.j.p.j.s.J.Create payload: Payload={"data":{"order_type":"DISMISSAL","order_number":"1445","order_date":"2026-04-20","files":[{"id":"563bac3c-9f16-4e8e-860a-c7eb5acea99a","checksum":"15e377f79ece4daa09e0de17d9e51284681571c64c12bc7f7049b5deff68b707"}],"birthday":"2005-08-20"},"signature":"perf-test-officer-72.dat"}
2026-04-20 13:12:39,897 INFO [TG_Test 1-51] o.a.j.e.J.JSR223 - Clear Cookie: === [SESSION CLEAR] HTTP Cookie Manager очищено ===
2026-04-20 13:12:39,897 INFO [TG_Test 1-51] o.a.j.e.J.JSR223 - Clear Cookie: === [SESSION CLEAR] Змінні авторизації видалено. Готові до логіну Провайдера. ===
2026-04-20 13:12:39,897 INFO [TG_Test 1-51] o.a.j.t.JMeterThread: Stop Thread seen for thread TG_Test 1-51, reason: org.apache.jorphan.util.JMeterStopThreadException: End of file:/home/vlad/diia/projects/perf-testing-methodology/test-data/nested-entity-execution-plan.csv detected for CSV DataSet:CSV - Users Data configured with stopThread:true, recycle:false
2026-04-20 13:12:39,897 INFO [TG_Test 1-51] o.a.j.t.JMeterThread: Thread finished: TG_Test 1-51
2026-04-20 13:12:39,912 INFO [TG_Test 1-85] o.a.j.p.j.s.J.Create payload: formData={"id":"75cd83be-3ca1-11f1-beaf-0a580a80027a","taskDefinitionKey":"Activity_11jqc4d","name":"переглянути дані та внести зміни","assignee":"perf-test-officer-85","created":"2026-04-20T10:12:38.900Z","description":null,"processInstanceId":"6f9c475c-3ca1-11f1-beaf-0a580a80027a","rootProcessInstanceId":"6f9c475c-3ca1-11f1-beaf-0a580a80027a","processDefinitionId":"b29a4815-3a3c-11f1-9c26-0a580a800265","processDefinitionName":"Процес для перевірки збереження декількох сутностей в рамках однієї транзакції - nested entity","formKey":"feature-form-add-thirdform","suspended":false,"formVariables":{},"signatureValidationPack":[],"data":{"order_type":"TRANSFER","order_number":"9927","order_date":"2026-04-20T13:17:10.952Z","files":[{"id":"37ec1eaa-5fc3-45d5-ac47-e690b87fb21f","checksum":"15e377f79ece4daa09e0de17d9e51284681571c64c12bc7f7049b5deff68b707"}]},"esign":false}
2026-04-20 13:12:39,913 INFO [TG_Test 1-85] o.a.j.p.j.s.J.Create payload: formData={order_type=TRANSFER, order_number=9927, order_date=2026-04-20T13:17:10.952Z, files=[{id=37ec1eaa-5fc3-45d5-ac47-e690b87fb21f, checksum=15e377f79ece4daa09e0de17d9e51284681571c64c12bc7f7049b5deff68b707}]}
2026-04-20 13:12:39,913 INFO [TG_Test 1-85] o.a.j.p.j.s.J.Create payload: Payload={"data":{"order_type":"TRANSFER","order_number":"9927","order_date":"2026-04-20","files":[{"id":"37ec1eaa-5fc3-45d5-ac47-e690b87fb21f","checksum":"15e377f79ece4daa09e0de17d9e51284681571c64c12bc7f7049b5deff68b707"}],"birthday":"1989-04-23"}}
2026-04-20 13:12:39,958 INFO [TG_Test 1-53] o.a.j.e.J.JSR223 - Clear Cookie: === [SESSION CLEAR] HTTP Cookie Manager очищено ===
2026-04-20 13:12:39,958 INFO [TG_Test 1-53] o.a.j.e.J.JSR223 - Clear Cookie: === [SESSION CLEAR] Змінні авторизації видалено. Готові до логіну Провайдера. ===
2026-04-20 13:12:39,958 INFO [TG_Test 1-53] o.a.j.t.JMeterThread: Stop Thread seen for thread TG_Test 1-53, reason: org.apache.jorphan.util.JMeterStopThreadException: End of file:/home/vlad/diia/projects/perf-testing-methodology/test-data/nested-entity-execution-plan.csv detected for CSV DataSet:CSV - Users Data configured with stopThread:true, recycle:false
2026-04-20 13:12:39,958 INFO [TG_Test 1-53] o.a.j.t.JMeterThread: Thread finished: TG_Test 1-53
2026-04-20 13:12:39,964 INFO [TG_Test 1-100] o.a.j.p.j.s.J.Create payload: formData={"id":"75dcc607-3ca1-11f1-beaf-0a580a80027a","taskDefinitionKey":"signPersonProfileActivity","name":"Підписати дані про освітній профіль","assignee":"perf-test-officer-100","created":"2026-04-20T10:12:39.000Z","description":null,"processInstanceId":"7266644c-3ca1-11f1-beaf-0a580a80027a","rootProcessInstanceId":"7266644c-3ca1-11f1-beaf-0a580a80027a","processDefinitionId":"b29a4815-3a3c-11f1-9c26-0a580a800265","processDefinitionName":"Процес для перевірки збереження декількох сутностей в рамках однієї транзакції - nested entity","formKey":"feature-form-add-signd","suspended":false,"formVariables":{},"signatureValidationPack":[],"data":{"first_name":"Влада","last_name":"Приймак","second_name":"Сергіївна","order_date":"2026-04-20","order_number":"3980","order_type":"ENROLLMENT","birthday":"1970-08-23","file":[{"id":"f3721975-8d8c-405f-b196-c77acdfc3eac","checksum":"15e377f79ece4daa09e0de17d9e51284681571c64c12bc7f7049b5deff68b707"}]},"esign":true}
2026-04-20 13:12:39,964 INFO [TG_Test 1-100] o.a.j.p.j.s.J.Create payload: formData={first_name=Влада, last_name=Приймак, second_name=Сергіївна, order_date=2026-04-20, order_number=3980, order_type=ENROLLMENT, birthday=1970-08-23, file=[{id=f3721975-8d8c-405f-b196-c77acdfc3eac, checksum=15e377f79ece4daa09e0de17d9e51284681571c64c12bc7f7049b5deff68b707}]}
2026-04-20 13:12:39,964 INFO [TG_Test 1-100] o.a.j.p.j.s.J.Create payload: Payload={"data":{"first_name":"\u0412\u043b\u0430\u0434\u0430","last_name":"\u041f\u0440\u0438\u0439\u043c\u0430\u043a","second_name":"\u0421\u0435\u0440\u0433\u0456\u0457\u0432\u043d\u0430","order_date":"2026-04-20","order_number":"3980","order_type":"ENROLLMENT","birthday":"1970-08-23","file":[{"id":"f3721975-8d8c-405f-b196-c77acdfc3eac","checksum":"15e377f79ece4daa09e0de17d9e51284681571c64c12bc7f7049b5deff68b707"}]},"signature":"perf-test-officer-100.dat"}
2026-04-20 13:12:40,091 INFO [TG_Test 1-84] o.a.j.p.j.s.J.Create payload: formData={"id":"752d9a52-3ca1-11f1-beaf-0a580a80027a","taskDefinitionKey":"Activity_11jqc4d","name":"переглянути дані та внести зміни","assignee":"perf-test-officer-84","created":"2026-04-20T10:12:37.852Z","description":null,"processInstanceId":"6f5bbc71-3ca1-11f1-beaf-0a580a80027a","rootProcessInstanceId":"6f5bbc71-3ca1-11f1-beaf-0a580a80027a","processDefinitionId":"b29a4815-3a3c-11f1-9c26-0a580a800265","processDefinitionName":"Процес для перевірки збереження декількох сутностей в рамках однієї транзакції - nested entity","formKey":"feature-form-add-thirdform","suspended":false,"formVariables":{},"signatureValidationPack":[],"data":{"order_type":"DISMISSAL","order_number":"3283","order_date":"2026-04-20T13:17:10.952Z","files":[{"id":"b756a8ed-e4a4-4889-863f-df31bb81c2d0","checksum":"15e377f79ece4daa09e0de17d9e51284681571c64c12bc7f7049b5deff68b707"}]},"esign":false}
2026-04-20 13:12:40,091 INFO [TG_Test 1-84] o.a.j.p.j.s.J.Create payload: formData={order_type=DISMISSAL, order_number=3283, order_date=2026-04-20T13:17:10.952Z, files=[{id=b756a8ed-e4a4-4889-863f-df31bb81c2d0, checksum=15e377f79ece4daa09e0de17d9e51284681571c64c12bc7f7049b5deff68b707}]}
2026-04-20 13:12:40,091 INFO [TG_Test 1-84] o.a.j.p.j.s.J.Create payload: Payload={"data":{"order_type":"DISMISSAL","order_number":"3283","order_date":"2026-04-20","files":[{"id":"b756a8ed-e4a4-4889-863f-df31bb81c2d0","checksum":"15e377f79ece4daa09e0de17d9e51284681571c64c12bc7f7049b5deff68b707"}],"birthday":"1968-11-05"}}
2026-04-20 13:12:40,119 INFO [TG_Test 1-93] o.a.j.p.j.s.J.Create payload: formData={"id":"75b87507-3ca1-11f1-beaf-0a580a80027a","taskDefinitionKey":"Activity_11jqc4d","name":"переглянути дані та внести зміни","assignee":"perf-test-officer-93","created":"2026-04-20T10:12:38.762Z","description":null,"processInstanceId":"704f43f0-3ca1-11f1-beaf-0a580a80027a","rootProcessInstanceId":"704f43f0-3ca1-11f1-beaf-0a580a80027a","processDefinitionId":"b29a4815-3a3c-11f1-9c26-0a580a800265","processDefinitionName":"Процес для перевірки збереження декількох сутностей в рамках однієї транзакції - nested entity","formKey":"feature-form-add-thirdform","suspended":false,"formVariables":{},"signatureValidationPack":[],"data":{"order_type":"TRANSFER","order_number":"2520","order_date":"2026-04-20T13:17:10.952Z","files":[{"id":"e73c3df4-399b-41d7-9406-3804898f4cb9","checksum":"15e377f79ece4daa09e0de17d9e51284681571c64c12bc7f7049b5deff68b707"}]},"esign":false}
2026-04-20 13:12:40,119 INFO [TG_Test 1-93] o.a.j.p.j.s.J.Create payload: formData={order_type=TRANSFER, order_number=2520, order_date=2026-04-20T13:17:10.952Z, files=[{id=e73c3df4-399b-41d7-9406-3804898f4cb9, checksum=15e377f79ece4daa09e0de17d9e51284681571c64c12bc7f7049b5deff68b707}]}
2026-04-20 13:12:40,119 INFO [TG_Test 1-93] o.a.j.p.j.s.J.Create payload: Payload={"data":{"order_type":"TRANSFER","order_number":"2520","order_date":"2026-04-20","files":[{"id":"e73c3df4-399b-41d7-9406-3804898f4cb9","checksum":"15e377f79ece4daa09e0de17d9e51284681571c64c12bc7f7049b5deff68b707"}],"birthday":"1988-11-14"}}
2026-04-20 13:12:40,226 INFO [TG_Test 1-91] o.a.j.p.j.s.J.Create payload: formData={"id":"7612a361-3ca1-11f1-beaf-0a580a80027a","taskDefinitionKey":"Activity_11jqc4d","name":"переглянути дані та внести зміни","assignee":"perf-test-officer-91","created":"2026-04-20T10:12:39.353Z","description":null,"processInstanceId":"7026acfa-3ca1-11f1-beaf-0a580a80027a","rootProcessInstanceId":"7026acfa-3ca1-11f1-beaf-0a580a80027a","processDefinitionId":"b29a4815-3a3c-11f1-9c26-0a580a800265","processDefinitionName":"Процес для перевірки збереження декількох сутностей в рамках однієї транзакції - nested entity","formKey":"feature-form-add-thirdform","suspended":false,"formVariables":{},"signatureValidationPack":[],"data":{"order_type":"DISMISSAL","order_number":"8288","order_date":"2026-04-20T13:17:10.952Z","files":[{"id":"5d7e4ae0-1203-498d-8bb5-ebeed2552499","checksum":"15e377f79ece4daa09e0de17d9e51284681571c64c12bc7f7049b5deff68b707"}]},"esign":false}
2026-04-20 13:12:40,226 INFO [TG_Test 1-91] o.a.j.p.j.s.J.Create payload: formData={order_type=DISMISSAL, order_number=8288, order_date=2026-04-20T13:17:10.952Z, files=[{id=5d7e4ae0-1203-498d-8bb5-ebeed2552499, checksum=15e377f79ece4daa09e0de17d9e51284681571c64c12bc7f7049b5deff68b707}]}
2026-04-20 13:12:40,226 INFO [TG_Test 1-91] o.a.j.p.j.s.J.Create payload: Payload={"data":{"order_type":"DISMISSAL","order_number":"8288","order_date":"2026-04-20","files":[{"id":"5d7e4ae0-1203-498d-8bb5-ebeed2552499","checksum":"15e377f79ece4daa09e0de17d9e51284681571c64c12bc7f7049b5deff68b707"}],"birthday":"1968-02-08"}}
2026-04-20 13:12:40,256 INFO [TG_Test 1-60] o.a.j.e.J.JSR223 - Clear Cookie: === [SESSION CLEAR] HTTP Cookie Manager очищено ===
2026-04-20 13:12:40,256 INFO [TG_Test 1-60] o.a.j.e.J.JSR223 - Clear Cookie: === [SESSION CLEAR] Змінні авторизації видалено. Готові до логіну Провайдера. ===
2026-04-20 13:12:40,256 INFO [TG_Test 1-60] o.a.j.t.JMeterThread: Stop Thread seen for thread TG_Test 1-60, reason: org.apache.jorphan.util.JMeterStopThreadException: End of file:/home/vlad/diia/projects/perf-testing-methodology/test-data/nested-entity-execution-plan.csv detected for CSV DataSet:CSV - Users Data configured with stopThread:true, recycle:false
2026-04-20 13:12:40,256 INFO [TG_Test 1-60] o.a.j.t.JMeterThread: Thread finished: TG_Test 1-60
2026-04-20 13:12:40,271 INFO [TG_Test 1-90] o.a.j.p.j.s.J.Create payload: formData={"id":"763b3a25-3ca1-11f1-beaf-0a580a80027a","taskDefinitionKey":"Activity_11jqc4d","name":"переглянути дані та внести зміни","assignee":"perf-test-officer-90","created":"2026-04-20T10:12:39.619Z","description":null,"processInstanceId":"7001989e-3ca1-11f1-beaf-0a580a80027a","rootProcessInstanceId":"7001989e-3ca1-11f1-beaf-0a580a80027a","processDefinitionId":"b29a4815-3a3c-11f1-9c26-0a580a800265","processDefinitionName":"Процес для перевірки збереження декількох сутностей в рамках однієї транзакції - nested entity","formKey":"feature-form-add-thirdform","suspended":false,"formVariables":{},"signatureValidationPack":[],"data":{"order_type":"TRANSFER","order_number":"5611","order_date":"2026-04-20T13:17:10.952Z","files":[{"id":"179a1d43-e390-4638-af06-caf5c3369147","checksum":"15e377f79ece4daa09e0de17d9e51284681571c64c12bc7f7049b5deff68b707"}]},"esign":false}
2026-04-20 13:12:40,272 INFO [TG_Test 1-90] o.a.j.p.j.s.J.Create payload: formData={order_type=TRANSFER, order_number=5611, order_date=2026-04-20T13:17:10.952Z, files=[{id=179a1d43-e390-4638-af06-caf5c3369147, checksum=15e377f79ece4daa09e0de17d9e51284681571c64c12bc7f7049b5deff68b707}]}
2026-04-20 13:12:40,272 INFO [TG_Test 1-90] o.a.j.p.j.s.J.Create payload: Payload={"data":{"order_type":"TRANSFER","order_number":"5611","order_date":"2026-04-20","files":[{"id":"179a1d43-e390-4638-af06-caf5c3369147","checksum":"15e377f79ece4daa09e0de17d9e51284681571c64c12bc7f7049b5deff68b707"}],"birthday":"1983-03-30"}}
2026-04-20 13:12:40,278 INFO [TG_Test 1-66] o.a.j.p.j.s.J.Create payload: formData={"id":"7632ae8e-3ca1-11f1-beaf-0a580a80027a","taskDefinitionKey":"signDataActivity","name":"Підписати дані про освітній профіль","assignee":"perf-test-officer-66","created":"2026-04-20T10:12:39.563Z","description":null,"processInstanceId":"6d75e52b-3ca1-11f1-beaf-0a580a80027a","rootProcessInstanceId":"6d75e52b-3ca1-11f1-beaf-0a580a80027a","processDefinitionId":"b29a4815-3a3c-11f1-9c26-0a580a800265","processDefinitionName":"Процес для перевірки збереження декількох сутностей в рамках однієї транзакції - nested entity","formKey":"feature-form-add-fourth","suspended":false,"formVariables":{},"signatureValidationPack":[],"data":{"order_type":"DISMISSAL","order_number":"1538","order_date":"2026-04-20","files":[{"id":"f1b812e8-1402-4374-b0e4-bdf00a40bb14","checksum":"15e377f79ece4daa09e0de17d9e51284681571c64c12bc7f7049b5deff68b707"}],"birthday":"1996-05-05"},"esign":true}
2026-04-20 13:12:40,278 INFO [TG_Test 1-66] o.a.j.p.j.s.J.Create payload: formData={order_type=DISMISSAL, order_number=1538, order_date=2026-04-20, files=[{id=f1b812e8-1402-4374-b0e4-bdf00a40bb14, checksum=15e377f79ece4daa09e0de17d9e51284681571c64c12bc7f7049b5deff68b707}], birthday=1996-05-05}
2026-04-20 13:12:40,278 INFO [TG_Test 1-66] o.a.j.p.j.s.J.Create payload: Payload={"data":{"order_type":"DISMISSAL","order_number":"1538","order_date":"2026-04-20","files":[{"id":"f1b812e8-1402-4374-b0e4-bdf00a40bb14","checksum":"15e377f79ece4daa09e0de17d9e51284681571c64c12bc7f7049b5deff68b707"}],"birthday":"1996-05-05"},"signature":"perf-test-officer-66.dat"}
2026-04-20 13:12:40,288 INFO [TG_Test 1-73] o.a.j.p.j.s.J.Create payload: formData={"id":"76465ccd-3ca1-11f1-beaf-0a580a80027a","taskDefinitionKey":"signDataActivity","name":"Підписати дані про освітній профіль","assignee":"perf-test-officer-73","created":"2026-04-20T10:12:39.692Z","description":null,"processInstanceId":"6e556f8a-3ca1-11f1-beaf-0a580a80027a","rootProcessInstanceId":"6e556f8a-3ca1-11f1-beaf-0a580a80027a","processDefinitionId":"b29a4815-3a3c-11f1-9c26-0a580a800265","processDefinitionName":"Процес для перевірки збереження декількох сутностей в рамках однієї транзакції - nested entity","formKey":"feature-form-add-fourth","suspended":false,"formVariables":{},"signatureValidationPack":[],"data":{"order_type":"DISMISSAL","order_number":"4265","order_date":"2026-04-20","files":[{"id":"33307c11-7b16-4ee9-abd1-aba8c3ef7a95","checksum":"15e377f79ece4daa09e0de17d9e51284681571c64c12bc7f7049b5deff68b707"}],"birthday":"1977-01-20"},"esign":true}
2026-04-20 13:12:40,288 INFO [TG_Test 1-73] o.a.j.p.j.s.J.Create payload: formData={order_type=DISMISSAL, order_number=4265, order_date=2026-04-20, files=[{id=33307c11-7b16-4ee9-abd1-aba8c3ef7a95, checksum=15e377f79ece4daa09e0de17d9e51284681571c64c12bc7f7049b5deff68b707}], birthday=1977-01-20}
2026-04-20 13:12:40,288 INFO [TG_Test 1-73] o.a.j.p.j.s.J.Create payload: Payload={"data":{"order_type":"DISMISSAL","order_number":"4265","order_date":"2026-04-20","files":[{"id":"33307c11-7b16-4ee9-abd1-aba8c3ef7a95","checksum":"15e377f79ece4daa09e0de17d9e51284681571c64c12bc7f7049b5deff68b707"}],"birthday":"1977-01-20"},"signature":"perf-test-officer-73.dat"}
2026-04-20 13:12:40,288 INFO [TG_Test 1-71] o.a.j.p.j.s.J.Create payload: formData={"id":"767164b1-3ca1-11f1-beaf-0a580a80027a","taskDefinitionKey":"signDataActivity","name":"Підписати дані про освітній профіль","assignee":"perf-test-officer-71","created":"2026-04-20T10:12:39.974Z","description":null,"processInstanceId":"6df28f2a-3ca1-11f1-beaf-0a580a80027a","rootProcessInstanceId":"6df28f2a-3ca1-11f1-beaf-0a580a80027a","processDefinitionId":"b29a4815-3a3c-11f1-9c26-0a580a800265","processDefinitionName":"Процес для перевірки збереження декількох сутностей в рамках однієї транзакції - nested entity","formKey":"feature-form-add-fourth","suspended":false,"formVariables":{},"signatureValidationPack":[],"data":{"order_type":"DISMISSAL","order_number":"7593","order_date":"2026-04-20","files":[{"id":"8f33d817-f616-42d0-9d34-a767bc8ae4b7","checksum":"15e377f79ece4daa09e0de17d9e51284681571c64c12bc7f7049b5deff68b707"}],"birthday":"1986-04-02"},"esign":true}
2026-04-20 13:12:40,288 INFO [TG_Test 1-71] o.a.j.p.j.s.J.Create payload: formData={order_type=DISMISSAL, order_number=7593, order_date=2026-04-20, files=[{id=8f33d817-f616-42d0-9d34-a767bc8ae4b7, checksum=15e377f79ece4daa09e0de17d9e51284681571c64c12bc7f7049b5deff68b707}], birthday=1986-04-02}
2026-04-20 13:12:40,289 INFO [TG_Test 1-71] o.a.j.p.j.s.J.Create payload: Payload={"data":{"order_type":"DISMISSAL","order_number":"7593","order_date":"2026-04-20","files":[{"id":"8f33d817-f616-42d0-9d34-a767bc8ae4b7","checksum":"15e377f79ece4daa09e0de17d9e51284681571c64c12bc7f7049b5deff68b707"}],"birthday":"1986-04-02"},"signature":"perf-test-officer-71.dat"}
2026-04-20 13:12:40,295 INFO [TG_Test 1-94] o.a.j.p.j.s.J.Create payload: formData={"id":"7649b83e-3ca1-11f1-beaf-0a580a80027a","taskDefinitionKey":"Activity_11jqc4d","name":"переглянути дані та внести зміни","assignee":"perf-test-officer-94","created":"2026-04-20T10:12:39.714Z","description":null,"processInstanceId":"7091f1c0-3ca1-11f1-beaf-0a580a80027a","rootProcessInstanceId":"7091f1c0-3ca1-11f1-beaf-0a580a80027a","processDefinitionId":"b29a4815-3a3c-11f1-9c26-0a580a800265","processDefinitionName":"Процес для перевірки збереження декількох сутностей в рамках однієї транзакції - nested entity","formKey":"feature-form-add-thirdform","suspended":false,"formVariables":{},"signatureValidationPack":[],"data":{"order_type":"TRANSFER","order_number":"4846","order_date":"2026-04-20T13:17:10.952Z","files":[{"id":"670f5acf-5f86-408b-a6c9-4a7c4ef0b774","checksum":"15e377f79ece4daa09e0de17d9e51284681571c64c12bc7f7049b5deff68b707"}]},"esign":false}
2026-04-20 13:12:40,295 INFO [TG_Test 1-94] o.a.j.p.j.s.J.Create payload: formData={order_type=TRANSFER, order_number=4846, order_date=2026-04-20T13:17:10.952Z, files=[{id=670f5acf-5f86-408b-a6c9-4a7c4ef0b774, checksum=15e377f79ece4daa09e0de17d9e51284681571c64c12bc7f7049b5deff68b707}]}
2026-04-20 13:12:40,295 INFO [TG_Test 1-94] o.a.j.p.j.s.J.Create payload: Payload={"data":{"order_type":"TRANSFER","order_number":"4846","order_date":"2026-04-20","files":[{"id":"670f5acf-5f86-408b-a6c9-4a7c4ef0b774","checksum":"15e377f79ece4daa09e0de17d9e51284681571c64c12bc7f7049b5deff68b707"}],"birthday":"1966-10-28"}}
2026-04-20 13:12:40,331 INFO [TG_Test 1-88] o.a.j.p.j.s.J.Create payload: formData={"id":"7680a6ff-3ca1-11f1-beaf-0a580a80027a","taskDefinitionKey":"Activity_11jqc4d","name":"переглянути дані та внести зміни","assignee":"perf-test-officer-88","created":"2026-04-20T10:12:40.074Z","description":null,"processInstanceId":"70326cda-3ca1-11f1-beaf-0a580a80027a","rootProcessInstanceId":"70326cda-3ca1-11f1-beaf-0a580a80027a","processDefinitionId":"b29a4815-3a3c-11f1-9c26-0a580a800265","processDefinitionName":"Процес для перевірки збереження декількох сутностей в рамках однієї транзакції - nested entity","formKey":"feature-form-add-thirdform","suspended":false,"formVariables":{},"signatureValidationPack":[],"data":{"order_type":"ENROLLMENT","order_number":"3842","order_date":"2026-04-20T13:17:10.952Z","files":[{"id":"87851cd8-b75a-4f65-911f-1a7390d6a33c","checksum":"15e377f79ece4daa09e0de17d9e51284681571c64c12bc7f7049b5deff68b707"}]},"esign":false}
2026-04-20 13:12:40,331 INFO [TG_Test 1-88] o.a.j.p.j.s.J.Create payload: formData={order_type=ENROLLMENT, order_number=3842, order_date=2026-04-20T13:17:10.952Z, files=[{id=87851cd8-b75a-4f65-911f-1a7390d6a33c, checksum=15e377f79ece4daa09e0de17d9e51284681571c64c12bc7f7049b5deff68b707}]}
2026-04-20 13:12:40,331 INFO [TG_Test 1-88] o.a.j.p.j.s.J.Create payload: Payload={"data":{"order_type":"ENROLLMENT","order_number":"3842","order_date":"2026-04-20","files":[{"id":"87851cd8-b75a-4f65-911f-1a7390d6a33c","checksum":"15e377f79ece4daa09e0de17d9e51284681571c64c12bc7f7049b5deff68b707"}],"birthday":"1983-08-10"}}
2026-04-20 13:12:40,400 INFO [TG_Test 1-75] o.a.j.p.j.s.J.Create payload: formData={"id":"76931d9e-3ca1-11f1-beaf-0a580a80027a","taskDefinitionKey":"signDataActivity","name":"Підписати дані про освітній профіль","assignee":"perf-test-officer-75","created":"2026-04-20T10:12:40.195Z","description":null,"processInstanceId":"6ee5ef65-3ca1-11f1-beaf-0a580a80027a","rootProcessInstanceId":"6ee5ef65-3ca1-11f1-beaf-0a580a80027a","processDefinitionId":"b29a4815-3a3c-11f1-9c26-0a580a800265","processDefinitionName":"Процес для перевірки збереження декількох сутностей в рамках однієї транзакції - nested entity","formKey":"feature-form-add-fourth","suspended":false,"formVariables":{},"signatureValidationPack":[],"data":{"order_type":"DISMISSAL","order_number":"9607","order_date":"2026-04-20","files":[{"id":"45f8306b-5af4-4152-8043-b7815ad60a34","checksum":"15e377f79ece4daa09e0de17d9e51284681571c64c12bc7f7049b5deff68b707"}],"birthday":"1988-10-17"},"esign":true}
2026-04-20 13:12:40,400 INFO [TG_Test 1-75] o.a.j.p.j.s.J.Create payload: formData={order_type=DISMISSAL, order_number=9607, order_date=2026-04-20, files=[{id=45f8306b-5af4-4152-8043-b7815ad60a34, checksum=15e377f79ece4daa09e0de17d9e51284681571c64c12bc7f7049b5deff68b707}], birthday=1988-10-17}
2026-04-20 13:12:40,400 INFO [TG_Test 1-75] o.a.j.p.j.s.J.Create payload: Payload={"data":{"order_type":"DISMISSAL","order_number":"9607","order_date":"2026-04-20","files":[{"id":"45f8306b-5af4-4152-8043-b7815ad60a34","checksum":"15e377f79ece4daa09e0de17d9e51284681571c64c12bc7f7049b5deff68b707"}],"birthday":"1988-10-17"},"signature":"perf-test-officer-75.dat"}
2026-04-20 13:12:40,403 INFO [TG_Test 1-97] o.a.j.p.j.s.J.Create payload: formData={"id":"769826bd-3ca1-11f1-beaf-0a580a80027a","taskDefinitionKey":"Activity_11jqc4d","name":"переглянути дані та внести зміни","assignee":"perf-test-officer-97","created":"2026-04-20T10:12:40.228Z","description":null,"processInstanceId":"70848424-3ca1-11f1-beaf-0a580a80027a","rootProcessInstanceId":"70848424-3ca1-11f1-beaf-0a580a80027a","processDefinitionId":"b29a4815-3a3c-11f1-9c26-0a580a800265","processDefinitionName":"Процес для перевірки збереження декількох сутностей в рамках однієї транзакції - nested entity","formKey":"feature-form-add-thirdform","suspended":false,"formVariables":{},"signatureValidationPack":[],"data":{"order_type":"DISMISSAL","order_number":"6200","order_date":"2026-04-20T13:17:10.952Z","files":[{"id":"5f571474-4d7a-473c-be3a-ed3aedb44885","checksum":"15e377f79ece4daa09e0de17d9e51284681571c64c12bc7f7049b5deff68b707"}]},"esign":false}
2026-04-20 13:12:40,404 INFO [TG_Test 1-97] o.a.j.p.j.s.J.Create payload: formData={order_type=DISMISSAL, order_number=6200, order_date=2026-04-20T13:17:10.952Z, files=[{id=5f571474-4d7a-473c-be3a-ed3aedb44885, checksum=15e377f79ece4daa09e0de17d9e51284681571c64c12bc7f7049b5deff68b707}]}
2026-04-20 13:12:40,404 INFO [TG_Test 1-97] o.a.j.p.j.s.J.Create payload: Payload={"data":{"order_type":"DISMISSAL","order_number":"6200","order_date":"2026-04-20","files":[{"id":"5f571474-4d7a-473c-be3a-ed3aedb44885","checksum":"15e377f79ece4daa09e0de17d9e51284681571c64c12bc7f7049b5deff68b707"}],"birthday":"1991-10-09"}}
2026-04-20 13:12:40,427 INFO [TG_Test 1-61] o.a.j.e.J.JSR223 - Clear Cookie: === [SESSION CLEAR] HTTP Cookie Manager очищено ===
2026-04-20 13:12:40,427 INFO [TG_Test 1-61] o.a.j.e.J.JSR223 - Clear Cookie: === [SESSION CLEAR] Змінні авторизації видалено. Готові до логіну Провайдера. ===
2026-04-20 13:12:40,428 INFO [TG_Test 1-61] o.a.j.t.JMeterThread: Stop Thread seen for thread TG_Test 1-61, reason: org.apache.jorphan.util.JMeterStopThreadException: End of file:/home/vlad/diia/projects/perf-testing-methodology/test-data/nested-entity-execution-plan.csv detected for CSV DataSet:CSV - Users Data configured with stopThread:true, recycle:false
2026-04-20 13:12:40,428 INFO [TG_Test 1-61] o.a.j.t.JMeterThread: Thread finished: TG_Test 1-61
2026-04-20 13:12:40,429 INFO [TG_Test 1-67] o.a.j.p.j.s.J.Create payload: formData={"id":"7607319e-3ca1-11f1-beaf-0a580a80027a","taskDefinitionKey":"signDataActivity","name":"Підписати дані про освітній профіль","assignee":"perf-test-officer-67","created":"2026-04-20T10:12:39.278Z","description":null,"processInstanceId":"6debd853-3ca1-11f1-beaf-0a580a80027a","rootProcessInstanceId":"6debd853-3ca1-11f1-beaf-0a580a80027a","processDefinitionId":"b29a4815-3a3c-11f1-9c26-0a580a800265","processDefinitionName":"Процес для перевірки збереження декількох сутностей в рамках однієї транзакції - nested entity","formKey":"feature-form-add-fourth","suspended":false,"formVariables":{},"signatureValidationPack":[],"data":{"order_type":"ENROLLMENT","order_number":"6258","order_date":"2026-04-20","files":[{"id":"c306cc4c-a17b-40cd-92c2-73df0fe45f5c","checksum":"15e377f79ece4daa09e0de17d9e51284681571c64c12bc7f7049b5deff68b707"}],"birthday":"1979-01-25"},"esign":true}
2026-04-20 13:12:40,429 INFO [TG_Test 1-67] o.a.j.p.j.s.J.Create payload: formData={order_type=ENROLLMENT, order_number=6258, order_date=2026-04-20, files=[{id=c306cc4c-a17b-40cd-92c2-73df0fe45f5c, checksum=15e377f79ece4daa09e0de17d9e51284681571c64c12bc7f7049b5deff68b707}], birthday=1979-01-25}
2026-04-20 13:12:40,429 INFO [TG_Test 1-67] o.a.j.p.j.s.J.Create payload: Payload={"data":{"order_type":"ENROLLMENT","order_number":"6258","order_date":"2026-04-20","files":[{"id":"c306cc4c-a17b-40cd-92c2-73df0fe45f5c","checksum":"15e377f79ece4daa09e0de17d9e51284681571c64c12bc7f7049b5deff68b707"}],"birthday":"1979-01-25"},"signature":"perf-test-officer-67.dat"}
2026-04-20 13:12:40,501 INFO [TG_Test 1-58] o.a.j.e.J.JSR223 - Clear Cookie: === [SESSION CLEAR] HTTP Cookie Manager очищено ===
2026-04-20 13:12:40,501 INFO [TG_Test 1-58] o.a.j.e.J.JSR223 - Clear Cookie: === [SESSION CLEAR] Змінні авторизації видалено. Готові до логіну Провайдера. ===
2026-04-20 13:12:40,501 INFO [TG_Test 1-58] o.a.j.t.JMeterThread: Stop Thread seen for thread TG_Test 1-58, reason: org.apache.jorphan.util.JMeterStopThreadException: End of file:/home/vlad/diia/projects/perf-testing-methodology/test-data/nested-entity-execution-plan.csv detected for CSV DataSet:CSV - Users Data configured with stopThread:true, recycle:false
2026-04-20 13:12:40,501 INFO [TG_Test 1-58] o.a.j.t.JMeterThread: Thread finished: TG_Test 1-58
2026-04-20 13:12:40,610 INFO [TG_Test 1-50] o.a.j.e.J.JSR223 - Clear Cookie: === [SESSION CLEAR] HTTP Cookie Manager очищено ===
2026-04-20 13:12:40,610 INFO [TG_Test 1-50] o.a.j.e.J.JSR223 - Clear Cookie: === [SESSION CLEAR] Змінні авторизації видалено. Готові до логіну Провайдера. ===
2026-04-20 13:12:40,610 INFO [TG_Test 1-50] o.a.j.t.JMeterThread: Stop Thread seen for thread TG_Test 1-50, reason: org.apache.jorphan.util.JMeterStopThreadException: End of file:/home/vlad/diia/projects/perf-testing-methodology/test-data/nested-entity-execution-plan.csv detected for CSV DataSet:CSV - Users Data configured with stopThread:true, recycle:false
2026-04-20 13:12:40,610 INFO [TG_Test 1-50] o.a.j.t.JMeterThread: Thread finished: TG_Test 1-50
2026-04-20 13:12:40,710 INFO [TG_Test 1-59] o.a.j.e.J.JSR223 - Clear Cookie: === [SESSION CLEAR] HTTP Cookie Manager очищено ===
2026-04-20 13:12:40,710 INFO [TG_Test 1-59] o.a.j.e.J.JSR223 - Clear Cookie: === [SESSION CLEAR] Змінні авторизації видалено. Готові до логіну Провайдера. ===
2026-04-20 13:12:40,711 INFO [TG_Test 1-59] o.a.j.t.JMeterThread: Stop Thread seen for thread TG_Test 1-59, reason: org.apache.jorphan.util.JMeterStopThreadException: End of file:/home/vlad/diia/projects/perf-testing-methodology/test-data/nested-entity-execution-plan.csv detected for CSV DataSet:CSV - Users Data configured with stopThread:true, recycle:false
2026-04-20 13:12:40,711 INFO [TG_Test 1-59] o.a.j.t.JMeterThread: Thread finished: TG_Test 1-59
2026-04-20 13:12:40,852 INFO [TG_Test 1-78] o.a.j.p.j.s.J.Create payload: formData={"id":"76dde27f-3ca1-11f1-beaf-0a580a80027a","taskDefinitionKey":"signDataActivity","name":"Підписати дані про освітній профіль","assignee":"perf-test-officer-78","created":"2026-04-20T10:12:40.685Z","description":null,"processInstanceId":"6f0f97bf-3ca1-11f1-beaf-0a580a80027a","rootProcessInstanceId":"6f0f97bf-3ca1-11f1-beaf-0a580a80027a","processDefinitionId":"b29a4815-3a3c-11f1-9c26-0a580a800265","processDefinitionName":"Процес для перевірки збереження декількох сутностей в рамках однієї транзакції - nested entity","formKey":"feature-form-add-fourth","suspended":false,"formVariables":{},"signatureValidationPack":[],"data":{"order_type":"TRANSFER","order_number":"8350","order_date":"2026-04-20","files":[{"id":"67cb6c81-9b0f-4814-a198-803725f04ed7","checksum":"15e377f79ece4daa09e0de17d9e51284681571c64c12bc7f7049b5deff68b707"}],"birthday":"1995-11-02"},"esign":true}
2026-04-20 13:12:40,852 INFO [TG_Test 1-78] o.a.j.p.j.s.J.Create payload: formData={order_type=TRANSFER, order_number=8350, order_date=2026-04-20, files=[{id=67cb6c81-9b0f-4814-a198-803725f04ed7, checksum=15e377f79ece4daa09e0de17d9e51284681571c64c12bc7f7049b5deff68b707}], birthday=1995-11-02}
2026-04-20 13:12:40,852 INFO [TG_Test 1-78] o.a.j.p.j.s.J.Create payload: Payload={"data":{"order_type":"TRANSFER","order_number":"8350","order_date":"2026-04-20","files":[{"id":"67cb6c81-9b0f-4814-a198-803725f04ed7","checksum":"15e377f79ece4daa09e0de17d9e51284681571c64c12bc7f7049b5deff68b707"}],"birthday":"1995-11-02"},"signature":"perf-test-officer-78.dat"}
2026-04-20 13:12:40,905 INFO [TG_Test 1-77] o.a.j.p.j.s.J.Create payload: formData={"id":"76e2eb95-3ca1-11f1-beaf-0a580a80027a","taskDefinitionKey":"signDataActivity","name":"Підписати дані про освітній профіль","assignee":"perf-test-officer-77","created":"2026-04-20T10:12:40.718Z","description":null,"processInstanceId":"6e31937a-3ca1-11f1-beaf-0a580a80027a","rootProcessInstanceId":"6e31937a-3ca1-11f1-beaf-0a580a80027a","processDefinitionId":"b29a4815-3a3c-11f1-9c26-0a580a800265","processDefinitionName":"Процес для перевірки збереження декількох сутностей в рамках однієї транзакції - nested entity","formKey":"feature-form-add-fourth","suspended":false,"formVariables":{},"signatureValidationPack":[],"data":{"order_type":"DISMISSAL","order_number":"6840","order_date":"2026-04-20","files":[{"id":"041f3235-23b3-4ce6-b8f0-a68c0775f3b8","checksum":"15e377f79ece4daa09e0de17d9e51284681571c64c12bc7f7049b5deff68b707"}],"birthday":"1997-09-26"},"esign":true}
2026-04-20 13:12:40,905 INFO [TG_Test 1-77] o.a.j.p.j.s.J.Create payload: formData={order_type=DISMISSAL, order_number=6840, order_date=2026-04-20, files=[{id=041f3235-23b3-4ce6-b8f0-a68c0775f3b8, checksum=15e377f79ece4daa09e0de17d9e51284681571c64c12bc7f7049b5deff68b707}], birthday=1997-09-26}
2026-04-20 13:12:40,905 INFO [TG_Test 1-77] o.a.j.p.j.s.J.Create payload: Payload={"data":{"order_type":"DISMISSAL","order_number":"6840","order_date":"2026-04-20","files":[{"id":"041f3235-23b3-4ce6-b8f0-a68c0775f3b8","checksum":"15e377f79ece4daa09e0de17d9e51284681571c64c12bc7f7049b5deff68b707"}],"birthday":"1997-09-26"},"signature":"perf-test-officer-77.dat"}
2026-04-20 13:12:41,087 INFO [TG_Test 1-65] o.a.j.e.J.JSR223 - Clear Cookie: === [SESSION CLEAR] HTTP Cookie Manager очищено ===
2026-04-20 13:12:41,087 INFO [TG_Test 1-65] o.a.j.e.J.JSR223 - Clear Cookie: === [SESSION CLEAR] Змінні авторизації видалено. Готові до логіну Провайдера. ===
2026-04-20 13:12:41,087 INFO [TG_Test 1-65] o.a.j.t.JMeterThread: Stop Thread seen for thread TG_Test 1-65, reason: org.apache.jorphan.util.JMeterStopThreadException: End of file:/home/vlad/diia/projects/perf-testing-methodology/test-data/nested-entity-execution-plan.csv detected for CSV DataSet:CSV - Users Data configured with stopThread:true, recycle:false
2026-04-20 13:12:41,087 INFO [TG_Test 1-65] o.a.j.t.JMeterThread: Thread finished: TG_Test 1-65
2026-04-20 13:12:41,096 INFO [TG_Test 1-95] o.a.j.p.j.s.J.Create payload: formData={"id":"76ff2639-3ca1-11f1-beaf-0a580a80027a","taskDefinitionKey":"Activity_11jqc4d","name":"переглянути дані та внести зміни","assignee":"perf-test-officer-95","created":"2026-04-20T10:12:40.903Z","description":null,"processInstanceId":"7093515d-3ca1-11f1-beaf-0a580a80027a","rootProcessInstanceId":"7093515d-3ca1-11f1-beaf-0a580a80027a","processDefinitionId":"b29a4815-3a3c-11f1-9c26-0a580a800265","processDefinitionName":"Процес для перевірки збереження декількох сутностей в рамках однієї транзакції - nested entity","formKey":"feature-form-add-thirdform","suspended":false,"formVariables":{},"signatureValidationPack":[],"data":{"order_type":"ENROLLMENT","order_number":"4694","order_date":"2026-04-20T13:17:10.952Z","files":[{"id":"90ca0a94-17c6-4779-a65b-9d2893e9bdbd","checksum":"15e377f79ece4daa09e0de17d9e51284681571c64c12bc7f7049b5deff68b707"}]},"esign":false}
2026-04-20 13:12:41,096 INFO [TG_Test 1-95] o.a.j.p.j.s.J.Create payload: formData={order_type=ENROLLMENT, order_number=4694, order_date=2026-04-20T13:17:10.952Z, files=[{id=90ca0a94-17c6-4779-a65b-9d2893e9bdbd, checksum=15e377f79ece4daa09e0de17d9e51284681571c64c12bc7f7049b5deff68b707}]}
2026-04-20 13:12:41,096 INFO [TG_Test 1-95] o.a.j.p.j.s.J.Create payload: Payload={"data":{"order_type":"ENROLLMENT","order_number":"4694","order_date":"2026-04-20","files":[{"id":"90ca0a94-17c6-4779-a65b-9d2893e9bdbd","checksum":"15e377f79ece4daa09e0de17d9e51284681571c64c12bc7f7049b5deff68b707"}],"birthday":"1986-11-07"}}
2026-04-20 13:12:41,185 INFO [TG_Test 1-64] o.a.j.e.J.JSR223 - Clear Cookie: === [SESSION CLEAR] HTTP Cookie Manager очищено ===
2026-04-20 13:12:41,185 INFO [TG_Test 1-64] o.a.j.e.J.JSR223 - Clear Cookie: === [SESSION CLEAR] Змінні авторизації видалено. Готові до логіну Провайдера. ===
2026-04-20 13:12:41,185 INFO [TG_Test 1-64] o.a.j.t.JMeterThread: Stop Thread seen for thread TG_Test 1-64, reason: org.apache.jorphan.util.JMeterStopThreadException: End of file:/home/vlad/diia/projects/perf-testing-methodology/test-data/nested-entity-execution-plan.csv detected for CSV DataSet:CSV - Users Data configured with stopThread:true, recycle:false
2026-04-20 13:12:41,185 INFO [TG_Test 1-64] o.a.j.t.JMeterThread: Thread finished: TG_Test 1-64
2026-04-20 13:12:41,417 INFO [TG_Test 1-96] o.a.j.p.j.s.J.Create payload: formData={"id":"7712d55b-3ca1-11f1-beaf-0a580a80027a","taskDefinitionKey":"Activity_11jqc4d","name":"переглянути дані та внести зміни","assignee":"perf-test-officer-96","created":"2026-04-20T10:12:41.032Z","description":null,"processInstanceId":"7136e45e-3ca1-11f1-beaf-0a580a80027a","rootProcessInstanceId":"7136e45e-3ca1-11f1-beaf-0a580a80027a","processDefinitionId":"b29a4815-3a3c-11f1-9c26-0a580a800265","processDefinitionName":"Процес для перевірки збереження декількох сутностей в рамках однієї транзакції - nested entity","formKey":"feature-form-add-thirdform","suspended":false,"formVariables":{},"signatureValidationPack":[],"data":{"order_type":"DISMISSAL","order_number":"2857","order_date":"2026-04-20T13:17:10.952Z","files":[{"id":"e7c1a3ca-c9f5-49f8-8f95-fc3d5e3f14f4","checksum":"15e377f79ece4daa09e0de17d9e51284681571c64c12bc7f7049b5deff68b707"}]},"esign":false}
2026-04-20 13:12:41,417 INFO [TG_Test 1-96] o.a.j.p.j.s.J.Create payload: formData={order_type=DISMISSAL, order_number=2857, order_date=2026-04-20T13:17:10.952Z, files=[{id=e7c1a3ca-c9f5-49f8-8f95-fc3d5e3f14f4, checksum=15e377f79ece4daa09e0de17d9e51284681571c64c12bc7f7049b5deff68b707}]}
2026-04-20 13:12:41,417 INFO [TG_Test 1-96] o.a.j.p.j.s.J.Create payload: Payload={"data":{"order_type":"DISMISSAL","order_number":"2857","order_date":"2026-04-20","files":[{"id":"e7c1a3ca-c9f5-49f8-8f95-fc3d5e3f14f4","checksum":"15e377f79ece4daa09e0de17d9e51284681571c64c12bc7f7049b5deff68b707"}],"birthday":"1981-08-04"}}
2026-04-20 13:12:41,465 INFO [TG_Test 1-98] o.a.j.p.j.s.J.Create payload: formData={"id":"773d8ef4-3ca1-11f1-beaf-0a580a80027a","taskDefinitionKey":"Activity_11jqc4d","name":"переглянути дані та внести зміни","assignee":"perf-test-officer-98","created":"2026-04-20T10:12:41.312Z","description":null,"processInstanceId":"710d6416-3ca1-11f1-beaf-0a580a80027a","rootProcessInstanceId":"710d6416-3ca1-11f1-beaf-0a580a80027a","processDefinitionId":"b29a4815-3a3c-11f1-9c26-0a580a800265","processDefinitionName":"Процес для перевірки збереження декількох сутностей в рамках однієї транзакції - nested entity","formKey":"feature-form-add-thirdform","suspended":false,"formVariables":{},"signatureValidationPack":[],"data":{"order_type":"DISMISSAL","order_number":"8065","order_date":"2026-04-20T13:17:10.952Z","files":[{"id":"60aa338e-baef-4be0-8800-d68223cd271f","checksum":"15e377f79ece4daa09e0de17d9e51284681571c64c12bc7f7049b5deff68b707"}]},"esign":false}
2026-04-20 13:12:41,465 INFO [TG_Test 1-98] o.a.j.p.j.s.J.Create payload: formData={order_type=DISMISSAL, order_number=8065, order_date=2026-04-20T13:17:10.952Z, files=[{id=60aa338e-baef-4be0-8800-d68223cd271f, checksum=15e377f79ece4daa09e0de17d9e51284681571c64c12bc7f7049b5deff68b707}]}
2026-04-20 13:12:41,465 INFO [TG_Test 1-98] o.a.j.p.j.s.J.Create payload: Payload={"data":{"order_type":"DISMISSAL","order_number":"8065","order_date":"2026-04-20","files":[{"id":"60aa338e-baef-4be0-8800-d68223cd271f","checksum":"15e377f79ece4daa09e0de17d9e51284681571c64c12bc7f7049b5deff68b707"}],"birthday":"1973-10-12"}}
2026-04-20 13:12:41,511 INFO [TG_Test 1-87] o.a.j.p.j.s.J.Create payload: formData={"id":"7745a54a-3ca1-11f1-beaf-0a580a80027a","taskDefinitionKey":"signDataActivity","name":"Підписати дані про освітній профіль","assignee":"perf-test-officer-87","created":"2026-04-20T10:12:41.365Z","description":null,"processInstanceId":"6fc4692d-3ca1-11f1-beaf-0a580a80027a","rootProcessInstanceId":"6fc4692d-3ca1-11f1-beaf-0a580a80027a","processDefinitionId":"b29a4815-3a3c-11f1-9c26-0a580a800265","processDefinitionName":"Процес для перевірки збереження декількох сутностей в рамках однієї транзакції - nested entity","formKey":"feature-form-add-fourth","suspended":false,"formVariables":{},"signatureValidationPack":[],"data":{"order_type":"DISMISSAL","order_number":"5809","order_date":"2026-04-20","files":[{"id":"b93ad704-a462-44d8-a264-21d63d2a3333","checksum":"15e377f79ece4daa09e0de17d9e51284681571c64c12bc7f7049b5deff68b707"}],"birthday":"1992-07-09"},"esign":true}
2026-04-20 13:12:41,511 INFO [TG_Test 1-87] o.a.j.p.j.s.J.Create payload: formData={order_type=DISMISSAL, order_number=5809, order_date=2026-04-20, files=[{id=b93ad704-a462-44d8-a264-21d63d2a3333, checksum=15e377f79ece4daa09e0de17d9e51284681571c64c12bc7f7049b5deff68b707}], birthday=1992-07-09}
2026-04-20 13:12:41,511 INFO [TG_Test 1-87] o.a.j.p.j.s.J.Create payload: Payload={"data":{"order_type":"DISMISSAL","order_number":"5809","order_date":"2026-04-20","files":[{"id":"b93ad704-a462-44d8-a264-21d63d2a3333","checksum":"15e377f79ece4daa09e0de17d9e51284681571c64c12bc7f7049b5deff68b707"}],"birthday":"1992-07-09"},"signature":"perf-test-officer-87.dat"}
2026-04-20 13:12:41,532 INFO [TG_Test 1-57] o.a.j.e.J.JSR223 - Clear Cookie: === [SESSION CLEAR] HTTP Cookie Manager очищено ===
2026-04-20 13:12:41,532 INFO [TG_Test 1-57] o.a.j.e.J.JSR223 - Clear Cookie: === [SESSION CLEAR] Змінні авторизації видалено. Готові до логіну Провайдера. ===
2026-04-20 13:12:41,532 INFO [TG_Test 1-57] o.a.j.t.JMeterThread: Stop Thread seen for thread TG_Test 1-57, reason: org.apache.jorphan.util.JMeterStopThreadException: End of file:/home/vlad/diia/projects/perf-testing-methodology/test-data/nested-entity-execution-plan.csv detected for CSV DataSet:CSV - Users Data configured with stopThread:true, recycle:false
2026-04-20 13:12:41,533 INFO [TG_Test 1-57] o.a.j.t.JMeterThread: Thread finished: TG_Test 1-57
2026-04-20 13:12:41,850 INFO [TG_Test 1-76] o.a.j.p.j.s.J.Create payload: formData={"id":"7779fac4-3ca1-11f1-beaf-0a580a80027a","taskDefinitionKey":"signDataActivity","name":"Підписати дані про освітній профіль","assignee":"perf-test-officer-76","created":"2026-04-20T10:12:41.708Z","description":null,"processInstanceId":"6ee2bb08-3ca1-11f1-beaf-0a580a80027a","rootProcessInstanceId":"6ee2bb08-3ca1-11f1-beaf-0a580a80027a","processDefinitionId":"b29a4815-3a3c-11f1-9c26-0a580a800265","processDefinitionName":"Процес для перевірки збереження декількох сутностей в рамках однієї транзакції - nested entity","formKey":"feature-form-add-fourth","suspended":false,"formVariables":{},"signatureValidationPack":[],"data":{"order_type":"TRANSFER","order_number":"5222","order_date":"2026-04-20","files":[{"id":"f2b51dcb-3c10-4d21-b7bf-2e3751753119","checksum":"15e377f79ece4daa09e0de17d9e51284681571c64c12bc7f7049b5deff68b707"}],"birthday":"1982-10-22"},"esign":true}
2026-04-20 13:12:41,850 INFO [TG_Test 1-76] o.a.j.p.j.s.J.Create payload: formData={order_type=TRANSFER, order_number=5222, order_date=2026-04-20, files=[{id=f2b51dcb-3c10-4d21-b7bf-2e3751753119, checksum=15e377f79ece4daa09e0de17d9e51284681571c64c12bc7f7049b5deff68b707}], birthday=1982-10-22}
2026-04-20 13:12:41,850 INFO [TG_Test 1-76] o.a.j.p.j.s.J.Create payload: Payload={"data":{"order_type":"TRANSFER","order_number":"5222","order_date":"2026-04-20","files":[{"id":"f2b51dcb-3c10-4d21-b7bf-2e3751753119","checksum":"15e377f79ece4daa09e0de17d9e51284681571c64c12bc7f7049b5deff68b707"}],"birthday":"1982-10-22"},"signature":"perf-test-officer-76.dat"}
2026-04-20 13:12:42,166 INFO [TG_Test 1-82] o.a.j.p.j.s.J.Create payload: formData={"id":"77ac7c8f-3ca1-11f1-beaf-0a580a80027a","taskDefinitionKey":"signDataActivity","name":"Підписати дані про освітній профіль","assignee":"perf-test-officer-82","created":"2026-04-20T10:12:42.039Z","description":null,"processInstanceId":"6f5b473f-3ca1-11f1-beaf-0a580a80027a","rootProcessInstanceId":"6f5b473f-3ca1-11f1-beaf-0a580a80027a","processDefinitionId":"b29a4815-3a3c-11f1-9c26-0a580a800265","processDefinitionName":"Процес для перевірки збереження декількох сутностей в рамках однієї транзакції - nested entity","formKey":"feature-form-add-fourth","suspended":false,"formVariables":{},"signatureValidationPack":[],"data":{"order_type":"DISMISSAL","order_number":"1595","order_date":"2026-04-20","files":[{"id":"07dfd66f-4c20-4033-8a14-ae1c92f826d5","checksum":"15e377f79ece4daa09e0de17d9e51284681571c64c12bc7f7049b5deff68b707"}],"birthday":"1994-11-20"},"esign":true}
2026-04-20 13:12:42,166 INFO [TG_Test 1-82] o.a.j.p.j.s.J.Create payload: formData={order_type=DISMISSAL, order_number=1595, order_date=2026-04-20, files=[{id=07dfd66f-4c20-4033-8a14-ae1c92f826d5, checksum=15e377f79ece4daa09e0de17d9e51284681571c64c12bc7f7049b5deff68b707}], birthday=1994-11-20}
2026-04-20 13:12:42,166 INFO [TG_Test 1-82] o.a.j.p.j.s.J.Create payload: Payload={"data":{"order_type":"DISMISSAL","order_number":"1595","order_date":"2026-04-20","files":[{"id":"07dfd66f-4c20-4033-8a14-ae1c92f826d5","checksum":"15e377f79ece4daa09e0de17d9e51284681571c64c12bc7f7049b5deff68b707"}],"birthday":"1994-11-20"},"signature":"perf-test-officer-82.dat"}
2026-04-20 13:12:42,338 INFO [TG_Test 1-63] o.a.j.e.J.JSR223 - Clear Cookie: === [SESSION CLEAR] HTTP Cookie Manager очищено ===
2026-04-20 13:12:42,338 INFO [TG_Test 1-63] o.a.j.e.J.JSR223 - Clear Cookie: === [SESSION CLEAR] Змінні авторизації видалено. Готові до логіну Провайдера. ===
2026-04-20 13:12:42,338 INFO [TG_Test 1-63] o.a.j.t.JMeterThread: Stop Thread seen for thread TG_Test 1-63, reason: org.apache.jorphan.util.JMeterStopThreadException: End of file:/home/vlad/diia/projects/perf-testing-methodology/test-data/nested-entity-execution-plan.csv detected for CSV DataSet:CSV - Users Data configured with stopThread:true, recycle:false
2026-04-20 13:12:42,338 INFO [TG_Test 1-63] o.a.j.t.JMeterThread: Thread finished: TG_Test 1-63
2026-04-20 13:12:42,427 INFO [TG_Test 1-93] o.a.j.p.j.s.J.Create payload: formData={"id":"77d05854-3ca1-11f1-beaf-0a580a80027a","taskDefinitionKey":"signDataActivity","name":"Підписати дані про освітній профіль","assignee":"perf-test-officer-93","created":"2026-04-20T10:12:42.274Z","description":null,"processInstanceId":"704f43f0-3ca1-11f1-beaf-0a580a80027a","rootProcessInstanceId":"704f43f0-3ca1-11f1-beaf-0a580a80027a","processDefinitionId":"b29a4815-3a3c-11f1-9c26-0a580a800265","processDefinitionName":"Процес для перевірки збереження декількох сутностей в рамках однієї транзакції - nested entity","formKey":"feature-form-add-fourth","suspended":false,"formVariables":{},"signatureValidationPack":[],"data":{"order_type":"TRANSFER","order_number":"2520","order_date":"2026-04-20","files":[{"id":"e73c3df4-399b-41d7-9406-3804898f4cb9","checksum":"15e377f79ece4daa09e0de17d9e51284681571c64c12bc7f7049b5deff68b707"}],"birthday":"1988-11-14"},"esign":true}
2026-04-20 13:12:42,427 INFO [TG_Test 1-93] o.a.j.p.j.s.J.Create payload: formData={order_type=TRANSFER, order_number=2520, order_date=2026-04-20, files=[{id=e73c3df4-399b-41d7-9406-3804898f4cb9, checksum=15e377f79ece4daa09e0de17d9e51284681571c64c12bc7f7049b5deff68b707}], birthday=1988-11-14}
2026-04-20 13:12:42,427 INFO [TG_Test 1-93] o.a.j.p.j.s.J.Create payload: Payload={"data":{"order_type":"TRANSFER","order_number":"2520","order_date":"2026-04-20","files":[{"id":"e73c3df4-399b-41d7-9406-3804898f4cb9","checksum":"15e377f79ece4daa09e0de17d9e51284681571c64c12bc7f7049b5deff68b707"}],"birthday":"1988-11-14"},"signature":"perf-test-officer-93.dat"}
2026-04-20 13:12:42,431 INFO [TG_Test 1-69] o.a.j.e.J.JSR223 - Clear Cookie: === [SESSION CLEAR] HTTP Cookie Manager очищено ===
2026-04-20 13:12:42,431 INFO [TG_Test 1-69] o.a.j.e.J.JSR223 - Clear Cookie: === [SESSION CLEAR] Змінні авторизації видалено. Готові до логіну Провайдера. ===
2026-04-20 13:12:42,432 INFO [TG_Test 1-69] o.a.j.t.JMeterThread: Stop Thread seen for thread TG_Test 1-69, reason: org.apache.jorphan.util.JMeterStopThreadException: End of file:/home/vlad/diia/projects/perf-testing-methodology/test-data/nested-entity-execution-plan.csv detected for CSV DataSet:CSV - Users Data configured with stopThread:true, recycle:false
2026-04-20 13:12:42,432 INFO [TG_Test 1-69] o.a.j.t.JMeterThread: Thread finished: TG_Test 1-69
2026-04-20 13:12:42,478 INFO [TG_Test 1-80] o.a.j.p.j.s.J.Create payload: formData={"id":"77d8479e-3ca1-11f1-beaf-0a580a80027a","taskDefinitionKey":"signDataActivity","name":"Підписати дані про освітній профіль","assignee":"perf-test-officer-80","created":"2026-04-20T10:12:42.326Z","description":null,"processInstanceId":"6f9a999f-3ca1-11f1-beaf-0a580a80027a","rootProcessInstanceId":"6f9a999f-3ca1-11f1-beaf-0a580a80027a","processDefinitionId":"b29a4815-3a3c-11f1-9c26-0a580a800265","processDefinitionName":"Процес для перевірки збереження декількох сутностей в рамках однієї транзакції - nested entity","formKey":"feature-form-add-fourth","suspended":false,"formVariables":{},"signatureValidationPack":[],"data":{"order_type":"ENROLLMENT","order_number":"9460","order_date":"2026-04-20","files":[{"id":"9d3ab291-47bb-4db8-b26c-6f925805c8d2","checksum":"15e377f79ece4daa09e0de17d9e51284681571c64c12bc7f7049b5deff68b707"}],"birthday":"2006-04-10"},"esign":true}
2026-04-20 13:12:42,478 INFO [TG_Test 1-80] o.a.j.p.j.s.J.Create payload: formData={order_type=ENROLLMENT, order_number=9460, order_date=2026-04-20, files=[{id=9d3ab291-47bb-4db8-b26c-6f925805c8d2, checksum=15e377f79ece4daa09e0de17d9e51284681571c64c12bc7f7049b5deff68b707}], birthday=2006-04-10}
2026-04-20 13:12:42,478 INFO [TG_Test 1-80] o.a.j.p.j.s.J.Create payload: Payload={"data":{"order_type":"ENROLLMENT","order_number":"9460","order_date":"2026-04-20","files":[{"id":"9d3ab291-47bb-4db8-b26c-6f925805c8d2","checksum":"15e377f79ece4daa09e0de17d9e51284681571c64c12bc7f7049b5deff68b707"}],"birthday":"2006-04-10"},"signature":"perf-test-officer-80.dat"}
2026-04-20 13:12:42,594 INFO [TG_Test 1-70] o.a.j.e.J.JSR223 - Clear Cookie: === [SESSION CLEAR] HTTP Cookie Manager очищено ===
2026-04-20 13:12:42,594 INFO [TG_Test 1-70] o.a.j.e.J.JSR223 - Clear Cookie: === [SESSION CLEAR] Змінні авторизації видалено. Готові до логіну Провайдера. ===
2026-04-20 13:12:42,595 INFO [TG_Test 1-70] o.a.j.t.JMeterThread: Stop Thread seen for thread TG_Test 1-70, reason: org.apache.jorphan.util.JMeterStopThreadException: End of file:/home/vlad/diia/projects/perf-testing-methodology/test-data/nested-entity-execution-plan.csv detected for CSV DataSet:CSV - Users Data configured with stopThread:true, recycle:false
2026-04-20 13:12:42,595 INFO [TG_Test 1-70] o.a.j.t.JMeterThread: Thread finished: TG_Test 1-70
2026-04-20 13:12:42,674 INFO [TG_Test 1-81] o.a.j.p.j.s.J.Create payload: formData={"id":"77f370d5-3ca1-11f1-beaf-0a580a80027a","taskDefinitionKey":"signDataActivity","name":"Підписати дані про освітній профіль","assignee":"perf-test-officer-81","created":"2026-04-20T10:12:42.504Z","description":null,"processInstanceId":"6f5330de-3ca1-11f1-beaf-0a580a80027a","rootProcessInstanceId":"6f5330de-3ca1-11f1-beaf-0a580a80027a","processDefinitionId":"b29a4815-3a3c-11f1-9c26-0a580a800265","processDefinitionName":"Процес для перевірки збереження декількох сутностей в рамках однієї транзакції - nested entity","formKey":"feature-form-add-fourth","suspended":false,"formVariables":{},"signatureValidationPack":[],"data":{"order_type":"TRANSFER","order_number":"5863","order_date":"2026-04-20","files":[{"id":"8c216a1d-57ec-4481-9dfd-1469c8699b73","checksum":"15e377f79ece4daa09e0de17d9e51284681571c64c12bc7f7049b5deff68b707"}],"birthday":"2005-03-15"},"esign":true}
2026-04-20 13:12:42,674 INFO [TG_Test 1-81] o.a.j.p.j.s.J.Create payload: formData={order_type=TRANSFER, order_number=5863, order_date=2026-04-20, files=[{id=8c216a1d-57ec-4481-9dfd-1469c8699b73, checksum=15e377f79ece4daa09e0de17d9e51284681571c64c12bc7f7049b5deff68b707}], birthday=2005-03-15}
2026-04-20 13:12:42,674 INFO [TG_Test 1-81] o.a.j.p.j.s.J.Create payload: Payload={"data":{"order_type":"TRANSFER","order_number":"5863","order_date":"2026-04-20","files":[{"id":"8c216a1d-57ec-4481-9dfd-1469c8699b73","checksum":"15e377f79ece4daa09e0de17d9e51284681571c64c12bc7f7049b5deff68b707"}],"birthday":"2005-03-15"},"signature":"perf-test-officer-81.dat"}
2026-04-20 13:12:42,746 INFO [TG_Test 1-90] o.a.j.p.j.s.J.Create payload: formData={"id":"77f5bacf-3ca1-11f1-beaf-0a580a80027a","taskDefinitionKey":"signDataActivity","name":"Підписати дані про освітній профіль","assignee":"perf-test-officer-90","created":"2026-04-20T10:12:42.519Z","description":null,"processInstanceId":"7001989e-3ca1-11f1-beaf-0a580a80027a","rootProcessInstanceId":"7001989e-3ca1-11f1-beaf-0a580a80027a","processDefinitionId":"b29a4815-3a3c-11f1-9c26-0a580a800265","processDefinitionName":"Процес для перевірки збереження декількох сутностей в рамках однієї транзакції - nested entity","formKey":"feature-form-add-fourth","suspended":false,"formVariables":{},"signatureValidationPack":[],"data":{"order_type":"TRANSFER","order_number":"5611","order_date":"2026-04-20","files":[{"id":"179a1d43-e390-4638-af06-caf5c3369147","checksum":"15e377f79ece4daa09e0de17d9e51284681571c64c12bc7f7049b5deff68b707"}],"birthday":"1983-03-30"},"esign":true}
2026-04-20 13:12:42,746 INFO [TG_Test 1-90] o.a.j.p.j.s.J.Create payload: formData={order_type=TRANSFER, order_number=5611, order_date=2026-04-20, files=[{id=179a1d43-e390-4638-af06-caf5c3369147, checksum=15e377f79ece4daa09e0de17d9e51284681571c64c12bc7f7049b5deff68b707}], birthday=1983-03-30}
2026-04-20 13:12:42,746 INFO [TG_Test 1-90] o.a.j.p.j.s.J.Create payload: Payload={"data":{"order_type":"TRANSFER","order_number":"5611","order_date":"2026-04-20","files":[{"id":"179a1d43-e390-4638-af06-caf5c3369147","checksum":"15e377f79ece4daa09e0de17d9e51284681571c64c12bc7f7049b5deff68b707"}],"birthday":"1983-03-30"},"signature":"perf-test-officer-90.dat"}
2026-04-20 13:12:42,794 INFO [TG_Test 1-79] o.a.j.p.j.s.J.Create payload: formData={"id":"77f8c818-3ca1-11f1-beaf-0a580a80027a","taskDefinitionKey":"signDataActivity","name":"Підписати дані про освітній профіль","assignee":"perf-test-officer-79","created":"2026-04-20T10:12:42.539Z","description":null,"processInstanceId":"6f887110-3ca1-11f1-beaf-0a580a80027a","rootProcessInstanceId":"6f887110-3ca1-11f1-beaf-0a580a80027a","processDefinitionId":"b29a4815-3a3c-11f1-9c26-0a580a800265","processDefinitionName":"Процес для перевірки збереження декількох сутностей в рамках однієї транзакції - nested entity","formKey":"feature-form-add-fourth","suspended":false,"formVariables":{},"signatureValidationPack":[],"data":{"order_type":"DISMISSAL","order_number":"2704","order_date":"2026-04-20","files":[{"id":"f1fcd454-5375-4567-af6c-c274580c45de","checksum":"15e377f79ece4daa09e0de17d9e51284681571c64c12bc7f7049b5deff68b707"}],"birthday":"1981-05-21"},"esign":true}
2026-04-20 13:12:42,794 INFO [TG_Test 1-79] o.a.j.p.j.s.J.Create payload: formData={order_type=DISMISSAL, order_number=2704, order_date=2026-04-20, files=[{id=f1fcd454-5375-4567-af6c-c274580c45de, checksum=15e377f79ece4daa09e0de17d9e51284681571c64c12bc7f7049b5deff68b707}], birthday=1981-05-21}
2026-04-20 13:12:42,794 INFO [TG_Test 1-79] o.a.j.p.j.s.J.Create payload: Payload={"data":{"order_type":"DISMISSAL","order_number":"2704","order_date":"2026-04-20","files":[{"id":"f1fcd454-5375-4567-af6c-c274580c45de","checksum":"15e377f79ece4daa09e0de17d9e51284681571c64c12bc7f7049b5deff68b707"}],"birthday":"1981-05-21"},"signature":"perf-test-officer-79.dat"}
2026-04-20 13:12:42,796 INFO [TG_Test 1-85] o.a.j.p.j.s.J.Create payload: formData={"id":"77fee2aa-3ca1-11f1-beaf-0a580a80027a","taskDefinitionKey":"signDataActivity","name":"Підписати дані про освітній профіль","assignee":"perf-test-officer-85","created":"2026-04-20T10:12:42.579Z","description":null,"processInstanceId":"6f9c475c-3ca1-11f1-beaf-0a580a80027a","rootProcessInstanceId":"6f9c475c-3ca1-11f1-beaf-0a580a80027a","processDefinitionId":"b29a4815-3a3c-11f1-9c26-0a580a800265","processDefinitionName":"Процес для перевірки збереження декількох сутностей в рамках однієї транзакції - nested entity","formKey":"feature-form-add-fourth","suspended":false,"formVariables":{},"signatureValidationPack":[],"data":{"order_type":"TRANSFER","order_number":"9927","order_date":"2026-04-20","files":[{"id":"37ec1eaa-5fc3-45d5-ac47-e690b87fb21f","checksum":"15e377f79ece4daa09e0de17d9e51284681571c64c12bc7f7049b5deff68b707"}],"birthday":"1989-04-23"},"esign":true}
2026-04-20 13:12:42,796 INFO [TG_Test 1-85] o.a.j.p.j.s.J.Create payload: formData={order_type=TRANSFER, order_number=9927, order_date=2026-04-20, files=[{id=37ec1eaa-5fc3-45d5-ac47-e690b87fb21f, checksum=15e377f79ece4daa09e0de17d9e51284681571c64c12bc7f7049b5deff68b707}], birthday=1989-04-23}
2026-04-20 13:12:42,796 INFO [TG_Test 1-85] o.a.j.p.j.s.J.Create payload: Payload={"data":{"order_type":"TRANSFER","order_number":"9927","order_date":"2026-04-20","files":[{"id":"37ec1eaa-5fc3-45d5-ac47-e690b87fb21f","checksum":"15e377f79ece4daa09e0de17d9e51284681571c64c12bc7f7049b5deff68b707"}],"birthday":"1989-04-23"},"signature":"perf-test-officer-85.dat"}
2026-04-20 13:12:42,811 INFO [TG_Test 1-62] o.a.j.e.J.JSR223 - Clear Cookie: === [SESSION CLEAR] HTTP Cookie Manager очищено ===
2026-04-20 13:12:42,812 INFO [TG_Test 1-62] o.a.j.e.J.JSR223 - Clear Cookie: === [SESSION CLEAR] Змінні авторизації видалено. Готові до логіну Провайдера. ===
2026-04-20 13:12:42,812 INFO [TG_Test 1-62] o.a.j.t.JMeterThread: Stop Thread seen for thread TG_Test 1-62, reason: org.apache.jorphan.util.JMeterStopThreadException: End of file:/home/vlad/diia/projects/perf-testing-methodology/test-data/nested-entity-execution-plan.csv detected for CSV DataSet:CSV - Users Data configured with stopThread:true, recycle:false
2026-04-20 13:12:42,812 INFO [TG_Test 1-62] o.a.j.t.JMeterThread: Thread finished: TG_Test 1-62
2026-04-20 13:12:42,854 INFO [TG_Test 1-88] o.a.j.p.j.s.J.Create payload: formData={"id":"780c9e58-3ca1-11f1-beaf-0a580a80027a","taskDefinitionKey":"signDataActivity","name":"Підписати дані про освітній профіль","assignee":"perf-test-officer-88","created":"2026-04-20T10:12:42.669Z","description":null,"processInstanceId":"70326cda-3ca1-11f1-beaf-0a580a80027a","rootProcessInstanceId":"70326cda-3ca1-11f1-beaf-0a580a80027a","processDefinitionId":"b29a4815-3a3c-11f1-9c26-0a580a800265","processDefinitionName":"Процес для перевірки збереження декількох сутностей в рамках однієї транзакції - nested entity","formKey":"feature-form-add-fourth","suspended":false,"formVariables":{},"signatureValidationPack":[],"data":{"order_type":"ENROLLMENT","order_number":"3842","order_date":"2026-04-20","files":[{"id":"87851cd8-b75a-4f65-911f-1a7390d6a33c","checksum":"15e377f79ece4daa09e0de17d9e51284681571c64c12bc7f7049b5deff68b707"}],"birthday":"1983-08-10"},"esign":true}
2026-04-20 13:12:42,855 INFO [TG_Test 1-88] o.a.j.p.j.s.J.Create payload: formData={order_type=ENROLLMENT, order_number=3842, order_date=2026-04-20, files=[{id=87851cd8-b75a-4f65-911f-1a7390d6a33c, checksum=15e377f79ece4daa09e0de17d9e51284681571c64c12bc7f7049b5deff68b707}], birthday=1983-08-10}
2026-04-20 13:12:42,855 INFO [TG_Test 1-88] o.a.j.p.j.s.J.Create payload: Payload={"data":{"order_type":"ENROLLMENT","order_number":"3842","order_date":"2026-04-20","files":[{"id":"87851cd8-b75a-4f65-911f-1a7390d6a33c","checksum":"15e377f79ece4daa09e0de17d9e51284681571c64c12bc7f7049b5deff68b707"}],"birthday":"1983-08-10"},"signature":"perf-test-officer-88.dat"}
2026-04-20 13:12:42,870 INFO [TG_Test 1-89] o.a.j.p.j.s.J.Create payload: formData={"id":"781047e3-3ca1-11f1-beaf-0a580a80027a","taskDefinitionKey":"signDataActivity","name":"Підписати дані про освітній профіль","assignee":"perf-test-officer-89","created":"2026-04-20T10:12:42.693Z","description":null,"processInstanceId":"70457fcd-3ca1-11f1-beaf-0a580a80027a","rootProcessInstanceId":"70457fcd-3ca1-11f1-beaf-0a580a80027a","processDefinitionId":"b29a4815-3a3c-11f1-9c26-0a580a800265","processDefinitionName":"Процес для перевірки збереження декількох сутностей в рамках однієї транзакції - nested entity","formKey":"feature-form-add-fourth","suspended":false,"formVariables":{},"signatureValidationPack":[],"data":{"order_type":"TRANSFER","order_number":"6891","order_date":"2026-04-20","files":[{"id":"ce440686-28cf-4321-bc38-a1225e4a5a8d","checksum":"15e377f79ece4daa09e0de17d9e51284681571c64c12bc7f7049b5deff68b707"}],"birthday":"2007-07-02"},"esign":true}
2026-04-20 13:12:42,870 INFO [TG_Test 1-89] o.a.j.p.j.s.J.Create payload: formData={order_type=TRANSFER, order_number=6891, order_date=2026-04-20, files=[{id=ce440686-28cf-4321-bc38-a1225e4a5a8d, checksum=15e377f79ece4daa09e0de17d9e51284681571c64c12bc7f7049b5deff68b707}], birthday=2007-07-02}
2026-04-20 13:12:42,870 INFO [TG_Test 1-89] o.a.j.p.j.s.J.Create payload: Payload={"data":{"order_type":"TRANSFER","order_number":"6891","order_date":"2026-04-20","files":[{"id":"ce440686-28cf-4321-bc38-a1225e4a5a8d","checksum":"15e377f79ece4daa09e0de17d9e51284681571c64c12bc7f7049b5deff68b707"}],"birthday":"2007-07-02"},"signature":"perf-test-officer-89.dat"}
2026-04-20 13:12:42,895 INFO [TG_Test 1-83] o.a.j.p.j.s.J.Create payload: formData={"id":"780cec7b-3ca1-11f1-beaf-0a580a80027a","taskDefinitionKey":"signDataActivity","name":"Підписати дані про освітній профіль","assignee":"perf-test-officer-83","created":"2026-04-20T10:12:42.671Z","description":null,"processInstanceId":"6f49bae5-3ca1-11f1-beaf-0a580a80027a","rootProcessInstanceId":"6f49bae5-3ca1-11f1-beaf-0a580a80027a","processDefinitionId":"b29a4815-3a3c-11f1-9c26-0a580a800265","processDefinitionName":"Процес для перевірки збереження декількох сутностей в рамках однієї транзакції - nested entity","formKey":"feature-form-add-fourth","suspended":false,"formVariables":{},"signatureValidationPack":[],"data":{"order_type":"TRANSFER","order_number":"1808","order_date":"2026-04-20","files":[{"id":"b6840be0-f7e6-4c50-a6e2-fabb84a0d43b","checksum":"15e377f79ece4daa09e0de17d9e51284681571c64c12bc7f7049b5deff68b707"}],"birthday":"1971-09-18"},"esign":true}
2026-04-20 13:12:42,895 INFO [TG_Test 1-83] o.a.j.p.j.s.J.Create payload: formData={order_type=TRANSFER, order_number=1808, order_date=2026-04-20, files=[{id=b6840be0-f7e6-4c50-a6e2-fabb84a0d43b, checksum=15e377f79ece4daa09e0de17d9e51284681571c64c12bc7f7049b5deff68b707}], birthday=1971-09-18}
2026-04-20 13:12:42,895 INFO [TG_Test 1-83] o.a.j.p.j.s.J.Create payload: Payload={"data":{"order_type":"TRANSFER","order_number":"1808","order_date":"2026-04-20","files":[{"id":"b6840be0-f7e6-4c50-a6e2-fabb84a0d43b","checksum":"15e377f79ece4daa09e0de17d9e51284681571c64c12bc7f7049b5deff68b707"}],"birthday":"1971-09-18"},"signature":"perf-test-officer-83.dat"}
2026-04-20 13:12:42,921 INFO [TG_Test 1-86] o.a.j.p.j.s.J.Create payload: formData={"id":"78141879-3ca1-11f1-beaf-0a580a80027a","taskDefinitionKey":"signDataActivity","name":"Підписати дані про освітній профіль","assignee":"perf-test-officer-86","created":"2026-04-20T10:12:42.718Z","description":null,"processInstanceId":"6fa6327b-3ca1-11f1-beaf-0a580a80027a","rootProcessInstanceId":"6fa6327b-3ca1-11f1-beaf-0a580a80027a","processDefinitionId":"b29a4815-3a3c-11f1-9c26-0a580a800265","processDefinitionName":"Процес для перевірки збереження декількох сутностей в рамках однієї транзакції - nested entity","formKey":"feature-form-add-fourth","suspended":false,"formVariables":{},"signatureValidationPack":[],"data":{"order_type":"TRANSFER","order_number":"9623","order_date":"2026-04-20","files":[{"id":"d7a87ca3-bbda-4635-a077-4a5f43196417","checksum":"15e377f79ece4daa09e0de17d9e51284681571c64c12bc7f7049b5deff68b707"}],"birthday":"1990-05-29"},"esign":true}
2026-04-20 13:12:42,922 INFO [TG_Test 1-86] o.a.j.p.j.s.J.Create payload: formData={order_type=TRANSFER, order_number=9623, order_date=2026-04-20, files=[{id=d7a87ca3-bbda-4635-a077-4a5f43196417, checksum=15e377f79ece4daa09e0de17d9e51284681571c64c12bc7f7049b5deff68b707}], birthday=1990-05-29}
2026-04-20 13:12:42,922 INFO [TG_Test 1-86] o.a.j.p.j.s.J.Create payload: Payload={"data":{"order_type":"TRANSFER","order_number":"9623","order_date":"2026-04-20","files":[{"id":"d7a87ca3-bbda-4635-a077-4a5f43196417","checksum":"15e377f79ece4daa09e0de17d9e51284681571c64c12bc7f7049b5deff68b707"}],"birthday":"1990-05-29"},"signature":"perf-test-officer-86.dat"}
2026-04-20 13:12:42,975 INFO [TG_Test 1-84] o.a.j.p.j.s.J.Create payload: formData={"id":"781f8a33-3ca1-11f1-beaf-0a580a80027a","taskDefinitionKey":"signDataActivity","name":"Підписати дані про освітній профіль","assignee":"perf-test-officer-84","created":"2026-04-20T10:12:42.793Z","description":null,"processInstanceId":"6f5bbc71-3ca1-11f1-beaf-0a580a80027a","rootProcessInstanceId":"6f5bbc71-3ca1-11f1-beaf-0a580a80027a","processDefinitionId":"b29a4815-3a3c-11f1-9c26-0a580a800265","processDefinitionName":"Процес для перевірки збереження декількох сутностей в рамках однієї транзакції - nested entity","formKey":"feature-form-add-fourth","suspended":false,"formVariables":{},"signatureValidationPack":[],"data":{"order_type":"DISMISSAL","order_number":"3283","order_date":"2026-04-20","files":[{"id":"b756a8ed-e4a4-4889-863f-df31bb81c2d0","checksum":"15e377f79ece4daa09e0de17d9e51284681571c64c12bc7f7049b5deff68b707"}],"birthday":"1968-11-05"},"esign":true}
2026-04-20 13:12:42,975 INFO [TG_Test 1-84] o.a.j.p.j.s.J.Create payload: formData={order_type=DISMISSAL, order_number=3283, order_date=2026-04-20, files=[{id=b756a8ed-e4a4-4889-863f-df31bb81c2d0, checksum=15e377f79ece4daa09e0de17d9e51284681571c64c12bc7f7049b5deff68b707}], birthday=1968-11-05}
2026-04-20 13:12:42,975 INFO [TG_Test 1-84] o.a.j.p.j.s.J.Create payload: Payload={"data":{"order_type":"DISMISSAL","order_number":"3283","order_date":"2026-04-20","files":[{"id":"b756a8ed-e4a4-4889-863f-df31bb81c2d0","checksum":"15e377f79ece4daa09e0de17d9e51284681571c64c12bc7f7049b5deff68b707"}],"birthday":"1968-11-05"},"signature":"perf-test-officer-84.dat"}
2026-04-20 13:12:43,074 INFO [TG_Test 1-74] o.a.j.e.J.JSR223 - Clear Cookie: === [SESSION CLEAR] HTTP Cookie Manager очищено ===
2026-04-20 13:12:43,074 INFO [TG_Test 1-74] o.a.j.e.J.JSR223 - Clear Cookie: === [SESSION CLEAR] Змінні авторизації видалено. Готові до логіну Провайдера. ===
2026-04-20 13:12:43,075 INFO [TG_Test 1-74] o.a.j.t.JMeterThread: Stop Thread seen for thread TG_Test 1-74, reason: org.apache.jorphan.util.JMeterStopThreadException: End of file:/home/vlad/diia/projects/perf-testing-methodology/test-data/nested-entity-execution-plan.csv detected for CSV DataSet:CSV - Users Data configured with stopThread:true, recycle:false
2026-04-20 13:12:43,075 INFO [TG_Test 1-74] o.a.j.t.JMeterThread: Thread finished: TG_Test 1-74
2026-04-20 13:12:43,189 INFO [TG_Test 1-94] o.a.j.p.j.s.J.Create payload: formData={"id":"7840a6ea-3ca1-11f1-beaf-0a580a80027a","taskDefinitionKey":"signDataActivity","name":"Підписати дані про освітній профіль","assignee":"perf-test-officer-94","created":"2026-04-20T10:12:43.010Z","description":null,"processInstanceId":"7091f1c0-3ca1-11f1-beaf-0a580a80027a","rootProcessInstanceId":"7091f1c0-3ca1-11f1-beaf-0a580a80027a","processDefinitionId":"b29a4815-3a3c-11f1-9c26-0a580a800265","processDefinitionName":"Процес для перевірки збереження декількох сутностей в рамках однієї транзакції - nested entity","formKey":"feature-form-add-fourth","suspended":false,"formVariables":{},"signatureValidationPack":[],"data":{"order_type":"TRANSFER","order_number":"4846","order_date":"2026-04-20","files":[{"id":"670f5acf-5f86-408b-a6c9-4a7c4ef0b774","checksum":"15e377f79ece4daa09e0de17d9e51284681571c64c12bc7f7049b5deff68b707"}],"birthday":"1966-10-28"},"esign":true}
2026-04-20 13:12:43,189 INFO [TG_Test 1-94] o.a.j.p.j.s.J.Create payload: formData={order_type=TRANSFER, order_number=4846, order_date=2026-04-20, files=[{id=670f5acf-5f86-408b-a6c9-4a7c4ef0b774, checksum=15e377f79ece4daa09e0de17d9e51284681571c64c12bc7f7049b5deff68b707}], birthday=1966-10-28}
2026-04-20 13:12:43,189 INFO [TG_Test 1-94] o.a.j.p.j.s.J.Create payload: Payload={"data":{"order_type":"TRANSFER","order_number":"4846","order_date":"2026-04-20","files":[{"id":"670f5acf-5f86-408b-a6c9-4a7c4ef0b774","checksum":"15e377f79ece4daa09e0de17d9e51284681571c64c12bc7f7049b5deff68b707"}],"birthday":"1966-10-28"},"signature":"perf-test-officer-94.dat"}
2026-04-20 13:12:43,226 INFO [TG_Test 1-68] o.a.j.e.J.JSR223 - Clear Cookie: === [SESSION CLEAR] HTTP Cookie Manager очищено ===
2026-04-20 13:12:43,226 INFO [TG_Test 1-68] o.a.j.e.J.JSR223 - Clear Cookie: === [SESSION CLEAR] Змінні авторизації видалено. Готові до логіну Провайдера. ===
2026-04-20 13:12:43,226 INFO [TG_Test 1-68] o.a.j.t.JMeterThread: Stop Thread seen for thread TG_Test 1-68, reason: org.apache.jorphan.util.JMeterStopThreadException: End of file:/home/vlad/diia/projects/perf-testing-methodology/test-data/nested-entity-execution-plan.csv detected for CSV DataSet:CSV - Users Data configured with stopThread:true, recycle:false
2026-04-20 13:12:43,226 INFO [TG_Test 1-68] o.a.j.t.JMeterThread: Thread finished: TG_Test 1-68
2026-04-20 13:12:43,300 INFO [TG_Test 1-75] o.a.j.e.J.JSR223 - Clear Cookie: === [SESSION CLEAR] HTTP Cookie Manager очищено ===
2026-04-20 13:12:43,300 INFO [TG_Test 1-75] o.a.j.e.J.JSR223 - Clear Cookie: === [SESSION CLEAR] Змінні авторизації видалено. Готові до логіну Провайдера. ===
2026-04-20 13:12:43,300 INFO [TG_Test 1-75] o.a.j.t.JMeterThread: Stop Thread seen for thread TG_Test 1-75, reason: org.apache.jorphan.util.JMeterStopThreadException: End of file:/home/vlad/diia/projects/perf-testing-methodology/test-data/nested-entity-execution-plan.csv detected for CSV DataSet:CSV - Users Data configured with stopThread:true, recycle:false
2026-04-20 13:12:43,300 INFO [TG_Test 1-75] o.a.j.t.JMeterThread: Thread finished: TG_Test 1-75
2026-04-20 13:12:43,318 INFO [TG_Test 1-92] o.a.j.p.j.s.J.Create payload: formData={"id":"7844c5a9-3ca1-11f1-beaf-0a580a80027a","taskDefinitionKey":"Activity_11jqc4d","name":"переглянути дані та внести зміни","assignee":"perf-test-officer-92","created":"2026-04-20T10:12:43.037Z","description":null,"processInstanceId":"711181e1-3ca1-11f1-beaf-0a580a80027a","rootProcessInstanceId":"711181e1-3ca1-11f1-beaf-0a580a80027a","processDefinitionId":"b29a4815-3a3c-11f1-9c26-0a580a800265","processDefinitionName":"Процес для перевірки збереження декількох сутностей в рамках однієї транзакції - nested entity","formKey":"feature-form-add-thirdform","suspended":false,"formVariables":{},"signatureValidationPack":[],"data":{"order_type":"DISMISSAL","order_number":"1906","order_date":"2026-04-20T13:17:10.952Z","files":[{"id":"963eb52b-0f38-451c-ac71-a3c4623a5872","checksum":"15e377f79ece4daa09e0de17d9e51284681571c64c12bc7f7049b5deff68b707"}]},"esign":false}
2026-04-20 13:12:43,318 INFO [TG_Test 1-92] o.a.j.p.j.s.J.Create payload: formData={order_type=DISMISSAL, order_number=1906, order_date=2026-04-20T13:17:10.952Z, files=[{id=963eb52b-0f38-451c-ac71-a3c4623a5872, checksum=15e377f79ece4daa09e0de17d9e51284681571c64c12bc7f7049b5deff68b707}]}
2026-04-20 13:12:43,318 INFO [TG_Test 1-92] o.a.j.p.j.s.J.Create payload: Payload={"data":{"order_type":"DISMISSAL","order_number":"1906","order_date":"2026-04-20","files":[{"id":"963eb52b-0f38-451c-ac71-a3c4623a5872","checksum":"15e377f79ece4daa09e0de17d9e51284681571c64c12bc7f7049b5deff68b707"}],"birthday":"1998-01-09"}}
2026-04-20 13:12:43,434 INFO [TG_Test 1-72] o.a.j.e.J.JSR223 - Clear Cookie: === [SESSION CLEAR] HTTP Cookie Manager очищено ===
2026-04-20 13:12:43,434 INFO [TG_Test 1-72] o.a.j.e.J.JSR223 - Clear Cookie: === [SESSION CLEAR] Змінні авторизації видалено. Готові до логіну Провайдера. ===
2026-04-20 13:12:43,434 INFO [TG_Test 1-72] o.a.j.t.JMeterThread: Stop Thread seen for thread TG_Test 1-72, reason: org.apache.jorphan.util.JMeterStopThreadException: End of file:/home/vlad/diia/projects/perf-testing-methodology/test-data/nested-entity-execution-plan.csv detected for CSV DataSet:CSV - Users Data configured with stopThread:true, recycle:false
2026-04-20 13:12:43,434 INFO [TG_Test 1-72] o.a.j.t.JMeterThread: Thread finished: TG_Test 1-72
2026-04-20 13:12:43,465 INFO [TG_Test 1-97] o.a.j.p.j.s.J.Create payload: formData={"id":"7862d422-3ca1-11f1-beaf-0a580a80027a","taskDefinitionKey":"signDataActivity","name":"Підписати дані про освітній профіль","assignee":"perf-test-officer-97","created":"2026-04-20T10:12:43.234Z","description":null,"processInstanceId":"70848424-3ca1-11f1-beaf-0a580a80027a","rootProcessInstanceId":"70848424-3ca1-11f1-beaf-0a580a80027a","processDefinitionId":"b29a4815-3a3c-11f1-9c26-0a580a800265","processDefinitionName":"Процес для перевірки збереження декількох сутностей в рамках однієї транзакції - nested entity","formKey":"feature-form-add-fourth","suspended":false,"formVariables":{},"signatureValidationPack":[],"data":{"order_type":"DISMISSAL","order_number":"6200","order_date":"2026-04-20","files":[{"id":"5f571474-4d7a-473c-be3a-ed3aedb44885","checksum":"15e377f79ece4daa09e0de17d9e51284681571c64c12bc7f7049b5deff68b707"}],"birthday":"1991-10-09"},"esign":true}
2026-04-20 13:12:43,465 INFO [TG_Test 1-97] o.a.j.p.j.s.J.Create payload: formData={order_type=DISMISSAL, order_number=6200, order_date=2026-04-20, files=[{id=5f571474-4d7a-473c-be3a-ed3aedb44885, checksum=15e377f79ece4daa09e0de17d9e51284681571c64c12bc7f7049b5deff68b707}], birthday=1991-10-09}
2026-04-20 13:12:43,465 INFO [TG_Test 1-97] o.a.j.p.j.s.J.Create payload: Payload={"data":{"order_type":"DISMISSAL","order_number":"6200","order_date":"2026-04-20","files":[{"id":"5f571474-4d7a-473c-be3a-ed3aedb44885","checksum":"15e377f79ece4daa09e0de17d9e51284681571c64c12bc7f7049b5deff68b707"}],"birthday":"1991-10-09"},"signature":"perf-test-officer-97.dat"}
2026-04-20 13:12:43,556 INFO [TG_Test 1-91] o.a.j.p.j.s.J.Create payload: formData={"id":"7879deaa-3ca1-11f1-beaf-0a580a80027a","taskDefinitionKey":"signDataActivity","name":"Підписати дані про освітній профіль","assignee":"perf-test-officer-91","created":"2026-04-20T10:12:43.385Z","description":null,"processInstanceId":"7026acfa-3ca1-11f1-beaf-0a580a80027a","rootProcessInstanceId":"7026acfa-3ca1-11f1-beaf-0a580a80027a","processDefinitionId":"b29a4815-3a3c-11f1-9c26-0a580a800265","processDefinitionName":"Процес для перевірки збереження декількох сутностей в рамках однієї транзакції - nested entity","formKey":"feature-form-add-fourth","suspended":false,"formVariables":{},"signatureValidationPack":[],"data":{"order_type":"DISMISSAL","order_number":"8288","order_date":"2026-04-20","files":[{"id":"5d7e4ae0-1203-498d-8bb5-ebeed2552499","checksum":"15e377f79ece4daa09e0de17d9e51284681571c64c12bc7f7049b5deff68b707"}],"birthday":"1968-02-08"},"esign":true}
2026-04-20 13:12:43,556 INFO [TG_Test 1-91] o.a.j.p.j.s.J.Create payload: formData={order_type=DISMISSAL, order_number=8288, order_date=2026-04-20, files=[{id=5d7e4ae0-1203-498d-8bb5-ebeed2552499, checksum=15e377f79ece4daa09e0de17d9e51284681571c64c12bc7f7049b5deff68b707}], birthday=1968-02-08}
2026-04-20 13:12:43,556 INFO [TG_Test 1-91] o.a.j.p.j.s.J.Create payload: Payload={"data":{"order_type":"DISMISSAL","order_number":"8288","order_date":"2026-04-20","files":[{"id":"5d7e4ae0-1203-498d-8bb5-ebeed2552499","checksum":"15e377f79ece4daa09e0de17d9e51284681571c64c12bc7f7049b5deff68b707"}],"birthday":"1968-02-08"},"signature":"perf-test-officer-91.dat"}
2026-04-20 13:12:43,606 INFO [TG_Test 1-73] o.a.j.e.J.JSR223 - Clear Cookie: === [SESSION CLEAR] HTTP Cookie Manager очищено ===
2026-04-20 13:12:43,606 INFO [TG_Test 1-73] o.a.j.e.J.JSR223 - Clear Cookie: === [SESSION CLEAR] Змінні авторизації видалено. Готові до логіну Провайдера. ===
2026-04-20 13:12:43,606 INFO [TG_Test 1-73] o.a.j.t.JMeterThread: Stop Thread seen for thread TG_Test 1-73, reason: org.apache.jorphan.util.JMeterStopThreadException: End of file:/home/vlad/diia/projects/perf-testing-methodology/test-data/nested-entity-execution-plan.csv detected for CSV DataSet:CSV - Users Data configured with stopThread:true, recycle:false
2026-04-20 13:12:43,606 INFO [TG_Test 1-73] o.a.j.t.JMeterThread: Thread finished: TG_Test 1-73
2026-04-20 13:12:43,699 INFO [TG_Test 1-71] o.a.j.e.J.JSR223 - Clear Cookie: === [SESSION CLEAR] HTTP Cookie Manager очищено ===
2026-04-20 13:12:43,700 INFO [TG_Test 1-71] o.a.j.e.J.JSR223 - Clear Cookie: === [SESSION CLEAR] Змінні авторизації видалено. Готові до логіну Провайдера. ===
2026-04-20 13:12:43,700 INFO [TG_Test 1-71] o.a.j.t.JMeterThread: Stop Thread seen for thread TG_Test 1-71, reason: org.apache.jorphan.util.JMeterStopThreadException: End of file:/home/vlad/diia/projects/perf-testing-methodology/test-data/nested-entity-execution-plan.csv detected for CSV DataSet:CSV - Users Data configured with stopThread:true, recycle:false
2026-04-20 13:12:43,700 INFO [TG_Test 1-71] o.a.j.t.JMeterThread: Thread finished: TG_Test 1-71
2026-04-20 13:12:43,754 INFO [TG_Test 1-100] o.a.j.p.j.s.J.Create payload: formData={"id":"7896dc9e-3ca1-11f1-beaf-0a580a80027a","taskDefinitionKey":"Activity_11jqc4d","name":"переглянути дані та внести зміни","assignee":"perf-test-officer-100","created":"2026-04-20T10:12:43.575Z","description":null,"processInstanceId":"7266644c-3ca1-11f1-beaf-0a580a80027a","rootProcessInstanceId":"7266644c-3ca1-11f1-beaf-0a580a80027a","processDefinitionId":"b29a4815-3a3c-11f1-9c26-0a580a800265","processDefinitionName":"Процес для перевірки збереження декількох сутностей в рамках однієї транзакції - nested entity","formKey":"feature-form-add-thirdform","suspended":false,"formVariables":{},"signatureValidationPack":[],"data":{"order_type":"ENROLLMENT","order_number":"3980","order_date":"2026-04-20T13:17:10.952Z","files":[{"id":"f3721975-8d8c-405f-b196-c77acdfc3eac","checksum":"15e377f79ece4daa09e0de17d9e51284681571c64c12bc7f7049b5deff68b707"}]},"esign":false}
2026-04-20 13:12:43,754 INFO [TG_Test 1-100] o.a.j.p.j.s.J.Create payload: formData={order_type=ENROLLMENT, order_number=3980, order_date=2026-04-20T13:17:10.952Z, files=[{id=f3721975-8d8c-405f-b196-c77acdfc3eac, checksum=15e377f79ece4daa09e0de17d9e51284681571c64c12bc7f7049b5deff68b707}]}
2026-04-20 13:12:43,754 INFO [TG_Test 1-100] o.a.j.p.j.s.J.Create payload: Payload={"data":{"order_type":"ENROLLMENT","order_number":"3980","order_date":"2026-04-20","files":[{"id":"f3721975-8d8c-405f-b196-c77acdfc3eac","checksum":"15e377f79ece4daa09e0de17d9e51284681571c64c12bc7f7049b5deff68b707"}],"birthday":"1970-08-23"}}
2026-04-20 13:12:43,852 INFO [TG_Test 1-67] o.a.j.e.J.JSR223 - Clear Cookie: === [SESSION CLEAR] HTTP Cookie Manager очищено ===
2026-04-20 13:12:43,852 INFO [TG_Test 1-67] o.a.j.e.J.JSR223 - Clear Cookie: === [SESSION CLEAR] Змінні авторизації видалено. Готові до логіну Провайдера. ===
2026-04-20 13:12:43,852 INFO [TG_Test 1-67] o.a.j.t.JMeterThread: Stop Thread seen for thread TG_Test 1-67, reason: org.apache.jorphan.util.JMeterStopThreadException: End of file:/home/vlad/diia/projects/perf-testing-methodology/test-data/nested-entity-execution-plan.csv detected for CSV DataSet:CSV - Users Data configured with stopThread:true, recycle:false
2026-04-20 13:12:43,852 INFO [TG_Test 1-67] o.a.j.t.JMeterThread: Thread finished: TG_Test 1-67
2026-04-20 13:12:44,052 INFO [TG_Test 1-77] o.a.j.e.J.JSR223 - Clear Cookie: === [SESSION CLEAR] HTTP Cookie Manager очищено ===
2026-04-20 13:12:44,052 INFO [TG_Test 1-77] o.a.j.e.J.JSR223 - Clear Cookie: === [SESSION CLEAR] Змінні авторизації видалено. Готові до логіну Провайдера. ===
2026-04-20 13:12:44,052 INFO [TG_Test 1-77] o.a.j.t.JMeterThread: Stop Thread seen for thread TG_Test 1-77, reason: org.apache.jorphan.util.JMeterStopThreadException: End of file:/home/vlad/diia/projects/perf-testing-methodology/test-data/nested-entity-execution-plan.csv detected for CSV DataSet:CSV - Users Data configured with stopThread:true, recycle:false
2026-04-20 13:12:44,052 INFO [TG_Test 1-77] o.a.j.t.JMeterThread: Thread finished: TG_Test 1-77
2026-04-20 13:12:44,074 INFO [TG_Test 1-98] o.a.j.p.j.s.J.Create payload: formData={"id":"78cb8147-3ca1-11f1-beaf-0a580a80027a","taskDefinitionKey":"signDataActivity","name":"Підписати дані про освітній профіль","assignee":"perf-test-officer-98","created":"2026-04-20T10:12:43.920Z","description":null,"processInstanceId":"710d6416-3ca1-11f1-beaf-0a580a80027a","rootProcessInstanceId":"710d6416-3ca1-11f1-beaf-0a580a80027a","processDefinitionId":"b29a4815-3a3c-11f1-9c26-0a580a800265","processDefinitionName":"Процес для перевірки збереження декількох сутностей в рамках однієї транзакції - nested entity","formKey":"feature-form-add-fourth","suspended":false,"formVariables":{},"signatureValidationPack":[],"data":{"order_type":"DISMISSAL","order_number":"8065","order_date":"2026-04-20","files":[{"id":"60aa338e-baef-4be0-8800-d68223cd271f","checksum":"15e377f79ece4daa09e0de17d9e51284681571c64c12bc7f7049b5deff68b707"}],"birthday":"1973-10-12"},"esign":true}
2026-04-20 13:12:44,074 INFO [TG_Test 1-98] o.a.j.p.j.s.J.Create payload: formData={order_type=DISMISSAL, order_number=8065, order_date=2026-04-20, files=[{id=60aa338e-baef-4be0-8800-d68223cd271f, checksum=15e377f79ece4daa09e0de17d9e51284681571c64c12bc7f7049b5deff68b707}], birthday=1973-10-12}
2026-04-20 13:12:44,074 INFO [TG_Test 1-98] o.a.j.p.j.s.J.Create payload: Payload={"data":{"order_type":"DISMISSAL","order_number":"8065","order_date":"2026-04-20","files":[{"id":"60aa338e-baef-4be0-8800-d68223cd271f","checksum":"15e377f79ece4daa09e0de17d9e51284681571c64c12bc7f7049b5deff68b707"}],"birthday":"1973-10-12"},"signature":"perf-test-officer-98.dat"}
2026-04-20 13:12:44,137 INFO [TG_Test 1-99] o.a.j.p.j.s.J.Create payload: formData={"id":"78d3beb3-3ca1-11f1-beaf-0a580a80027a","taskDefinitionKey":"Activity_11jqc4d","name":"переглянути дані та внести зміни","assignee":"perf-test-officer-99","created":"2026-04-20T10:12:43.974Z","description":null,"processInstanceId":"717eea47-3ca1-11f1-beaf-0a580a80027a","rootProcessInstanceId":"717eea47-3ca1-11f1-beaf-0a580a80027a","processDefinitionId":"b29a4815-3a3c-11f1-9c26-0a580a800265","processDefinitionName":"Процес для перевірки збереження декількох сутностей в рамках однієї транзакції - nested entity","formKey":"feature-form-add-thirdform","suspended":false,"formVariables":{},"signatureValidationPack":[],"data":{"order_type":"ENROLLMENT","order_number":"4262","order_date":"2026-04-20T13:17:10.952Z","files":[{"id":"b6e79057-2e2d-4d76-872a-cbdadb6dc389","checksum":"15e377f79ece4daa09e0de17d9e51284681571c64c12bc7f7049b5deff68b707"}]},"esign":false}
2026-04-20 13:12:44,137 INFO [TG_Test 1-99] o.a.j.p.j.s.J.Create payload: formData={order_type=ENROLLMENT, order_number=4262, order_date=2026-04-20T13:17:10.952Z, files=[{id=b6e79057-2e2d-4d76-872a-cbdadb6dc389, checksum=15e377f79ece4daa09e0de17d9e51284681571c64c12bc7f7049b5deff68b707}]}
2026-04-20 13:12:44,137 INFO [TG_Test 1-99] o.a.j.p.j.s.J.Create payload: Payload={"data":{"order_type":"ENROLLMENT","order_number":"4262","order_date":"2026-04-20","files":[{"id":"b6e79057-2e2d-4d76-872a-cbdadb6dc389","checksum":"15e377f79ece4daa09e0de17d9e51284681571c64c12bc7f7049b5deff68b707"}],"birthday":"2002-12-21"}}
2026-04-20 13:12:44,193 INFO [TG_Test 1-66] o.a.j.e.J.JSR223 - Clear Cookie: === [SESSION CLEAR] HTTP Cookie Manager очищено ===
2026-04-20 13:12:44,193 INFO [TG_Test 1-66] o.a.j.e.J.JSR223 - Clear Cookie: === [SESSION CLEAR] Змінні авторизації видалено. Готові до логіну Провайдера. ===
2026-04-20 13:12:44,193 INFO [TG_Test 1-66] o.a.j.t.JMeterThread: Stop Thread seen for thread TG_Test 1-66, reason: org.apache.jorphan.util.JMeterStopThreadException: End of file:/home/vlad/diia/projects/perf-testing-methodology/test-data/nested-entity-execution-plan.csv detected for CSV DataSet:CSV - Users Data configured with stopThread:true, recycle:false
2026-04-20 13:12:44,193 INFO [TG_Test 1-66] o.a.j.t.JMeterThread: Thread finished: TG_Test 1-66
2026-04-20 13:12:44,282 INFO [TG_Test 1-78] o.a.j.e.J.JSR223 - Clear Cookie: === [SESSION CLEAR] HTTP Cookie Manager очищено ===
2026-04-20 13:12:44,282 INFO [TG_Test 1-78] o.a.j.e.J.JSR223 - Clear Cookie: === [SESSION CLEAR] Змінні авторизації видалено. Готові до логіну Провайдера. ===
2026-04-20 13:12:44,282 INFO [TG_Test 1-78] o.a.j.t.JMeterThread: Stop Thread seen for thread TG_Test 1-78, reason: org.apache.jorphan.util.JMeterStopThreadException: End of file:/home/vlad/diia/projects/perf-testing-methodology/test-data/nested-entity-execution-plan.csv detected for CSV DataSet:CSV - Users Data configured with stopThread:true, recycle:false
2026-04-20 13:12:44,282 INFO [TG_Test 1-78] o.a.j.t.JMeterThread: Thread finished: TG_Test 1-78
2026-04-20 13:12:44,314 INFO [TG_Test 1-95] o.a.j.p.j.s.J.Create payload: formData={"id":"78f2b871-3ca1-11f1-beaf-0a580a80027a","taskDefinitionKey":"signDataActivity","name":"Підписати дані про освітній профіль","assignee":"perf-test-officer-95","created":"2026-04-20T10:12:44.177Z","description":null,"processInstanceId":"7093515d-3ca1-11f1-beaf-0a580a80027a","rootProcessInstanceId":"7093515d-3ca1-11f1-beaf-0a580a80027a","processDefinitionId":"b29a4815-3a3c-11f1-9c26-0a580a800265","processDefinitionName":"Процес для перевірки збереження декількох сутностей в рамках однієї транзакції - nested entity","formKey":"feature-form-add-fourth","suspended":false,"formVariables":{},"signatureValidationPack":[],"data":{"order_type":"ENROLLMENT","order_number":"4694","order_date":"2026-04-20","files":[{"id":"90ca0a94-17c6-4779-a65b-9d2893e9bdbd","checksum":"15e377f79ece4daa09e0de17d9e51284681571c64c12bc7f7049b5deff68b707"}],"birthday":"1986-11-07"},"esign":true}
2026-04-20 13:12:44,314 INFO [TG_Test 1-95] o.a.j.p.j.s.J.Create payload: formData={order_type=ENROLLMENT, order_number=4694, order_date=2026-04-20, files=[{id=90ca0a94-17c6-4779-a65b-9d2893e9bdbd, checksum=15e377f79ece4daa09e0de17d9e51284681571c64c12bc7f7049b5deff68b707}], birthday=1986-11-07}
2026-04-20 13:12:44,314 INFO [TG_Test 1-95] o.a.j.p.j.s.J.Create payload: Payload={"data":{"order_type":"ENROLLMENT","order_number":"4694","order_date":"2026-04-20","files":[{"id":"90ca0a94-17c6-4779-a65b-9d2893e9bdbd","checksum":"15e377f79ece4daa09e0de17d9e51284681571c64c12bc7f7049b5deff68b707"}],"birthday":"1986-11-07"},"signature":"perf-test-officer-95.dat"}
2026-04-20 13:12:44,373 INFO [TG_Test 1-87] o.a.j.e.J.JSR223 - Clear Cookie: === [SESSION CLEAR] HTTP Cookie Manager очищено ===
2026-04-20 13:12:44,373 INFO [TG_Test 1-87] o.a.j.e.J.JSR223 - Clear Cookie: === [SESSION CLEAR] Змінні авторизації видалено. Готові до логіну Провайдера. ===
2026-04-20 13:12:44,373 INFO [TG_Test 1-87] o.a.j.t.JMeterThread: Stop Thread seen for thread TG_Test 1-87, reason: org.apache.jorphan.util.JMeterStopThreadException: End of file:/home/vlad/diia/projects/perf-testing-methodology/test-data/nested-entity-execution-plan.csv detected for CSV DataSet:CSV - Users Data configured with stopThread:true, recycle:false
2026-04-20 13:12:44,373 INFO [TG_Test 1-87] o.a.j.t.JMeterThread: Thread finished: TG_Test 1-87
2026-04-20 13:12:44,639 INFO [TG_Test 1-96] o.a.j.p.j.s.J.Create payload: formData={"id":"7923174f-3ca1-11f1-beaf-0a580a80027a","taskDefinitionKey":"signDataActivity","name":"Підписати дані про освітній профіль","assignee":"perf-test-officer-96","created":"2026-04-20T10:12:44.494Z","description":null,"processInstanceId":"7136e45e-3ca1-11f1-beaf-0a580a80027a","rootProcessInstanceId":"7136e45e-3ca1-11f1-beaf-0a580a80027a","processDefinitionId":"b29a4815-3a3c-11f1-9c26-0a580a800265","processDefinitionName":"Процес для перевірки збереження декількох сутностей в рамках однієї транзакції - nested entity","formKey":"feature-form-add-fourth","suspended":false,"formVariables":{},"signatureValidationPack":[],"data":{"order_type":"DISMISSAL","order_number":"2857","order_date":"2026-04-20","files":[{"id":"e7c1a3ca-c9f5-49f8-8f95-fc3d5e3f14f4","checksum":"15e377f79ece4daa09e0de17d9e51284681571c64c12bc7f7049b5deff68b707"}],"birthday":"1981-08-04"},"esign":true}
2026-04-20 13:12:44,639 INFO [TG_Test 1-96] o.a.j.p.j.s.J.Create payload: formData={order_type=DISMISSAL, order_number=2857, order_date=2026-04-20, files=[{id=e7c1a3ca-c9f5-49f8-8f95-fc3d5e3f14f4, checksum=15e377f79ece4daa09e0de17d9e51284681571c64c12bc7f7049b5deff68b707}], birthday=1981-08-04}
2026-04-20 13:12:44,639 INFO [TG_Test 1-96] o.a.j.p.j.s.J.Create payload: Payload={"data":{"order_type":"DISMISSAL","order_number":"2857","order_date":"2026-04-20","files":[{"id":"e7c1a3ca-c9f5-49f8-8f95-fc3d5e3f14f4","checksum":"15e377f79ece4daa09e0de17d9e51284681571c64c12bc7f7049b5deff68b707"}],"birthday":"1981-08-04"},"signature":"perf-test-officer-96.dat"}
2026-04-20 13:12:45,294 INFO [TG_Test 1-82] o.a.j.e.J.JSR223 - Clear Cookie: === [SESSION CLEAR] HTTP Cookie Manager очищено ===
2026-04-20 13:12:45,294 INFO [TG_Test 1-82] o.a.j.e.J.JSR223 - Clear Cookie: === [SESSION CLEAR] Змінні авторизації видалено. Готові до логіну Провайдера. ===
2026-04-20 13:12:45,294 INFO [TG_Test 1-82] o.a.j.t.JMeterThread: Stop Thread seen for thread TG_Test 1-82, reason: org.apache.jorphan.util.JMeterStopThreadException: End of file:/home/vlad/diia/projects/perf-testing-methodology/test-data/nested-entity-execution-plan.csv detected for CSV DataSet:CSV - Users Data configured with stopThread:true, recycle:false
2026-04-20 13:12:45,295 INFO [TG_Test 1-82] o.a.j.t.JMeterThread: Thread finished: TG_Test 1-82
2026-04-20 13:12:45,443 INFO [TG_Test 1-79] o.a.j.e.J.JSR223 - Clear Cookie: === [SESSION CLEAR] HTTP Cookie Manager очищено ===
2026-04-20 13:12:45,443 INFO [TG_Test 1-79] o.a.j.e.J.JSR223 - Clear Cookie: === [SESSION CLEAR] Змінні авторизації видалено. Готові до логіну Провайдера. ===
2026-04-20 13:12:45,443 INFO [TG_Test 1-79] o.a.j.t.JMeterThread: Stop Thread seen for thread TG_Test 1-79, reason: org.apache.jorphan.util.JMeterStopThreadException: End of file:/home/vlad/diia/projects/perf-testing-methodology/test-data/nested-entity-execution-plan.csv detected for CSV DataSet:CSV - Users Data configured with stopThread:true, recycle:false
2026-04-20 13:12:45,443 INFO [TG_Test 1-79] o.a.j.t.JMeterThread: Thread finished: TG_Test 1-79
2026-04-20 13:12:45,607 INFO [TG_Test 1-76] o.a.j.e.J.JSR223 - Clear Cookie: === [SESSION CLEAR] HTTP Cookie Manager очищено ===
2026-04-20 13:12:45,607 INFO [TG_Test 1-76] o.a.j.e.J.JSR223 - Clear Cookie: === [SESSION CLEAR] Змінні авторизації видалено. Готові до логіну Провайдера. ===
2026-04-20 13:12:45,607 INFO [TG_Test 1-76] o.a.j.t.JMeterThread: Stop Thread seen for thread TG_Test 1-76, reason: org.apache.jorphan.util.JMeterStopThreadException: End of file:/home/vlad/diia/projects/perf-testing-methodology/test-data/nested-entity-execution-plan.csv detected for CSV DataSet:CSV - Users Data configured with stopThread:true, recycle:false
2026-04-20 13:12:45,608 INFO [TG_Test 1-76] o.a.j.t.JMeterThread: Thread finished: TG_Test 1-76
2026-04-20 13:12:45,690 INFO [TG_Test 1-90] o.a.j.e.J.JSR223 - Clear Cookie: === [SESSION CLEAR] HTTP Cookie Manager очищено ===
2026-04-20 13:12:45,690 INFO [TG_Test 1-90] o.a.j.e.J.JSR223 - Clear Cookie: === [SESSION CLEAR] Змінні авторизації видалено. Готові до логіну Провайдера. ===
2026-04-20 13:12:45,690 INFO [TG_Test 1-90] o.a.j.t.JMeterThread: Stop Thread seen for thread TG_Test 1-90, reason: org.apache.jorphan.util.JMeterStopThreadException: End of file:/home/vlad/diia/projects/perf-testing-methodology/test-data/nested-entity-execution-plan.csv detected for CSV DataSet:CSV - Users Data configured with stopThread:true, recycle:false
2026-04-20 13:12:45,690 INFO [TG_Test 1-90] o.a.j.t.JMeterThread: Thread finished: TG_Test 1-90
2026-04-20 13:12:45,831 INFO [TG_Test 1-93] o.a.j.e.J.JSR223 - Clear Cookie: === [SESSION CLEAR] HTTP Cookie Manager очищено ===
2026-04-20 13:12:45,831 INFO [TG_Test 1-93] o.a.j.e.J.JSR223 - Clear Cookie: === [SESSION CLEAR] Змінні авторизації видалено. Готові до логіну Провайдера. ===
2026-04-20 13:12:45,831 INFO [TG_Test 1-93] o.a.j.t.JMeterThread: Stop Thread seen for thread TG_Test 1-93, reason: org.apache.jorphan.util.JMeterStopThreadException: End of file:/home/vlad/diia/projects/perf-testing-methodology/test-data/nested-entity-execution-plan.csv detected for CSV DataSet:CSV - Users Data configured with stopThread:true, recycle:false
2026-04-20 13:12:45,831 INFO [TG_Test 1-93] o.a.j.t.JMeterThread: Thread finished: TG_Test 1-93
2026-04-20 13:12:45,846 INFO [TG_Test 1-92] o.a.j.p.j.s.J.Create payload: formData={"id":"79d13206-3ca1-11f1-beaf-0a580a80027a","taskDefinitionKey":"signDataActivity","name":"Підписати дані про освітній профіль","assignee":"perf-test-officer-92","created":"2026-04-20T10:12:45.635Z","description":null,"processInstanceId":"711181e1-3ca1-11f1-beaf-0a580a80027a","rootProcessInstanceId":"711181e1-3ca1-11f1-beaf-0a580a80027a","processDefinitionId":"b29a4815-3a3c-11f1-9c26-0a580a800265","processDefinitionName":"Процес для перевірки збереження декількох сутностей в рамках однієї транзакції - nested entity","formKey":"feature-form-add-fourth","suspended":false,"formVariables":{},"signatureValidationPack":[],"data":{"order_type":"DISMISSAL","order_number":"1906","order_date":"2026-04-20","files":[{"id":"963eb52b-0f38-451c-ac71-a3c4623a5872","checksum":"15e377f79ece4daa09e0de17d9e51284681571c64c12bc7f7049b5deff68b707"}],"birthday":"1998-01-09"},"esign":true}
2026-04-20 13:12:45,846 INFO [TG_Test 1-92] o.a.j.p.j.s.J.Create payload: formData={order_type=DISMISSAL, order_number=1906, order_date=2026-04-20, files=[{id=963eb52b-0f38-451c-ac71-a3c4623a5872, checksum=15e377f79ece4daa09e0de17d9e51284681571c64c12bc7f7049b5deff68b707}], birthday=1998-01-09}
2026-04-20 13:12:45,846 INFO [TG_Test 1-92] o.a.j.p.j.s.J.Create payload: Payload={"data":{"order_type":"DISMISSAL","order_number":"1906","order_date":"2026-04-20","files":[{"id":"963eb52b-0f38-451c-ac71-a3c4623a5872","checksum":"15e377f79ece4daa09e0de17d9e51284681571c64c12bc7f7049b5deff68b707"}],"birthday":"1998-01-09"},"signature":"perf-test-officer-92.dat"}
2026-04-20 13:12:45,904 INFO [TG_Test 1-80] o.a.j.e.J.JSR223 - Clear Cookie: === [SESSION CLEAR] HTTP Cookie Manager очищено ===
2026-04-20 13:12:45,904 INFO [TG_Test 1-80] o.a.j.e.J.JSR223 - Clear Cookie: === [SESSION CLEAR] Змінні авторизації видалено. Готові до логіну Провайдера. ===
2026-04-20 13:12:45,904 INFO [TG_Test 1-80] o.a.j.t.JMeterThread: Stop Thread seen for thread TG_Test 1-80, reason: org.apache.jorphan.util.JMeterStopThreadException: End of file:/home/vlad/diia/projects/perf-testing-methodology/test-data/nested-entity-execution-plan.csv detected for CSV DataSet:CSV - Users Data configured with stopThread:true, recycle:false
2026-04-20 13:12:45,904 INFO [TG_Test 1-80] o.a.j.t.JMeterThread: Thread finished: TG_Test 1-80
2026-04-20 13:12:46,027 INFO [TG_Test 1-89] o.a.j.e.J.JSR223 - Clear Cookie: === [SESSION CLEAR] HTTP Cookie Manager очищено ===
2026-04-20 13:12:46,027 INFO [TG_Test 1-89] o.a.j.e.J.JSR223 - Clear Cookie: === [SESSION CLEAR] Змінні авторизації видалено. Готові до логіну Провайдера. ===
2026-04-20 13:12:46,027 INFO [TG_Test 1-89] o.a.j.t.JMeterThread: Stop Thread seen for thread TG_Test 1-89, reason: org.apache.jorphan.util.JMeterStopThreadException: End of file:/home/vlad/diia/projects/perf-testing-methodology/test-data/nested-entity-execution-plan.csv detected for CSV DataSet:CSV - Users Data configured with stopThread:true, recycle:false
2026-04-20 13:12:46,027 INFO [TG_Test 1-89] o.a.j.t.JMeterThread: Thread finished: TG_Test 1-89
2026-04-20 13:12:46,168 INFO [TG_Test 1-88] o.a.j.e.J.JSR223 - Clear Cookie: === [SESSION CLEAR] HTTP Cookie Manager очищено ===
2026-04-20 13:12:46,168 INFO [TG_Test 1-88] o.a.j.e.J.JSR223 - Clear Cookie: === [SESSION CLEAR] Змінні авторизації видалено. Готові до логіну Провайдера. ===
2026-04-20 13:12:46,168 INFO [TG_Test 1-88] o.a.j.t.JMeterThread: Stop Thread seen for thread TG_Test 1-88, reason: org.apache.jorphan.util.JMeterStopThreadException: End of file:/home/vlad/diia/projects/perf-testing-methodology/test-data/nested-entity-execution-plan.csv detected for CSV DataSet:CSV - Users Data configured with stopThread:true, recycle:false
2026-04-20 13:12:46,168 INFO [TG_Test 1-88] o.a.j.t.JMeterThread: Thread finished: TG_Test 1-88
2026-04-20 13:12:46,319 INFO [TG_Test 1-84] o.a.j.e.J.JSR223 - Clear Cookie: === [SESSION CLEAR] HTTP Cookie Manager очищено ===
2026-04-20 13:12:46,320 INFO [TG_Test 1-84] o.a.j.e.J.JSR223 - Clear Cookie: === [SESSION CLEAR] Змінні авторизації видалено. Готові до логіну Провайдера. ===
2026-04-20 13:12:46,320 INFO [TG_Test 1-84] o.a.j.t.JMeterThread: Stop Thread seen for thread TG_Test 1-84, reason: org.apache.jorphan.util.JMeterStopThreadException: End of file:/home/vlad/diia/projects/perf-testing-methodology/test-data/nested-entity-execution-plan.csv detected for CSV DataSet:CSV - Users Data configured with stopThread:true, recycle:false
2026-04-20 13:12:46,320 INFO [TG_Test 1-84] o.a.j.t.JMeterThread: Thread finished: TG_Test 1-84
2026-04-20 13:12:46,327 INFO [TG_Test 1-100] o.a.j.p.j.s.J.Create payload: formData={"id":"7a2125f4-3ca1-11f1-beaf-0a580a80027a","taskDefinitionKey":"signDataActivity","name":"Підписати дані про освітній профіль","assignee":"perf-test-officer-100","created":"2026-04-20T10:12:46.159Z","description":null,"processInstanceId":"7266644c-3ca1-11f1-beaf-0a580a80027a","rootProcessInstanceId":"7266644c-3ca1-11f1-beaf-0a580a80027a","processDefinitionId":"b29a4815-3a3c-11f1-9c26-0a580a800265","processDefinitionName":"Процес для перевірки збереження декількох сутностей в рамках однієї транзакції - nested entity","formKey":"feature-form-add-fourth","suspended":false,"formVariables":{},"signatureValidationPack":[],"data":{"order_type":"ENROLLMENT","order_number":"3980","order_date":"2026-04-20","files":[{"id":"f3721975-8d8c-405f-b196-c77acdfc3eac","checksum":"15e377f79ece4daa09e0de17d9e51284681571c64c12bc7f7049b5deff68b707"}],"birthday":"1970-08-23"},"esign":true}
2026-04-20 13:12:46,327 INFO [TG_Test 1-100] o.a.j.p.j.s.J.Create payload: formData={order_type=ENROLLMENT, order_number=3980, order_date=2026-04-20, files=[{id=f3721975-8d8c-405f-b196-c77acdfc3eac, checksum=15e377f79ece4daa09e0de17d9e51284681571c64c12bc7f7049b5deff68b707}], birthday=1970-08-23}
2026-04-20 13:12:46,327 INFO [TG_Test 1-100] o.a.j.p.j.s.J.Create payload: Payload={"data":{"order_type":"ENROLLMENT","order_number":"3980","order_date":"2026-04-20","files":[{"id":"f3721975-8d8c-405f-b196-c77acdfc3eac","checksum":"15e377f79ece4daa09e0de17d9e51284681571c64c12bc7f7049b5deff68b707"}],"birthday":"1970-08-23"},"signature":"perf-test-officer-100.dat"}
2026-04-20 13:12:46,425 INFO [TG_Test 1-81] o.a.j.e.J.JSR223 - Clear Cookie: === [SESSION CLEAR] HTTP Cookie Manager очищено ===
2026-04-20 13:12:46,425 INFO [TG_Test 1-81] o.a.j.e.J.JSR223 - Clear Cookie: === [SESSION CLEAR] Змінні авторизації видалено. Готові до логіну Провайдера. ===
2026-04-20 13:12:46,425 INFO [TG_Test 1-81] o.a.j.t.JMeterThread: Stop Thread seen for thread TG_Test 1-81, reason: org.apache.jorphan.util.JMeterStopThreadException: End of file:/home/vlad/diia/projects/perf-testing-methodology/test-data/nested-entity-execution-plan.csv detected for CSV DataSet:CSV - Users Data configured with stopThread:true, recycle:false
2026-04-20 13:12:46,425 INFO [TG_Test 1-81] o.a.j.t.JMeterThread: Thread finished: TG_Test 1-81
2026-04-20 13:12:46,527 INFO [TG_Test 1-85] o.a.j.e.J.JSR223 - Clear Cookie: === [SESSION CLEAR] HTTP Cookie Manager очищено ===
2026-04-20 13:12:46,527 INFO [TG_Test 1-85] o.a.j.e.J.JSR223 - Clear Cookie: === [SESSION CLEAR] Змінні авторизації видалено. Готові до логіну Провайдера. ===
2026-04-20 13:12:46,527 INFO [TG_Test 1-85] o.a.j.t.JMeterThread: Stop Thread seen for thread TG_Test 1-85, reason: org.apache.jorphan.util.JMeterStopThreadException: End of file:/home/vlad/diia/projects/perf-testing-methodology/test-data/nested-entity-execution-plan.csv detected for CSV DataSet:CSV - Users Data configured with stopThread:true, recycle:false
2026-04-20 13:12:46,527 INFO [TG_Test 1-85] o.a.j.t.JMeterThread: Thread finished: TG_Test 1-85
2026-04-20 13:12:46,610 INFO [TG_Test 1-86] o.a.j.e.J.JSR223 - Clear Cookie: === [SESSION CLEAR] HTTP Cookie Manager очищено ===
2026-04-20 13:12:46,610 INFO [TG_Test 1-86] o.a.j.e.J.JSR223 - Clear Cookie: === [SESSION CLEAR] Змінні авторизації видалено. Готові до логіну Провайдера. ===
2026-04-20 13:12:46,611 INFO [TG_Test 1-86] o.a.j.t.JMeterThread: Stop Thread seen for thread TG_Test 1-86, reason: org.apache.jorphan.util.JMeterStopThreadException: End of file:/home/vlad/diia/projects/perf-testing-methodology/test-data/nested-entity-execution-plan.csv detected for CSV DataSet:CSV - Users Data configured with stopThread:true, recycle:false
2026-04-20 13:12:46,611 INFO [TG_Test 1-86] o.a.j.t.JMeterThread: Thread finished: TG_Test 1-86
2026-04-20 13:12:46,704 INFO [TG_Test 1-83] o.a.j.e.J.JSR223 - Clear Cookie: === [SESSION CLEAR] HTTP Cookie Manager очищено ===
2026-04-20 13:12:46,704 INFO [TG_Test 1-83] o.a.j.e.J.JSR223 - Clear Cookie: === [SESSION CLEAR] Змінні авторизації видалено. Готові до логіну Провайдера. ===
2026-04-20 13:12:46,704 INFO [TG_Test 1-83] o.a.j.t.JMeterThread: Stop Thread seen for thread TG_Test 1-83, reason: org.apache.jorphan.util.JMeterStopThreadException: End of file:/home/vlad/diia/projects/perf-testing-methodology/test-data/nested-entity-execution-plan.csv detected for CSV DataSet:CSV - Users Data configured with stopThread:true, recycle:false
2026-04-20 13:12:46,704 INFO [TG_Test 1-83] o.a.j.t.JMeterThread: Thread finished: TG_Test 1-83
2026-04-20 13:12:46,864 INFO [TG_Test 1-91] o.a.j.e.J.JSR223 - Clear Cookie: === [SESSION CLEAR] HTTP Cookie Manager очищено ===
2026-04-20 13:12:46,864 INFO [TG_Test 1-91] o.a.j.e.J.JSR223 - Clear Cookie: === [SESSION CLEAR] Змінні авторизації видалено. Готові до логіну Провайдера. ===
2026-04-20 13:12:46,864 INFO [TG_Test 1-91] o.a.j.t.JMeterThread: Stop Thread seen for thread TG_Test 1-91, reason: org.apache.jorphan.util.JMeterStopThreadException: End of file:/home/vlad/diia/projects/perf-testing-methodology/test-data/nested-entity-execution-plan.csv detected for CSV DataSet:CSV - Users Data configured with stopThread:true, recycle:false
2026-04-20 13:12:46,864 INFO [TG_Test 1-91] o.a.j.t.JMeterThread: Thread finished: TG_Test 1-91
2026-04-20 13:12:46,954 INFO [TG_Test 1-94] o.a.j.e.J.JSR223 - Clear Cookie: === [SESSION CLEAR] HTTP Cookie Manager очищено ===
2026-04-20 13:12:46,954 INFO [TG_Test 1-94] o.a.j.e.J.JSR223 - Clear Cookie: === [SESSION CLEAR] Змінні авторизації видалено. Готові до логіну Провайдера. ===
2026-04-20 13:12:46,954 INFO [TG_Test 1-94] o.a.j.t.JMeterThread: Stop Thread seen for thread TG_Test 1-94, reason: org.apache.jorphan.util.JMeterStopThreadException: End of file:/home/vlad/diia/projects/perf-testing-methodology/test-data/nested-entity-execution-plan.csv detected for CSV DataSet:CSV - Users Data configured with stopThread:true, recycle:false
2026-04-20 13:12:46,954 INFO [TG_Test 1-94] o.a.j.t.JMeterThread: Thread finished: TG_Test 1-94
2026-04-20 13:12:46,981 INFO [TG_Test 1-99] o.a.j.p.j.s.J.Create payload: formData={"id":"7a87d737-3ca1-11f1-beaf-0a580a80027a","taskDefinitionKey":"signDataActivity","name":"Підписати дані про освітній профіль","assignee":"perf-test-officer-99","created":"2026-04-20T10:12:46.832Z","description":null,"processInstanceId":"717eea47-3ca1-11f1-beaf-0a580a80027a","rootProcessInstanceId":"717eea47-3ca1-11f1-beaf-0a580a80027a","processDefinitionId":"b29a4815-3a3c-11f1-9c26-0a580a800265","processDefinitionName":"Процес для перевірки збереження декількох сутностей в рамках однієї транзакції - nested entity","formKey":"feature-form-add-fourth","suspended":false,"formVariables":{},"signatureValidationPack":[],"data":{"order_type":"ENROLLMENT","order_number":"4262","order_date":"2026-04-20","files":[{"id":"b6e79057-2e2d-4d76-872a-cbdadb6dc389","checksum":"15e377f79ece4daa09e0de17d9e51284681571c64c12bc7f7049b5deff68b707"}],"birthday":"2002-12-21"},"esign":true}
2026-04-20 13:12:46,981 INFO [TG_Test 1-99] o.a.j.p.j.s.J.Create payload: formData={order_type=ENROLLMENT, order_number=4262, order_date=2026-04-20, files=[{id=b6e79057-2e2d-4d76-872a-cbdadb6dc389, checksum=15e377f79ece4daa09e0de17d9e51284681571c64c12bc7f7049b5deff68b707}], birthday=2002-12-21}
2026-04-20 13:12:46,981 INFO [TG_Test 1-99] o.a.j.p.j.s.J.Create payload: Payload={"data":{"order_type":"ENROLLMENT","order_number":"4262","order_date":"2026-04-20","files":[{"id":"b6e79057-2e2d-4d76-872a-cbdadb6dc389","checksum":"15e377f79ece4daa09e0de17d9e51284681571c64c12bc7f7049b5deff68b707"}],"birthday":"2002-12-21"},"signature":"perf-test-officer-99.dat"}
2026-04-20 13:12:47,042 INFO [TG_Test 1-98] o.a.j.e.J.JSR223 - Clear Cookie: === [SESSION CLEAR] HTTP Cookie Manager очищено ===
2026-04-20 13:12:47,042 INFO [TG_Test 1-98] o.a.j.e.J.JSR223 - Clear Cookie: === [SESSION CLEAR] Змінні авторизації видалено. Готові до логіну Провайдера. ===
2026-04-20 13:12:47,042 INFO [TG_Test 1-98] o.a.j.t.JMeterThread: Stop Thread seen for thread TG_Test 1-98, reason: org.apache.jorphan.util.JMeterStopThreadException: End of file:/home/vlad/diia/projects/perf-testing-methodology/test-data/nested-entity-execution-plan.csv detected for CSV DataSet:CSV - Users Data configured with stopThread:true, recycle:false
2026-04-20 13:12:47,042 INFO [TG_Test 1-98] o.a.j.t.JMeterThread: Thread finished: TG_Test 1-98
2026-04-20 13:12:47,159 INFO [TG_Test 1-97] o.a.j.e.J.JSR223 - Clear Cookie: === [SESSION CLEAR] HTTP Cookie Manager очищено ===
2026-04-20 13:12:47,159 INFO [TG_Test 1-97] o.a.j.e.J.JSR223 - Clear Cookie: === [SESSION CLEAR] Змінні авторизації видалено. Готові до логіну Провайдера. ===
2026-04-20 13:12:47,160 INFO [TG_Test 1-97] o.a.j.t.JMeterThread: Stop Thread seen for thread TG_Test 1-97, reason: org.apache.jorphan.util.JMeterStopThreadException: End of file:/home/vlad/diia/projects/perf-testing-methodology/test-data/nested-entity-execution-plan.csv detected for CSV DataSet:CSV - Users Data configured with stopThread:true, recycle:false
2026-04-20 13:12:47,160 INFO [TG_Test 1-97] o.a.j.t.JMeterThread: Thread finished: TG_Test 1-97
2026-04-20 13:12:47,301 INFO [TG_Test 1-96] o.a.j.e.J.JSR223 - Clear Cookie: === [SESSION CLEAR] HTTP Cookie Manager очищено ===
2026-04-20 13:12:47,301 INFO [TG_Test 1-96] o.a.j.e.J.JSR223 - Clear Cookie: === [SESSION CLEAR] Змінні авторизації видалено. Готові до логіну Провайдера. ===
2026-04-20 13:12:47,301 INFO [TG_Test 1-96] o.a.j.t.JMeterThread: Stop Thread seen for thread TG_Test 1-96, reason: org.apache.jorphan.util.JMeterStopThreadException: End of file:/home/vlad/diia/projects/perf-testing-methodology/test-data/nested-entity-execution-plan.csv detected for CSV DataSet:CSV - Users Data configured with stopThread:true, recycle:false
2026-04-20 13:12:47,302 INFO [TG_Test 1-96] o.a.j.t.JMeterThread: Thread finished: TG_Test 1-96
2026-04-20 13:12:47,510 INFO [TG_Test 1-95] o.a.j.e.J.JSR223 - Clear Cookie: === [SESSION CLEAR] HTTP Cookie Manager очищено ===
2026-04-20 13:12:47,510 INFO [TG_Test 1-95] o.a.j.e.J.JSR223 - Clear Cookie: === [SESSION CLEAR] Змінні авторизації видалено. Готові до логіну Провайдера. ===
2026-04-20 13:12:47,510 INFO [TG_Test 1-95] o.a.j.t.JMeterThread: Stop Thread seen for thread TG_Test 1-95, reason: org.apache.jorphan.util.JMeterStopThreadException: End of file:/home/vlad/diia/projects/perf-testing-methodology/test-data/nested-entity-execution-plan.csv detected for CSV DataSet:CSV - Users Data configured with stopThread:true, recycle:false
2026-04-20 13:12:47,510 INFO [TG_Test 1-95] o.a.j.t.JMeterThread: Thread finished: TG_Test 1-95
2026-04-20 13:12:48,786 INFO [TG_Test 1-92] o.a.j.e.J.JSR223 - Clear Cookie: === [SESSION CLEAR] HTTP Cookie Manager очищено ===
2026-04-20 13:12:48,786 INFO [TG_Test 1-92] o.a.j.e.J.JSR223 - Clear Cookie: === [SESSION CLEAR] Змінні авторизації видалено. Готові до логіну Провайдера. ===
2026-04-20 13:12:48,786 INFO [TG_Test 1-92] o.a.j.t.JMeterThread: Stop Thread seen for thread TG_Test 1-92, reason: org.apache.jorphan.util.JMeterStopThreadException: End of file:/home/vlad/diia/projects/perf-testing-methodology/test-data/nested-entity-execution-plan.csv detected for CSV DataSet:CSV - Users Data configured with stopThread:true, recycle:false
2026-04-20 13:12:48,786 INFO [TG_Test 1-92] o.a.j.t.JMeterThread: Thread finished: TG_Test 1-92
2026-04-20 13:12:49,168 INFO [TG_Test 1-100] o.a.j.e.J.JSR223 - Clear Cookie: === [SESSION CLEAR] HTTP Cookie Manager очищено ===
2026-04-20 13:12:49,168 INFO [TG_Test 1-100] o.a.j.e.J.JSR223 - Clear Cookie: === [SESSION CLEAR] Змінні авторизації видалено. Готові до логіну Провайдера. ===
2026-04-20 13:12:49,168 INFO [TG_Test 1-100] o.a.j.t.JMeterThread: Stop Thread seen for thread TG_Test 1-100, reason: org.apache.jorphan.util.JMeterStopThreadException: End of file:/home/vlad/diia/projects/perf-testing-methodology/test-data/nested-entity-execution-plan.csv detected for CSV DataSet:CSV - Users Data configured with stopThread:true, recycle:false
2026-04-20 13:12:49,168 INFO [TG_Test 1-100] o.a.j.t.JMeterThread: Thread finished: TG_Test 1-100
2026-04-20 13:12:49,930 INFO [TG_Test 1-99] o.a.j.e.J.JSR223 - Clear Cookie: === [SESSION CLEAR] HTTP Cookie Manager очищено ===
2026-04-20 13:12:49,930 INFO [TG_Test 1-99] o.a.j.e.J.JSR223 - Clear Cookie: === [SESSION CLEAR] Змінні авторизації видалено. Готові до логіну Провайдера. ===
2026-04-20 13:12:49,930 INFO [TG_Test 1-99] o.a.j.t.JMeterThread: Stop Thread seen for thread TG_Test 1-99, reason: org.apache.jorphan.util.JMeterStopThreadException: End of file:/home/vlad/diia/projects/perf-testing-methodology/test-data/nested-entity-execution-plan.csv detected for CSV DataSet:CSV - Users Data configured with stopThread:true, recycle:false
2026-04-20 13:12:49,930 INFO [TG_Test 1-99] o.a.j.t.JMeterThread: Thread finished: TG_Test 1-99
2026-04-20 13:12:49,930 INFO [StandardJMeterEngine-1] o.a.j.e.StandardJMeterEngine: Notifying test listeners of end of test
2026-04-20 13:12:49,930 INFO [StandardJMeterEngine-1] o.a.j.s.FileServer: Close: /home/vlad/diia/projects/perf-testing-methodology/test-data/nested-entity-execution-plan.csv
2026-04-20 13:12:49,933 INFO [StandardJMeterEngine-1] o.a.j.r.Summariser: summary +    958 in 00:00:20 =   48.1/s Avg:   422 Min:     0 Max:  3106 Err:     0 (0.00%) Active: 0 Started: 100 Finished: 100
2026-04-20 13:12:49,933 INFO [StandardJMeterEngine-1] o.a.j.r.Summariser: summary =   3200 in 00:00:47 =   68.8/s Avg:   207 Min:     0 Max:  3106 Err:     0 (0.00%)
2026-04-20 13:12:49,933 INFO [StandardJMeterEngine-1] o.a.j.JMeter: Generating Dashboard
2026-04-20 13:12:49,933 INFO [StandardJMeterEngine-1] o.a.j.r.d.ReportGenerator: Flushing result collector before report Generation
2026-04-20 13:12:49,938 INFO [StandardJMeterEngine-1] o.a.j.r.p.NormalizerSampleConsumer: Using format, 'ms', to parse timeStamp field
2026-04-20 13:12:50,098 INFO [StandardJMeterEngine-1] o.a.j.r.p.AbstractSampleConsumer: class org.apache.jmeter.report.processor.AggregateConsumer#stopProducing(): beginDate produced 0 samples
2026-04-20 13:12:50,099 INFO [StandardJMeterEngine-1] o.a.j.r.p.AbstractSampleConsumer: class org.apache.jmeter.report.processor.AggregateConsumer#stopProducing(): endDate produced 0 samples
2026-04-20 13:12:50,102 INFO [StandardJMeterEngine-1] o.a.j.r.p.AbstractSampleConsumer: class org.apache.jmeter.report.processor.ApdexSummaryConsumer#stopProducing(): apdexSummary produced 0 samples
2026-04-20 13:12:50,102 INFO [StandardJMeterEngine-1] o.a.j.r.p.AbstractSampleConsumer: class org.apache.jmeter.report.processor.RequestsSummaryConsumer#stopProducing(): requestsSummary produced 0 samples
2026-04-20 13:12:50,107 INFO [StandardJMeterEngine-1] o.a.j.r.p.AbstractSampleConsumer: class org.apache.jmeter.report.processor.StatisticsSummaryConsumer#stopProducing(): statisticsSummary produced 0 samples
2026-04-20 13:12:50,108 INFO [StandardJMeterEngine-1] o.a.j.r.p.AbstractSampleConsumer: class org.apache.jmeter.report.processor.Top5ErrorsBySamplerConsumer#stopProducing(): top5ErrorsBySampler produced 0 samples
2026-04-20 13:12:50,108 INFO [StandardJMeterEngine-1] o.a.j.r.p.AbstractSampleConsumer: class org.apache.jmeter.report.processor.ErrorsSummaryConsumer#stopProducing(): errorsSummary produced 0 samples
2026-04-20 13:12:50,109 INFO [StandardJMeterEngine-1] o.a.j.r.p.AbstractSampleConsumer: class org.apache.jmeter.report.processor.graph.impl.HitsPerSecondGraphConsumer#stopProducing(): hitsPerSecond produced 0 samples
2026-04-20 13:12:50,151 INFO [StandardJMeterEngine-1] o.a.j.r.p.AbstractSampleConsumer: class org.apache.jmeter.report.processor.graph.impl.LatencyVSRequestGraphConsumer#stopProducing(): latencyVsRequest produced 0 samples
2026-04-20 13:12:50,151 INFO [StandardJMeterEngine-1] o.a.j.r.p.AbstractSampleConsumer: class org.apache.jmeter.report.processor.graph.impl.SyntheticResponseTimeDistributionGraphConsumer#stopProducing(): syntheticResponseTimeDistribution produced 0 samples
2026-04-20 13:12:50,151 INFO [StandardJMeterEngine-1] o.a.j.r.p.AbstractSampleConsumer: class org.apache.jmeter.report.processor.graph.impl.BytesThroughputGraphConsumer#stopProducing(): bytesThroughputOverTime produced 0 samples
2026-04-20 13:12:50,151 INFO [StandardJMeterEngine-1] o.a.j.r.p.AbstractSampleConsumer: class org.apache.jmeter.report.processor.graph.impl.CodesPerSecondGraphConsumer#stopProducing(): codesPerSecond produced 0 samples
2026-04-20 13:12:50,176 INFO [StandardJMeterEngine-1] o.a.j.r.p.AbstractSampleConsumer: class org.apache.jmeter.report.processor.graph.impl.ResponseTimeVSRequestGraphConsumer#stopProducing(): responseTimeVsRequest produced 0 samples
2026-04-20 13:12:50,177 INFO [StandardJMeterEngine-1] o.a.j.r.p.AbstractSampleConsumer: class org.apache.jmeter.report.processor.FilterConsumer#stopProducing(): startIntervalControlerFilter produced 22400 samples
2026-04-20 13:12:50,177 INFO [StandardJMeterEngine-1] o.a.j.r.p.AbstractSampleConsumer: class org.apache.jmeter.report.processor.graph.impl.TotalTPSGraphConsumer#stopProducing(): totalTPS produced 0 samples
2026-04-20 13:12:50,177 INFO [StandardJMeterEngine-1] o.a.j.r.p.AbstractSampleConsumer: class org.apache.jmeter.report.processor.graph.impl.ActiveThreadsGraphConsumer#stopProducing(): activeThreadsOverTime produced 0 samples
2026-04-20 13:12:50,177 INFO [StandardJMeterEngine-1] o.a.j.r.p.AbstractSampleConsumer: class org.apache.jmeter.report.processor.graph.impl.TimeVSThreadGraphConsumer#stopProducing(): timeVsThreads produced 0 samples
2026-04-20 13:12:50,178 INFO [StandardJMeterEngine-1] o.a.j.r.p.AbstractSampleConsumer: class org.apache.jmeter.report.processor.graph.impl.ResponseTimeDistributionGraphConsumer#stopProducing(): responseTimeDistribution produced 0 samples
2026-04-20 13:12:50,178 INFO [StandardJMeterEngine-1] o.a.j.r.p.AbstractSampleConsumer: class org.apache.jmeter.report.processor.graph.impl.TransactionsPerSecondGraphConsumer#stopProducing(): transactionsPerSecond produced 0 samples
2026-04-20 13:12:50,178 INFO [StandardJMeterEngine-1] o.a.j.r.p.AbstractSampleConsumer: class org.apache.jmeter.report.processor.graph.impl.ResponseTimePercentilesGraphConsumer#stopProducing(): responseTimePercentiles produced 0 samples
2026-04-20 13:12:50,182 INFO [StandardJMeterEngine-1] o.a.j.r.p.AbstractSampleConsumer: class org.apache.jmeter.report.processor.graph.impl.ResponseTimePercentilesOverTimeGraphConsumer#stopProducing(): responseTimePercentilesOverTime produced 0 samples
2026-04-20 13:12:50,182 INFO [StandardJMeterEngine-1] o.a.j.r.p.AbstractSampleConsumer: class org.apache.jmeter.report.processor.graph.impl.ResponseTimeOverTimeGraphConsumer#stopProducing(): responseTimesOverTime produced 0 samples
2026-04-20 13:12:50,182 INFO [StandardJMeterEngine-1] o.a.j.r.p.AbstractSampleConsumer: class org.apache.jmeter.report.processor.graph.impl.ConnectTimeOverTimeGraphConsumer#stopProducing(): connectTimeOverTime produced 0 samples
2026-04-20 13:12:50,182 INFO [StandardJMeterEngine-1] o.a.j.r.p.AbstractSampleConsumer: class org.apache.jmeter.report.processor.graph.impl.LatencyOverTimeGraphConsumer#stopProducing(): latenciesOverTime produced 0 samples
2026-04-20 13:12:50,182 INFO [StandardJMeterEngine-1] o.a.j.r.p.AbstractSampleConsumer: class org.apache.jmeter.report.processor.FilterConsumer#stopProducing(): nameFilter produced 48000 samples
2026-04-20 13:12:50,182 INFO [StandardJMeterEngine-1] o.a.j.r.p.AbstractSampleConsumer: class org.apache.jmeter.report.processor.FilterConsumer#stopProducing(): dateRangeFilter produced 9600 samples
2026-04-20 13:12:50,182 INFO [StandardJMeterEngine-1] o.a.j.r.p.AbstractSampleConsumer: class org.apache.jmeter.report.processor.NormalizerSampleConsumer#stopProducing(): normalizer produced 3200 samples
2026-04-20 13:12:50,182 INFO [StandardJMeterEngine-1] o.a.j.r.p.CsvFileSampleSource: produce(): 3200 samples produced in 233ms on channel 0
2026-04-20 13:12:50,182 INFO [StandardJMeterEngine-1] o.a.j.r.d.ReportGenerator: Exporting data using exporter:'json' of className:'org.apache.jmeter.report.dashboard.JsonExporter'
2026-04-20 13:12:50,233 INFO [StandardJMeterEngine-1] o.a.j.r.d.JsonExporter: Found data for consumer statisticsSummary in context
2026-04-20 13:12:50,233 INFO [StandardJMeterEngine-1] o.a.j.r.d.JsonExporter: Creating statistics for overall
2026-04-20 13:12:50,234 INFO [StandardJMeterEngine-1] o.a.j.r.d.JsonExporter: Creating statistics for other transactions
2026-04-20 13:12:50,234 INFO [StandardJMeterEngine-1] o.a.j.r.d.JsonExporter: Checking output folder
2026-04-20 13:12:50,234 INFO [StandardJMeterEngine-1] o.a.j.r.d.JsonExporter: Writing statistics JSON to /home/vlad/diia/projects/perf-testing-methodology/html-report/NestedEntity/statistics.json
2026-04-20 13:12:50,262 INFO [StandardJMeterEngine-1] o.a.j.r.d.ReportGenerator: Exporting data using exporter:'html' of className:'org.apache.jmeter.report.dashboard.HtmlTemplateExporter'
2026-04-20 13:12:50,263 INFO [StandardJMeterEngine-1] o.a.j.r.d.HtmlTemplateExporter: Will generate dashboard in folder: /home/vlad/diia/projects/perf-testing-methodology/html-report/NestedEntity
2026-04-20 13:12:50,337 INFO [StandardJMeterEngine-1] o.a.j.r.d.HtmlTemplateExporter: Report will be generated in: /home/vlad/diia/projects/perf-testing-methodology/html-report/NestedEntity, creating folder structure
2026-04-20 13:12:50,338 INFO [StandardJMeterEngine-1] o.a.j.r.d.TemplateVisitor: Copying folder from '/home/vlad/Installs/apache-jmeter-5.6.3/bin/report-template' to '/home/vlad/diia/projects/perf-testing-methodology/html-report/NestedEntity', got message: /home/vlad/diia/projects/perf-testing-methodology/html-report/NestedEntity, found non empty folder with following content [/home/vlad/diia/projects/perf-testing-methodology/html-report/NestedEntity/statistics.json], will be ignored
2026-04-20 13:12:50,450 INFO [StandardJMeterEngine-1] o.a.j.JMeter: Dashboard generated
